name,width,height,aspectRatio,meanHue,meanSaturation,meanValue,medianHue,medianSaturation,medianValue
image_8240.jpg,1078,720,1.4972222222222222,49.7416280148423,89.91108147804576,213.66558055040198,30.0,102.0,224.0
image_7173.jpg,640,640,1.0,117.1848046875,42.763447265625,194.48915283203124,144.0,27.0,208.0
image_5764.jpg,350,218,1.6055045871559632,24.363944954128442,52.773368283093056,166.8902752293578,23.0,39.0,180.0
image_811.jpg,543,720,0.7541666666666667,69.64205289543688,37.094308880703906,165.8905156537753,31.0,22.0,175.0
image_3473.jpg,300,287,1.0452961672473868,84.93479674796748,116.2638443670151,98.90751451800233,42.0,103.0,76.0
image_5002.jpg,550,412,1.3349514563106797,50.11942188879082,124.42187555163284,141.73612974404236,20.0,141.0,146.0
image_1264.jpg,240,160,1.5,112.91575520833334,64.02869791666667,143.75447916666667,123.0,29.0,153.0
image_9638.jpg,470,403,1.1662531017369726,62.496209281452934,132.44757404572093,185.4119053904229,40.0,142.0,207.0
image_8526.jpg,294,415,0.708433734939759,142.44865174985657,96.7685271699041,174.8819850831899,230.0,80.0,180.0
image_7615.jpg,800,534,1.4981273408239701,82.75953183520599,152.90163155430713,188.74713483146067,67.0,174.0,214.0
image_1270.jpg,570,428,1.3317757009345794,61.60568945728808,79.1257091326447,147.74240039350713,43.0,56.0,147.0
image_3467.jpg,238,250,0.952,72.65025210084033,68.0380168067227,177.01134453781512,20.0,13.0,197.0
image_4308.jpg,400,393,1.0178117048346056,41.085884223918576,95.45006361323155,124.12094783715013,29.0,94.0,134.0
image_5016.jpg,312,311,1.0032154340836013,99.05794995465413,101.56967804435651,163.61031412317587,135.0,102.0,216.0
image_2779.jpg,320,240,1.3333333333333333,19.48712239583333,134.45451822916667,154.52734375,22.0,113.0,158.0
image_5770.jpg,640,480,1.3333333333333333,73.93959635416667,89.58245442708333,145.980927734375,31.0,22.0,171.0
image_805.jpg,80,80,1.0,0.0,0.0,214.609375,0.0,0.0,255.0
image_3301.jpg,700,700,1.0,64.96192040816327,105.29920204081633,140.18602653061225,42.0,75.0,145.0
image_8254.jpg,900,618,1.4563106796116505,35.095996044588276,118.35429701546207,90.36566702624955,34.0,124.0,83.0
image_7167.jpg,315,394,0.799492385786802,111.4765369430344,61.4647409556039,152.16166304085087,113.0,46.0,151.0
image_6279.jpg,225,225,1.0,94.69673086419753,85.50504691358024,139.92975802469135,44.0,81.0,144.0
image_1516.jpg,236,326,0.7239263803680982,61.140337423312886,81.26532442549652,149.1699724446293,77.0,23.0,179.0
image_2037.jpg,194,259,0.749034749034749,96.20367790470883,55.236496437527364,190.2004338653823,24.0,45.0,185.0
image_5758.jpg,1000,693,1.443001443001443,26.009689754689756,118.45021933621933,164.0804227994228,15.0,134.0,166.0
image_4446.jpg,750,477,1.5723270440251573,149.08056184486372,153.6264682040531,209.02548427672957,149.0,145.0,227.0
image_3329.jpg,960,559,1.7173524150268336,71.27039915026833,157.43352899522958,182.64634019081694,24.0,187.0,210.0
image_5980.jpg,612,408,1.5,20.82042163270537,112.02125384467513,155.78513071895424,11.0,99.0,170.0
image_6251.jpg,768,432,1.7777777777777777,96.65653633777006,121.11782347125772,137.88808111496914,41.0,114.0,137.0
image_9162.jpg,400,317,1.2618296529968454,95.15055205047318,85.07276025236592,149.89359621451104,60.0,49.0,141.0
image_1258.jpg,220,220,1.0,116.46309917355372,61.482438016528924,220.30692148760332,116.0,52.0,234.0
image_9604.jpg,300,400,0.75,59.51510833333333,64.21881666666667,144.80073333333334,34.0,51.0,138.0
image_7629.jpg,300,188,1.5957446808510638,79.05906028368794,79.5554609929078,140.9304609929078,70.0,78.0,133.0
image_2989.jpg,600,400,1.5,42.6922125,103.63029583333334,146.98708333333335,14.0,91.0,148.0
image_4320.jpg,479,720,0.6652777777777777,88.36779459522153,69.92391556483415,191.3416028763628,23.0,52.0,206.0
image_193.jpg,1080,720,1.5,122.2585005144033,56.96507201646091,111.54815200617284,104.0,39.0,124.0
image_2751.jpg,400,400,1.0,128.5408,86.303475,233.70329375,136.0,58.0,240.0
image_4334.jpg,400,497,0.8048289738430584,22.86943661971831,23.75443661971831,219.11383299798794,15.0,12.0,219.0
image_187.jpg,450,300,1.5,42.544185185185185,136.1235925925926,179.50094074074073,25.0,133.0,202.0
image_6523.jpg,840,450,1.8666666666666667,28.858497354497356,106.48848412698413,149.48496031746032,10.0,90.0,152.0
image_9610.jpg,280,235,1.1914893617021276,45.018951367781156,99.62267477203648,204.6969452887538,16.0,108.0,217.0
image_2023.jpg,474,271,1.7490774907749078,81.88739159543495,29.73708097840472,233.66572469522163,36.0,6.0,253.0
image_4452.jpg,450,450,1.0,113.16180740740741,123.71668148148149,126.78834074074074,100.0,119.0,136.0
image_5994.jpg,700,700,1.0,43.9257693877551,75.06488979591836,201.2551163265306,25.0,59.0,207.0
image_8283.jpg,700,394,1.7766497461928934,50.46060188542422,48.272295141406815,76.92894488759971,23.0,34.0,77.0
image_2976.jpg,236,314,0.7515923566878981,47.69634567634676,86.59496113570118,127.99758447587175,28.0,83.0,121.0
image_178.jpg,350,350,1.0,44.87374693877551,76.57949387755102,147.0897306122449,28.0,82.0,128.0
image_2962.jpg,450,338,1.331360946745562,54.2870808678501,104.09358974358975,107.36246548323471,51.0,105.0,83.0
image_9837.jpg,396,594,0.6666666666666666,134.4555402509948,68.82945192667415,84.53977060163929,148.0,72.0,61.0
image_9189.jpg,236,330,0.7151515151515152,25.5776322547509,95.52999486389317,175.16615305598356,21.0,101.0,173.0
image_8297.jpg,1080,720,1.5,71.79411265432098,29.595902777777777,166.08715534979424,26.0,24.0,169.0
image_4485.jpg,300,300,1.0,42.67628888888889,91.80198888888889,171.69456666666667,16.0,79.0,207.0
image_636.jpg,300,200,1.5,56.89855,55.37015,175.73975,16.0,58.0,214.0
image_2792.jpg,424,600,0.7066666666666667,93.97221698113208,46.38099056603774,158.20669811320755,127.0,39.0,163.0
image_7832.jpg,500,302,1.6556291390728477,143.6352119205298,150.43780794701988,114.02005960264901,148.0,171.0,114.0
image_7826.jpg,480,720,0.6666666666666666,31.833174189814816,43.44348958333333,187.75203125,23.0,23.0,210.0
image_2786.jpg,696,464,1.5,83.29982287950853,143.9926519768133,143.94178866924295,30.0,159.0,194.0
image_3498.jpg,236,314,0.7515923566878981,123.94216236640398,53.93704793263522,170.45880114433768,145.0,16.0,178.0
image_622.jpg,170,135,1.2592592592592593,28.74483660130719,122.16749455337691,180.84505446623095,21.0,121.0,184.0
image_6286.jpg,440,264,1.6666666666666667,87.19074552341598,141.2978305785124,175.28684573002755,85.0,131.0,205.0
image_7198.jpg,450,300,1.5,18.078392592592593,73.73827407407407,221.7413185185185,13.0,87.0,238.0
image_7417.jpg,450,300,1.5,38.38136296296296,73.17861481481482,175.8936888888889,34.0,60.0,182.0
image_8724.jpg,600,450,1.3333333333333333,24.30027037037037,39.89844074074074,227.97676296296297,8.0,7.0,253.0
image_6709.jpg,500,375,1.3333333333333333,90.56437866666667,116.276,157.63874666666666,65.0,129.0,180.0
image_1066.jpg,1081,720,1.5013888888888889,71.33632053654024,89.60097389248638,170.67713279884882,51.0,87.0,191.0
image_5200.jpg,474,355,1.3352112676056338,83.97175372912581,76.55313484281214,114.37749450288227,31.0,76.0,116.0
image_3671.jpg,338,450,0.7511111111111111,73.89233399079554,130.7124983563445,129.31678500986195,60.0,124.0,123.0
image_3117.jpg,500,400,1.25,104.002045,120.300675,187.445625,136.0,119.0,253.0
image_4678.jpg,800,572,1.3986013986013985,67.0185402097902,35.29682036713287,153.2714619755245,49.0,16.0,170.0
image_5566.jpg,750,460,1.6304347826086956,146.56489275362318,54.945417391304346,123.50078260869566,158.0,46.0,121.0
image_2209.jpg,236,236,1.0,92.35916403332375,68.2979029014651,239.78700445274347,19.0,52.0,246.0
image_1700.jpg,288,175,1.6457142857142857,143.36392857142857,63.769126984126984,85.31242063492064,157.0,58.0,43.0
image_7371.jpg,700,420,1.6666666666666667,79.3582380952381,72.95840136054422,157.3888605442177,26.0,71.0,174.0
image_8042.jpg,236,356,0.6629213483146067,152.51786564463913,50.08650733193677,210.08281755856027,155.0,10.0,222.0
image_15.jpg,450,500,0.9,94.18754222222222,64.97469333333333,182.39243555555555,4.0,71.0,167.0
image_1714.jpg,600,600,1.0,33.61676388888889,34.45957222222222,178.62011666666666,21.0,26.0,177.0
image_9348.jpg,300,200,1.5,151.03598333333332,121.99891666666667,84.09808333333334,152.0,107.0,76.0
image_7365.jpg,568,426,1.3333333333333333,114.09736411426304,44.265807875421544,140.86298601467962,150.0,30.0,140.0
image_8056.jpg,474,316,1.5,88.47552475564814,60.19715723975859,104.11671473588635,28.0,54.0,95.0
image_3103.jpg,500,334,1.4970059880239521,80.84752095808383,57.1761497005988,172.7173233532934,26.0,50.0,189.0
image_3665.jpg,433,379,1.1424802110817942,36.62643884782489,75.03678088076681,133.21434186232153,23.0,59.0,146.0
image_7403.jpg,640,426,1.5023474178403755,63.889906103286386,133.6531103286385,129.861660064554,13.0,139.0,129.0
image_8730.jpg,300,375,0.8,63.87580444444445,14.063733333333333,133.58953777777776,28.0,11.0,137.0
image_1072.jpg,400,300,1.3333333333333333,144.55408333333332,121.44589166666667,153.11815,154.0,130.0,158.0
image_2553.jpg,236,418,0.5645933014354066,165.54696496634497,137.6840888816803,163.88087949071445,155.0,143.0,149.0
image_391.jpg,600,452,1.3274336283185841,71.97438421828909,111.55637536873157,171.9826290560472,19.0,79.0,184.0
image_3895.jpg,121,155,0.7806451612903226,133.61695547853907,137.03225806451613,183.10637163423087,116.0,130.0,185.0
image_4122.jpg,550,309,1.779935275080906,35.87056781406296,140.77329214474847,130.0201529861724,15.0,172.0,122.0
image_8718.jpg,200,133,1.5037593984962405,127.54466165413534,89.27187969924812,111.43725563909774,149.0,78.0,102.0
image_9406.jpg,236,157,1.5031847133757963,46.82165605095541,191.93004426211812,69.3563640289323,14.0,193.0,46.0
image_4644.jpg,480,330,1.4545454545454546,30.274406565656566,24.63221590909091,208.59632575757576,0.0,0.0,255.0
image_2235.jpg,360,240,1.5,69.8078587962963,73.79982638888889,172.0463773148148,57.0,64.0,180.0
image_4650.jpg,768,512,1.5,77.25976816813152,117.6102523803711,114.5104751586914,40.0,107.0,96.0
image_4888.jpg,215,225,0.9555555555555556,94.6144496124031,136.20349354005168,156.45808785529715,18.0,153.0,163.0
image_2221.jpg,640,360,1.7777777777777777,91.14733072916667,52.375737847222226,174.0430078125,51.0,20.0,187.0
image_1728.jpg,480,720,0.6666666666666666,42.093532986111114,52.750546875,172.27580439814815,25.0,39.0,185.0
image_9374.jpg,450,338,1.331360946745562,119.33031558185404,89.40351084812623,135.38057199211045,136.0,98.0,132.0
image_7359.jpg,960,720,1.3333333333333333,70.80486111111111,145.00126302083333,141.947421875,18.0,147.0,147.0
image_9412.jpg,260,195,1.3333333333333333,101.74483234714003,48.40664694280079,147.82485207100592,49.0,22.0,153.0
image_6721.jpg,690,425,1.6235294117647059,155.37082352941175,147.02749190110828,87.08238022165388,164.0,180.0,86.0
image_5228.jpg,589,600,0.9816666666666667,34.763814374646294,81.27728353140917,121.37265421618562,34.0,81.0,121.0
image_385.jpg,300,200,1.5,188.92395,77.5257,60.32715,244.0,29.0,35.0
image_3881.jpg,300,223,1.345291479820628,53.65273542600897,19.252301943198805,151.84668161434976,42.0,7.0,179.0
image_4136.jpg,400,284,1.408450704225352,46.93738556338028,81.49659330985915,184.8530633802817,25.0,73.0,216.0
image_6912.jpg,250,250,1.0,79.423328,92.04976,203.728944,17.0,53.0,218.0
image_8081.jpg,600,400,1.5,56.7780875,123.52780416666667,105.45172916666667,55.0,118.0,98.0
image_408.jpg,250,160,1.5625,50.88245,65.44485,147.216375,28.0,61.0,156.0
image_4863.jpg,512,689,0.7431059506531205,24.338607810232222,121.84644582275037,150.718809529209,22.0,117.0,149.0
image_4877.jpg,160,160,1.0,43.438203125,64.8065234375,232.424921875,34.0,31.0,248.0
image_8095.jpg,660,373,1.769436997319035,72.46329921195873,106.75230319278576,76.41963197660249,31.0,85.0,66.0
image_6906.jpg,525,525,1.0,72.80292426303855,98.13728072562358,134.69426213151928,46.0,86.0,145.0
image_1099.jpg,80,80,1.0,0.0,0.0,214.609375,0.0,0.0,255.0
image_8903.jpg,415,332,1.25,72.15518217448106,96.5725939904195,198.0444258963565,46.0,80.0,205.0
image_2590.jpg,700,500,1.4,46.517657142857146,131.51998,130.0340857142857,22.0,138.0,126.0
image_352.jpg,800,600,1.3333333333333333,154.40116041666667,45.72400625,144.16958333333332,145.0,30.0,146.0
image_5599.jpg,474,356,1.3314606741573034,93.45989190726782,119.69309723604988,88.4184148769734,73.0,114.0,69.0
image_434.jpg,276,182,1.5164835164835164,80.85419652810957,149.56045946806816,154.135889472846,45.0,152.0,160.0
image_4687.jpg,1080,720,1.5,110.0651736111111,49.8448058127572,166.01966563786007,136.0,16.0,182.0
image_1927.jpg,300,240,1.25,38.52556944444444,123.78473611111112,194.13655555555556,23.0,115.0,210.0
image_1933.jpg,340,270,1.2592592592592593,191.1859477124183,55.91309368191721,191.44935729847495,173.0,38.0,198.0
image_6084.jpg,450,300,1.5,61.0842,87.89717777777778,59.06448148148148,23.0,85.0,48.0
image_420.jpg,1081,720,1.5013888888888889,29.92515289341145,126.80001156336725,164.96699044094973,19.0,110.0,189.0
image_2584.jpg,480,720,0.6666666666666666,43.44965856481482,114.1304224537037,136.28184895833334,29.0,110.0,151.0
image_346.jpg,672,440,1.5272727272727273,62.3165854978355,78.17362012987013,138.7002840909091,19.0,55.0,138.0
image_3842.jpg,425,600,0.7083333333333334,48.375298039215686,102.02676078431372,157.16942745098038,20.0,77.0,188.0
image_8917.jpg,474,474,1.0,37.788531040253524,157.9822588972565,179.9691110755043,21.0,163.0,202.0
image_1112.jpg,240,240,1.0,15.371006944444444,15.72673611111111,231.69369791666668,0.0,0.0,253.0
image_7563.jpg,600,406,1.477832512315271,45.71585796387521,107.12033251231527,213.65275451559936,46.0,99.0,224.0
image_8650.jpg,960,720,1.3333333333333333,61.02923032407407,48.498166956018515,159.2933304398148,28.0,12.0,192.0
image_3705.jpg,700,467,1.4989293361884368,100.2358091159376,79.18183848271643,196.73730192719486,93.0,35.0,212.0
image_5374.jpg,319,400,0.7975,31.11156739811912,54.86670846394984,187.72247648902822,25.0,55.0,187.0
image_5412.jpg,690,427,1.6159250585480094,100.12140990394732,37.29787190713777,85.61644095984795,70.0,34.0,67.0
image_3063.jpg,540,720,0.75,98.88349537037037,79.19934670781893,127.36366512345678,77.0,57.0,118.0
image_7205.jpg,736,552,1.3333333333333333,57.21230604127284,78.36259944076875,148.27455251654064,21.0,74.0,160.0
image_8136.jpg,400,600,0.6666666666666666,51.152320833333334,48.59010833333333,178.7489,31.0,37.0,197.0
image_9228.jpg,450,300,1.5,132.10670370370372,51.45146666666667,162.7534962962963,159.0,40.0,162.0
image_1674.jpg,720,720,1.0,104.25602816358025,45.08144290123457,247.5509297839506,0.0,0.0,255.0
image_7211.jpg,301,450,0.6688888888888889,63.49395348837209,121.04239940937616,132.44389811738648,53.0,115.0,136.0
image_8122.jpg,960,720,1.3333333333333333,81.43850260416667,46.69943431712963,136.47196325231482,42.0,31.0,134.0
image_1660.jpg,299,450,0.6644444444444444,68.21725752508361,87.10971386101821,194.7846525455221,26.0,62.0,216.0
image_2369.jpg,960,720,1.3333333333333333,51.78654513888889,37.05941840277778,71.41216001157407,31.0,23.0,44.0
image_5406.jpg,680,510,1.3333333333333333,33.8763985005767,140.65751730103807,110.3360092272203,29.0,141.0,94.0
image_4718.jpg,640,427,1.4988290398126465,115.09726288056206,183.44009440866512,183.40649516978922,142.0,205.0,193.0
image_3077.jpg,220,220,1.0,36.36495867768595,12.90396694214876,216.1913223140496,0.0,0.0,255.0
image_3711.jpg,634,428,1.4813084112149533,84.22323402812583,75.88280535982783,83.02561617382588,20.0,52.0,47.0
image_5360.jpg,938,720,1.3027777777777778,75.96803038379531,99.66008647239991,64.35428216062544,85.0,89.0,31.0
image_1106.jpg,640,720,0.8888888888888888,57.94135850694445,86.61946180555556,179.55306857638888,41.0,59.0,206.0
image_7577.jpg,252,300,0.84,29.487050264550266,101.41634920634921,136.4514021164021,21.0,94.0,138.0
image_8644.jpg,1024,682,1.501466275659824,75.9218635447214,110.45992943548387,128.94053994455646,60.0,111.0,131.0
image_4056.jpg,480,380,1.263157894736842,16.52892543859649,19.5424725877193,190.11458333333334,0.0,0.0,254.0
image_9572.jpg,372,472,0.788135593220339,45.19756925460179,135.0252870420995,102.3533066794241,18.0,136.0,90.0
image_6641.jpg,236,236,1.0,97.3007576845734,103.70053504740017,148.47840060327493,23.0,115.0,169.0
image_6899.jpg,500,500,1.0,80.097132,101.540464,153.88592,35.0,85.0,166.0
image_7239.jpg,600,350,1.7142857142857142,94.54353333333333,64.86448095238096,144.59927142857143,78.0,49.0,140.0
image_9214.jpg,450,299,1.5050167224080269,65.97133407655147,79.71846897064289,175.72951319212189,15.0,67.0,198.0
image_6127.jpg,850,566,1.5017667844522968,146.41925795053004,22.50858449386822,149.94323841197257,157.0,12.0,163.0
image_1648.jpg,1080,720,1.5,65.48266589506173,72.22690972222222,131.87887345679013,36.0,56.0,127.0
image_4730.jpg,300,447,0.6711409395973155,156.848322147651,116.2547576435496,153.7820730797912,173.0,124.0,148.0
image_2355.jpg,900,380,2.3684210526315788,66.02109356725146,98.47498830409357,131.6516081871345,49.0,99.0,144.0
image_597.jpg,600,400,1.5,78.7781875,62.01754583333334,171.61649166666666,34.0,29.0,198.0
image_1884.jpg,474,317,1.4952681388012619,127.18948741497957,90.12251593925116,134.60253696974536,137.0,109.0,109.0
image_9200.jpg,1076,720,1.4944444444444445,57.050322697232545,70.30667596034696,132.32904016935152,42.0,23.0,171.0
image_6133.jpg,200,300,0.6666666666666666,123.57568333333333,49.99595,209.14938333333333,134.0,15.0,244.0
image_9566.jpg,238,250,0.952,20.671882352941175,59.30005042016807,226.84589915966387,18.0,54.0,234.0
image_6655.jpg,290,405,0.7160493827160493,57.18379736057897,9.940408684546616,197.98709237973605,51.0,6.0,197.0
image_8678.jpg,400,299,1.3377926421404682,48.99252508361204,53.593670568561876,112.50716555183946,34.0,32.0,121.0
image_4042.jpg,480,720,0.6666666666666666,23.29871238425926,76.94034143518519,204.55933449074075,21.0,71.0,217.0
image_2433.jpg,236,168,1.4047619047619047,92.16883575464084,49.556194511702984,80.79898103309121,89.0,51.0,51.0
image_6866.jpg,450,450,1.0,63.95967407407407,57.34525925925926,168.91247407407408,19.0,34.0,187.0
image_568.jpg,238,250,0.952,12.609815126050421,107.75663865546218,245.44926050420167,1.0,93.0,255.0
image_8687.jpg,175,175,1.0,90.96143673469388,127.66582857142858,133.6102857142857,18.0,132.0,109.0
image_6872.jpg,480,720,0.6666666666666666,57.42875578703703,32.79474247685185,149.65748842592592,45.0,27.0,169.0
image_9599.jpg,452,720,0.6277777777777778,41.05733468534907,44.693215339233035,200.11593227630286,24.0,36.0,231.0
image_8877.jpg,640,454,1.4096916299559472,47.32152739537445,44.58393102973568,116.89506814427313,23.0,41.0,124.0
image_226.jpg,354,255,1.388235294117647,84.54226210258115,61.02369557992689,104.61705993131716,67.0,47.0,89.0
image_4095.jpg,236,336,0.7023809523809523,31.4588251614205,25.98378228410008,218.2071605125101,31.0,25.0,233.0
image_540.jpg,800,450,1.7777777777777777,27.661769444444445,107.17280555555556,97.08783888888888,15.0,99.0,88.0
image_1853.jpg,340,270,1.2592592592592593,70.38108932461874,53.07160130718954,170.47797385620916,28.0,29.0,180.0
image_1847.jpg,450,300,1.5,19.23782222222222,125.99618518518518,154.50766666666667,17.0,116.0,158.0
image_3088.jpg,691,720,0.9597222222222223,60.93721458433832,75.58383984563434,160.76959117221418,21.0,61.0,160.0
image_2396.jpg,480,480,1.0,57.4475,46.47190104166667,225.07350694444443,16.0,12.0,232.0
image_554.jpg,480,324,1.4814814814814814,62.35441100823045,29.16422968106996,209.2509837962963,18.0,4.0,254.0
image_232.jpg,192,108,1.7777777777777777,109.63223379629629,75.11892361111111,100.16039737654322,136.0,60.0,105.0
image_3936.jpg,800,549,1.4571948998178506,130.67364981785065,83.36400956284153,131.46420081967213,160.0,82.0,112.0
image_4081.jpg,500,331,1.5105740181268883,86.08693051359516,66.10957703927492,67.8414501510574,28.0,37.0,40.0
image_7588.jpg,720,720,1.0,38.52786072530864,32.8454475308642,197.19911072530863,23.0,17.0,220.0
image_8863.jpg,1000,598,1.6722408026755853,95.07929096989966,100.38515217391304,150.344991638796,119.0,78.0,152.0
image_6696.jpg,500,486,1.02880658436214,28.44360905349794,131.5316502057613,126.90316049382716,21.0,134.0,121.0
image_1476.jpg,1024,685,1.494890510948905,46.26612539917883,58.84836051551095,188.18147667655109,24.0,28.0,192.0
image_6319.jpg,940,480,1.9583333333333333,67.00503102836879,41.69792109929078,170.4480585106383,30.0,34.0,175.0
image_8334.jpg,500,333,1.5015015015015014,96.63515315315315,23.691747747747748,167.70467267267267,134.0,16.0,183.0
image_7007.jpg,600,600,1.0,113.9216,35.52957222222222,213.5369611111111,132.0,22.0,227.0
image_965.jpg,347,346,1.0028901734104045,42.73979277373357,17.37051689960187,245.83979943695758,0.0,0.0,254.0
image_3261.jpg,900,650,1.3846153846153846,59.30563076923077,79.26204615384616,104.90766495726496,45.0,67.0,97.0
image_2619.jpg,233,233,1.0,58.54220928733261,72.3644016283225,136.29665309731254,31.0,65.0,146.0
image_5176.jpg,474,316,1.5,69.12187550072103,109.81976045505527,138.86485205362388,39.0,97.0,125.0
image_3507.jpg,380,519,0.7321772639691715,40.9323750126762,47.69970591217929,194.788033667985,22.0,23.0,240.0
image_9994.jpg,235,338,0.6952662721893491,37.69534181039909,123.18252549414579,145.7232154097948,21.0,113.0,151.0
image_7761.jpg,80,80,1.0,0.0,0.0,214.609375,0.0,0.0,255.0
image_1310.jpg,600,400,1.5,128.40544583333335,131.38410416666667,106.45412916666666,177.0,106.0,108.0
image_9980.jpg,1080,720,1.5,57.20675925925926,60.90416152263374,99.09822145061729,24.0,48.0,89.0
image_8446.jpg,831,720,1.1541666666666666,58.050036769621606,59.36797700227303,144.85443408209653,27.0,37.0,149.0
image_7775.jpg,450,297,1.5151515151515151,121.42041900486345,91.03453049008604,134.34882154882155,149.0,91.0,131.0
image_9758.jpg,670,377,1.7771883289124668,137.17684785620966,62.12323132348866,224.07762381725325,161.0,43.0,231.0
image_1304.jpg,300,300,1.0,158.7323111111111,80.95665555555556,186.73363333333333,155.0,70.0,179.0
image_5162.jpg,403,302,1.3344370860927153,123.0044780043712,101.38330074113027,133.39302088639838,160.0,92.0,107.0
image_3513.jpg,540,720,0.75,88.65002829218108,68.82558127572017,155.0589609053498,31.0,54.0,187.0
image_3275.jpg,320,245,1.3061224489795917,63.25391581632653,116.12860969387755,66.78923469387755,19.0,108.0,51.0
image_5604.jpg,120,120,1.0,62.33090277777778,22.461805555555557,165.65701388888888,34.0,7.0,175.0
image_1462.jpg,325,325,1.0,67.25674792899409,105.54301538461539,146.62607337278106,86.0,102.0,142.0
image_8320.jpg,340,450,0.7555555555555555,68.0367385620915,36.52293464052288,238.44427450980393,24.0,5.0,255.0
image_7013.jpg,354,236,1.5,104.28222254141531,85.30688020683712,197.28291678636407,49.0,68.0,211.0
image_959.jpg,700,467,1.4989293361884368,51.16591924135821,49.90334047109208,202.71370755582748,14.0,19.0,222.0
image_781.jpg,1080,720,1.5,96.61825745884774,78.50351851851852,143.8509079218107,139.0,66.0,155.0
image_2143.jpg,514,720,0.7138888888888889,46.02162235192391,39.867620514483356,186.98809987029833,33.0,33.0,195.0
image_6325.jpg,720,720,1.0,47.98537229938272,114.37179591049383,166.53654899691358,24.0,109.0,185.0
image_9016.jpg,220,220,1.0,46.976280991735536,65.00078512396695,174.3507644628099,19.0,25.0,197.0
image_8308.jpg,1000,700,1.4285714285714286,111.27452571428572,51.845647142857146,166.67343857142856,147.0,35.0,172.0
image_6443.jpg,600,400,1.5,140.25933333333333,28.068595833333333,206.89287916666666,162.0,19.0,223.0
image_9770.jpg,525,564,0.9308510638297872,107.56791624451199,70.26540695710908,129.11865923674435,86.0,51.0,118.0
image_7985.jpg,533,333,1.6006006006006006,90.90877744536282,74.4326014569917,133.45601135845038,68.0,47.0,141.0
image_2625.jpg,240,160,1.5,30.556223958333334,47.79046875,235.835078125,0.0,0.0,255.0
image_4254.jpg,390,220,1.7727272727272727,97.23073426573427,75.26990675990676,157.97305361305362,28.0,74.0,184.0
image_2631.jpg,500,333,1.5015015015015014,111.05154354354354,139.21854654654655,108.44113513513514,106.0,135.0,90.0
image_7749.jpg,300,225,1.3333333333333333,111.49383703703704,35.48472592592593,201.54084444444445,144.0,21.0,210.0
image_6457.jpg,350,350,1.0,144.29138775510205,112.92414693877551,212.45179591836734,180.0,116.0,230.0
image_9764.jpg,242,360,0.6722222222222223,1.025941230486685,0.026216712580348946,139.0239898989899,0.0,0.0,140.0
image_7991.jpg,300,300,1.0,71.14023333333333,63.539855555555555,114.04494444444444,36.0,48.0,102.0
image_1338.jpg,320,213,1.5023474178403755,110.10787852112676,46.23355340375587,189.4324970657277,146.0,39.0,206.0
image_6331.jpg,300,231,1.2987012987012987,116.02795093795093,47.16165945165945,75.3185137085137,136.0,46.0,26.0
image_9002.jpg,900,688,1.308139534883721,83.35851098191215,68.81828972868217,106.74473675710594,51.0,43.0,104.0
image_3249.jpg,474,474,1.0,107.81538304046717,106.3230029019566,132.93181737257206,77.0,100.0,130.0
image_4526.jpg,500,375,1.3333333333333333,116.52748266666667,25.547637333333334,118.729696,156.0,21.0,108.0
image_5638.jpg,236,314,0.7515923566878981,14.15112544532009,29.87463564719853,142.27918870776207,11.0,24.0,132.0
image_2157.jpg,236,349,0.6762177650429799,60.699868874751104,37.21596814142101,155.21584672915353,30.0,28.0,165.0
image_9957.jpg,500,258,1.937984496124031,98.49072868217054,108.24520155038759,143.316992248062,102.0,110.0,132.0
image_8491.jpg,320,317,1.0094637223974763,54.06994282334385,48.39306979495268,152.9470425867508,19.0,27.0,164.0
image_2802.jpg,170,113,1.5044247787610618,83.9883914627798,86.37235814679855,200.18381051535658,42.0,54.0,220.0
image_2816.jpg,629,720,0.8736111111111111,41.04728184066419,91.79602764529236,84.4758346581876,34.0,85.0,67.0
image_9943.jpg,220,220,1.0,95.57336776859505,94.69702479338844,175.23373966942148,124.0,67.0,214.0
image_8485.jpg,100,100,1.0,92.1669,75.1998,129.446,47.0,58.0,135.0
image_1489.jpg,720,720,1.0,74.85714699074074,121.75631558641976,91.9866087962963,62.0,123.0,78.0
image_2180.jpg,400,400,1.0,87.61486875,44.74915625,248.4737,31.0,2.0,254.0
image_5837.jpg,847,720,1.176388888888889,74.28862816476453,154.62827134986225,139.81145382395383,20.0,172.0,144.0
image_6480.jpg,236,236,1.0,136.97428899741453,59.114801781097384,135.9439816144786,170.0,39.0,138.0
image_7946.jpg,225,225,1.0,79.39782716049383,92.57145679012346,180.9474765432099,39.0,92.0,195.0
image_6494.jpg,1152,720,1.6,147.46982421875,81.98090518904321,147.42077546296295,148.0,72.0,159.0
image_4283.jpg,500,333,1.5015015015015014,46.964036036036035,127.03936936936937,132.76735735735735,42.0,116.0,134.0
image_756.jpg,300,450,0.6666666666666666,13.140614814814814,139.71156296296297,124.86221481481482,12.0,136.0,127.0
image_2194.jpg,450,304,1.480263157894737,19.80918128654971,195.05894005847952,121.99091374269005,19.0,205.0,119.0
image_5823.jpg,280,398,0.7035175879396985,85.94223797559225,141.96309224694903,124.87883165829146,145.0,142.0,129.0
image_4282.jpg,665,382,1.7408376963350785,123.87186159115065,92.82380821162855,180.26047317245994,144.0,104.0,170.0
image_7953.jpg,480,720,0.6666666666666666,58.227109375,64.24041956018519,181.61817418981482,29.0,39.0,181.0
image_6495.jpg,300,300,1.0,94.21272222222223,37.049733333333336,185.24503333333334,77.0,8.0,193.0
image_2195.jpg,236,354,0.6666666666666666,76.32973044144403,48.447189504931536,218.9580939385234,30.0,40.0,231.0
image_757.jpg,576,720,0.8,61.51742139274691,66.77396074459877,221.6013671875,18.0,34.0,239.0
image_5836.jpg,1170,650,1.8,70.6157422748192,27.48001446416831,136.6909506903353,25.0,22.0,146.0
image_2181.jpg,1080,720,1.5,90.87502443415637,104.15263631687243,148.58317644032923,34.0,112.0,160.0
image_743.jpg,510,340,1.5,28.999792387543252,150.7961418685121,169.73585351787773,16.0,190.0,184.0
image_5188.jpg,150,225,0.6666666666666666,58.37484444444444,89.72874074074075,175.8766222222222,24.0,73.0,180.0
image_4296.jpg,405,720,0.5625,112.63701646090534,64.2591975308642,199.04962277091906,146.0,31.0,221.0
image_8484.jpg,200,200,1.0,72.115825,60.243825,105.94535,53.0,40.0,99.0
image_2803.jpg,450,600,0.75,119.68724814814814,87.13001481481481,165.03797407407407,90.0,78.0,173.0
image_8490.jpg,340,270,1.2592592592592593,45.74883442265795,33.152799564270154,212.70384531590415,24.0,18.0,251.0
image_9956.jpg,420,420,1.0,103.2493820861678,125.90289115646259,150.0093990929705,143.0,133.0,146.0
image_1339.jpg,253,253,1.0,90.05572653845553,42.10128263212986,154.9657079473199,70.0,30.0,161.0
image_7990.jpg,500,333,1.5015015015015014,116.68356756756756,57.88294894894895,156.87818018018018,143.0,44.0,159.0
image_9765.jpg,468,311,1.504823151125402,140.97862560804683,43.505297221535166,176.04418473630693,152.0,38.0,191.0
image_7748.jpg,960,720,1.3333333333333333,94.23881221064815,41.355127314814816,178.26292100694445,122.0,32.0,198.0
image_4241.jpg,80,80,1.0,0.0,0.0,214.609375,0.0,0.0,255.0
image_2156.jpg,236,280,0.8428571428571429,39.50597760290557,123.73424636803874,135.48908898305083,22.0,131.0,132.0
image_5639.jpg,107,160,0.66875,128.22126168224298,107.39538551401868,172.1572429906542,155.0,130.0,176.0
image_794.jpg,240,240,1.0,64.73807291666667,107.39963541666667,144.23097222222222,44.0,103.0,155.0
image_4527.jpg,1080,720,1.5,84.43564429012346,101.16286265432099,167.65891718106997,34.0,80.0,182.0
image_3248.jpg,238,238,1.0,106.40179012781583,72.45657086363957,57.86272155921192,119.0,60.0,38.0
image_9003.jpg,960,720,1.3333333333333333,152.19178385416666,44.65574074074074,121.51590277777778,158.0,35.0,115.0
image_8309.jpg,700,501,1.3972055888223553,86.2956002281152,146.20294553749645,107.32537211291702,63.0,157.0,104.0
image_6324.jpg,240,160,1.5,38.60231770833333,49.175494791666665,201.81151041666666,28.0,11.0,206.0
image_2142.jpg,237,250,0.948,75.15974683544304,43.79124050632912,223.21859915611813,0.0,0.0,254.0
image_780.jpg,236,354,0.6666666666666666,96.6334506367902,34.96412668773341,180.28322799961697,90.0,17.0,206.0
image_958.jpg,600,400,1.5,50.35646666666667,69.790025,176.1783375,18.0,56.0,192.0
image_4255.jpg,236,218,1.0825688073394495,107.04074016482662,29.001691027833928,206.53675555901103,146.0,22.0,219.0
image_2624.jpg,640,359,1.7827298050139275,72.464606545961,91.32170090529247,124.60888318245125,28.0,85.0,126.0
image_7984.jpg,403,508,0.7933070866141733,34.85212285809187,45.63391199859323,162.01343760379828,18.0,39.0,164.0
image_6442.jpg,394,700,0.5628571428571428,30.06738578680203,43.25433284989123,135.81299129804205,26.0,34.0,130.0
image_5163.jpg,800,516,1.550387596899225,83.15774951550388,131.22293362403101,143.405746124031,50.0,125.0,169.0
image_1305.jpg,480,720,0.6666666666666666,40.37722800925926,57.49401909722222,128.24154224537037,21.0,49.0,124.0
image_9759.jpg,500,333,1.5015015015015014,64.22679279279279,101.88948948948949,131.29823423423423,55.0,100.0,135.0
image_7774.jpg,640,427,1.4988290398126465,75.80357142857143,38.789940720140514,142.1414117388759,59.0,22.0,156.0
image_9981.jpg,900,600,1.5,38.35823518518519,122.12469074074075,77.69556296296297,23.0,118.0,62.0
image_7012.jpg,1083,720,1.5041666666666667,87.48739355699189,84.93303324099723,137.7808594952293,65.0,76.0,129.0
image_8321.jpg,236,236,1.0,91.27535191037059,70.26168845159437,203.8820202528009,11.0,49.0,217.0
image_1463.jpg,275,183,1.5027322404371584,67.30026825633384,96.2391654247392,160.215956284153,20.0,86.0,161.0
image_5605.jpg,484,255,1.8980392156862744,55.76558094312105,63.40773780586615,182.663895640901,23.0,15.0,225.0
image_3274.jpg,500,308,1.6233766233766234,61.00011688311688,113.79905194805195,111.86612987012987,29.0,103.0,87.0
image_970.jpg,400,267,1.4981273408239701,91.05367041198502,110.107734082397,148.01519662921348,70.0,94.0,153.0
image_5611.jpg,468,247,1.894736842105263,129.84015882902523,48.545797432437105,105.36739160524586,135.0,51.0,101.0
image_3260.jpg,750,530,1.4150943396226414,74.56090566037736,69.10382389937106,107.28577358490566,54.0,33.0,119.0
image_8335.jpg,600,450,1.3333333333333333,179.25234814814814,67.73162592592593,203.3528962962963,225.0,57.0,213.0
image_6318.jpg,440,264,1.6666666666666667,80.2760847107438,57.29366391184573,142.39657369146005,42.0,36.0,131.0
image_1477.jpg,450,299,1.5050167224080269,19.240022296544037,66.87218134522482,235.34272017837236,12.0,6.0,252.0
image_1311.jpg,600,450,1.3333333333333333,66.96219259259259,49.32167777777778,122.73315555555556,45.0,48.0,129.0
image_7760.jpg,1000,667,1.4992503748125936,113.32961169415293,71.5993868065967,146.2329865067466,133.0,46.0,161.0
image_8453.jpg,450,343,1.3119533527696794,176.6450664075154,23.155840621963073,223.94955620343376,178.0,8.0,233.0
image_9995.jpg,210,263,0.7984790874524715,39.58868368640232,31.59594423320659,157.53950751403224,37.0,25.0,179.0
image_3506.jpg,500,375,1.3333333333333333,71.293008,18.464752,224.530048,0.0,0.0,254.0
image_5177.jpg,525,328,1.600609756097561,115.82971544715447,102.6998199767712,179.3036469221835,152.0,93.0,191.0
image_2618.jpg,423,720,0.5875,57.732164433937484,97.86725768321513,146.72505910165484,24.0,94.0,129.0
image_555.jpg,236,353,0.6685552407932012,21.06782061746771,103.53545877946895,138.42802611994045,19.0,66.0,151.0
image_2397.jpg,480,720,0.6666666666666666,75.58899594907408,53.543813657407405,231.00115162037036,38.0,30.0,237.0
image_1846.jpg,340,270,1.2592592592592593,79.78589324618737,48.587385620915036,206.85642701525055,26.0,16.0,215.0
image_8862.jpg,447,407,1.0982800982800982,94.14040642228562,77.31973462174804,183.3237306861468,147.0,65.0,189.0
image_7589.jpg,1024,683,1.499267935578331,95.4352194477489,97.37636261209737,144.15596689696193,104.0,113.0,152.0
image_4080.jpg,80,80,1.0,0.0,0.0,214.609375,0.0,0.0,255.0
image_233.jpg,480,360,1.3333333333333333,138.55586226851852,63.45710648148148,121.4171875,198.0,38.0,155.0
image_4094.jpg,480,310,1.5483870967741935,139.1367069892473,62.99440188172043,135.31204973118278,150.0,49.0,133.0
image_227.jpg,1077,720,1.4958333333333333,92.96265733003199,49.01143221912721,206.88302383163108,144.0,42.0,211.0
image_6683.jpg,480,720,0.6666666666666666,53.571721643518515,55.74398726851852,183.23946469907406,29.0,32.0,204.0
image_8876.jpg,236,314,0.7515923566878981,44.658655403217104,111.32766112490553,100.86921083882112,28.0,112.0,95.0
image_1852.jpg,225,225,1.0,98.26994567901235,172.78694320987654,160.12673580246914,102.0,187.0,178.0
image_541.jpg,240,369,0.6504065040650406,33.150214543812105,60.422831978319785,150.22161246612467,18.0,58.0,164.0
image_569.jpg,300,400,0.75,55.16328333333333,96.10025833333333,126.9796,24.0,106.0,139.0
image_4902.jpg,1005,565,1.7787610619469028,0.0,0.0,120.02357416457535,0.0,0.0,138.0
image_9598.jpg,360,252,1.4285714285714286,91.1526455026455,65.60185185185185,181.42789902998237,117.0,28.0,197.0
image_6873.jpg,340,270,1.2592592592592593,191.20626361655772,114.1591394335512,113.17737472766885,221.0,150.0,103.0
image_8686.jpg,225,300,0.75,64.84611851851852,133.30574814814815,118.18287407407408,63.0,137.0,110.0
image_6867.jpg,473,720,0.6569444444444444,82.86530714117923,95.19871681935635,189.47545219638243,99.0,79.0,197.0
image_8692.jpg,320,212,1.509433962264151,93.7501179245283,148.05725235849056,168.33307783018867,66.0,136.0,169.0
image_4916.jpg,720,720,1.0,15.271738040123457,0.9230632716049383,237.5379089506173,0.0,0.0,255.0
image_6132.jpg,380,219,1.735159817351598,96.1437154530161,25.876135544340304,201.60140591204038,106.0,17.0,213.0
image_9201.jpg,300,168,1.7857142857142858,45.92392857142857,79.70589285714286,97.24656746031746,23.0,73.0,90.0
image_4725.jpg,678,381,1.779527559055118,82.59798388033354,69.85588693006295,152.6552311492037,54.0,61.0,156.0
image_596.jpg,236,157,1.5031847133757963,46.64611896793696,25.830724387347512,217.63057324840764,23.0,11.0,219.0
image_2354.jpg,600,400,1.5,21.258725,41.788920833333336,46.72163333333334,0.0,0.0,0.0
image_2432.jpg,720,720,1.0,50.61802662037037,42.60111689814815,247.5993711419753,0.0,0.0,255.0
image_4043.jpg,576,720,0.8,18.759114583333332,34.177611400462965,237.72835407021606,21.0,32.0,246.0
image_6654.jpg,361,240,1.5041666666666667,56.02016389658356,111.3855378578024,142.795567867036,21.0,100.0,148.0
image_9567.jpg,292,320,0.9125,49.60668878424657,56.07665881849315,194.8929473458904,33.0,29.0,207.0
image_6898.jpg,391,600,0.6516666666666666,0.0,0.0,54.77434782608696,0.0,0.0,34.0
image_6640.jpg,250,250,1.0,45.216768,63.623456,149.47496,24.0,66.0,161.0
image_9573.jpg,1000,668,1.4970059880239521,107.43161976047904,89.32324700598802,119.53752694610779,93.0,72.0,106.0
image_2426.jpg,626,417,1.501199040767386,46.59896491752285,18.132737260670698,211.92993464653196,34.0,5.0,228.0
image_5349.jpg,800,720,1.1111111111111112,43.54727604166667,86.35836805555556,191.19355555555555,28.0,72.0,202.0
image_4057.jpg,340,270,1.2592592592592593,41.05894335511982,151.76981481481482,136.64176470588237,16.0,146.0,131.0
image_3738.jpg,170,135,1.2592592592592593,101.20318082788671,22.424357298474945,203.26540305010894,31.0,18.0,213.0
image_4731.jpg,540,720,0.75,100.59764146090535,51.217893518518515,159.6234156378601,29.0,21.0,197.0
image_582.jpg,410,231,1.774891774891775,136.53656424875936,40.639700137261116,177.74845317284343,148.0,27.0,192.0
image_2340.jpg,1060,500,2.12,110.9092358490566,45.1406320754717,188.33115849056603,138.0,28.0,201.0
image_1649.jpg,282,194,1.4536082474226804,25.278789208159683,7.551473276303283,192.93105213131534,0.0,0.0,254.0
image_6126.jpg,490,490,1.0,142.3037650978759,37.0861599333611,199.5028238234069,144.0,26.0,215.0
image_9215.jpg,600,399,1.5037593984962405,56.364193817878025,32.342113617376775,199.80685881370093,25.0,5.0,215.0
image_7238.jpg,236,177,1.3333333333333333,65.88509049123815,44.12302499281815,186.36871588623958,49.0,12.0,216.0
image_1891.jpg,307,204,1.5049019607843137,44.32412020182666,129.86769496072046,164.56979306380532,26.0,116.0,190.0
image_3076.jpg,594,443,1.3408577878103838,81.19709890477385,143.41462784352174,110.90632054176072,46.0,150.0,113.0
image_5407.jpg,790,527,1.4990512333965844,125.96790766939688,50.471323229169165,157.84405639756923,147.0,43.0,179.0
image_2368.jpg,1078,516,2.0891472868217056,50.18868562224044,128.46922955228604,97.79429499072356,39.0,128.0,76.0
image_1661.jpg,450,300,1.5,50.404148148148145,117.82455555555556,151.90791851851853,16.0,126.0,156.0
image_8123.jpg,300,400,0.75,72.72988333333333,48.55535,116.27965,34.0,41.0,111.0
image_7210.jpg,640,360,1.7777777777777777,57.30116319444444,91.80435763888889,152.40402777777777,40.0,91.0,148.0
image_8645.jpg,236,236,1.0,57.8528619649526,124.83399166906061,155.10964880781384,40.0,126.0,167.0
image_7576.jpg,560,315,1.7777777777777777,141.92396825396824,66.10364512471655,76.00989795918368,152.0,57.0,63.0
image_6668.jpg,800,363,2.203856749311295,97.21676997245179,77.29992079889807,141.64978305785124,60.0,39.0,141.0
image_1107.jpg,430,314,1.3694267515923566,92.75177751444231,35.84346763442453,207.35988001777514,104.0,22.0,226.0
image_5361.jpg,800,533,1.5009380863039399,48.246531425891185,48.958262195121954,146.91551125703566,20.0,36.0,166.0
image_3710.jpg,236,424,0.5566037735849056,35.21464262871762,23.290044371602175,219.84801726894787,29.0,20.0,221.0
image_3704.jpg,667,500,1.334,50.16488755622189,110.03004497751124,149.8488635682159,41.0,102.0,153.0
image_8651.jpg,540,720,0.75,64.57238683127572,64.3502237654321,127.3400462962963,47.0,54.0,120.0
image_7562.jpg,236,295,0.8,39.10841712151681,78.5042085607584,157.7586900316001,36.0,63.0,186.0
image_1113.jpg,398,272,1.463235294117647,119.22100391664203,81.95845957729826,123.34345440437481,162.0,80.0,119.0
image_8889.jpg,279,525,0.5314285714285715,62.09468509984639,36.59035330261137,207.4863969960744,42.0,3.0,230.0
image_1675.jpg,400,310,1.2903225806451613,82.43024193548388,107.32481451612904,108.82734677419354,106.0,105.0,89.0
image_9229.jpg,1152,720,1.6,54.8400993441358,119.06086636766975,227.13340205439815,54.0,120.0,238.0
image_7204.jpg,360,229,1.5720524017467248,30.900376031052886,100.03670548277535,124.78622028141679,12.0,100.0,115.0
image_3062.jpg,500,375,1.3333333333333333,110.34812266666667,87.108288,136.78208,134.0,54.0,140.0
image_5413.jpg,236,236,1.0,115.86000790002873,40.30626975007182,211.41151967825337,157.0,13.0,226.0
image_4692.jpg,300,450,0.6666666666666666,113.66152592592593,77.16412592592593,136.58394814814815,55.0,73.0,130.0
image_421.jpg,450,320,1.40625,53.06897222222222,127.04435416666666,96.49725,17.0,129.0,80.0
image_6085.jpg,223,282,0.7907801418439716,48.09871831568235,31.08330948064752,235.68996278981012,26.0,4.0,255.0
image_1932.jpg,900,598,1.5050167224080269,104.40563730955036,61.71701226309922,149.40839836492012,141.0,49.0,161.0
image_8916.jpg,300,221,1.3574660633484164,25.651236802413273,116.96524886877827,173.89452488687783,17.0,111.0,195.0
image_3843.jpg,236,177,1.3333333333333333,131.72460021066743,69.82275208273485,187.6439720386862,152.0,82.0,230.0
image_347.jpg,480,720,0.6666666666666666,76.78313946759259,169.9442013888889,133.38982928240742,52.0,182.0,137.0
image_3857.jpg,190,190,1.0,86.51041551246537,111.04105263157895,179.84119113573408,74.0,113.0,200.0
image_2591.jpg,496,720,0.6888888888888889,70.13496863799283,42.810735887096776,155.50777049731184,43.0,38.0,153.0
image_6091.jpg,252,327,0.7706422018348624,109.4875127420999,88.10335663317315,136.1621887287025,89.0,81.0,135.0
image_1926.jpg,340,270,1.2592592592592593,116.52251633986928,18.278518518518517,178.28340958605665,147.0,17.0,185.0
image_4686.jpg,284,213,1.3333333333333333,84.30213912583483,34.98801494412484,135.78722806321497,26.0,27.0,139.0
image_435.jpg,340,270,1.2592592592592593,66.65693899782136,116.69455337690631,116.36552287581699,15.0,129.0,118.0
image_5598.jpg,276,440,0.6272727272727273,76.13349802371542,49.70089756258235,154.58793642951252,35.0,34.0,163.0
image_8094.jpg,720,720,1.0,149.55078703703703,15.375538194444445,168.553331404321,187.0,6.0,169.0
image_4876.jpg,474,720,0.6583333333333333,27.551605719643696,23.33220229723394,226.3478023909986,18.0,15.0,227.0
image_6907.jpg,720,720,1.0,25.52445987654321,33.70412615740741,219.12130015432098,26.0,17.0,230.0
image_6913.jpg,640,427,1.4988290398126465,91.276862558548,80.43623389929742,137.44991217798594,114.0,59.0,138.0
image_4862.jpg,300,203,1.477832512315271,40.603004926108376,106.68866995073891,144.6149261083744,22.0,95.0,135.0
image_8080.jpg,450,300,1.5,90.02933333333333,135.39567407407407,173.4176962962963,85.0,132.0,197.0
image_7358.jpg,360,240,1.5,49.321863425925926,70.90851851851852,113.34106481481481,29.0,49.0,103.0
image_2220.jpg,298,450,0.6622222222222223,67.94782252050709,103.86244593586875,179.28845637583893,39.0,94.0,178.0
image_4889.jpg,236,190,1.2421052631578948,125.97491079393399,27.57772078501338,214.95753791257806,158.0,16.0,208.0
image_3658.jpg,320,320,1.0,93.480517578125,78.005263671875,215.56123046875,51.0,72.0,228.0
image_4137.jpg,695,458,1.517467248908297,105.72025384059565,22.333216047249536,195.96075209701235,49.0,7.0,202.0
image_3880.jpg,850,566,1.5017667844522968,119.31363126169195,52.66592808147994,171.08313864061526,146.0,37.0,186.0
image_384.jpg,1079,720,1.4986111111111111,0.0,0.0,127.05012614560808,0.0,0.0,134.0
image_5229.jpg,960,720,1.3333333333333333,101.65347945601852,36.39559606481482,160.31593894675925,136.0,9.0,166.0
image_6720.jpg,880,669,1.3153961136023917,107.06023406712869,95.99008526973773,133.68562814241065,90.0,85.0,117.0
image_9413.jpg,550,550,1.0,58.1928694214876,85.07701487603306,119.82705785123967,38.0,73.0,121.0
image_9407.jpg,405,720,0.5625,77.1852366255144,101.19626543209877,192.67228737997257,42.0,96.0,222.0
image_8719.jpg,326,183,1.7814207650273224,72.71529384156358,89.2048509839418,93.14723926380368,63.0,83.0,83.0
image_4123.jpg,722,480,1.5041666666666667,141.66930978762696,47.22053901200369,162.0369546398892,167.0,20.0,166.0
image_3894.jpg,496,720,0.6888888888888889,31.337718413978493,173.3871639784946,161.73765400985664,15.0,200.0,170.0
image_390.jpg,234,234,1.0,43.17232814668712,162.02894659945943,130.2321389436774,12.0,170.0,126.0
image_2552.jpg,720,720,1.0,122.78886959876543,42.15113040123457,130.82348572530864,150.0,32.0,119.0
image_2234.jpg,480,360,1.3333333333333333,91.95844328703704,59.38078125,99.75027777777778,93.0,37.0,76.0
image_4645.jpg,365,500,0.73,132.38382465753423,73.50346301369864,113.46545753424658,162.0,10.0,111.0
image_28.jpg,400,533,0.7504690431519699,55.54004221388368,75.30709193245778,157.13837242026267,26.0,72.0,166.0
image_6052.jpg,570,514,1.1089494163424125,112.70676155368967,28.33083486927435,169.7630520854666,145.0,13.0,175.0
image_9361.jpg,236,336,0.7023809523809523,28.334846650524618,89.60115264326069,213.45680740516545,28.0,70.0,228.0
image_5573.jpg,206,300,0.6866666666666666,103.75022653721683,26.508300970873787,161.31852750809063,122.0,15.0,165.0
image_3102.jpg,320,320,1.0,44.1413671875,12.462041015625,202.699560546875,0.0,0.0,252.0
image_8057.jpg,500,377,1.3262599469496021,59.18980371352785,52.731363395225465,187.98744827586208,42.0,4.0,169.0
image_7364.jpg,467,350,1.3342857142857143,73.93995105536861,151.82417252982563,133.6079840929948,34.0,166.0,128.0
image_9349.jpg,504,715,0.7048951048951049,44.21596181596182,84.51665834165834,169.8343822843823,39.0,58.0,175.0
image_1715.jpg,450,450,1.0,55.9303012345679,114.48410370370371,149.70455308641976,23.0,121.0,143.0
image_1073.jpg,237,325,0.7292307692307692,104.47536514118792,26.07911716975008,154.8242259006816,170.0,14.0,125.0
image_8731.jpg,150,127,1.1811023622047243,97.8651968503937,81.68635170603675,171.263937007874,107.0,68.0,184.0
image_7402.jpg,200,200,1.0,171.234225,90.103825,192.46005,193.0,76.0,201.0
image_3664.jpg,720,720,1.0,90.7548186728395,53.45733217592593,149.06197916666667,113.0,39.0,188.0
image_5215.jpg,800,420,1.9047619047619047,75.70741071428571,97.34429761904762,97.32303273809524,42.0,85.0,96.0
image_3670.jpg,238,250,0.952,61.15252100840336,19.10603361344538,223.6937142857143,0.0,0.0,255.0
image_5201.jpg,960,720,1.3333333333333333,67.39648582175926,60.88240596064815,135.14036313657408,58.0,60.0,121.0
image_1067.jpg,399,265,1.5056603773584907,102.90569820778362,110.4873977396321,134.76010781671158,120.0,97.0,131.0
image_6708.jpg,450,600,0.75,94.23344074074075,24.588803703703704,179.91966666666667,15.0,15.0,174.0
image_8725.jpg,600,397,1.5113350125944585,97.4733543240974,156.7178295549958,168.98567590260285,66.0,147.0,177.0
image_7416.jpg,1000,563,1.7761989342806395,114.68698579040853,86.44138543516874,129.57816163410303,144.0,79.0,141.0
image_8043.jpg,307,490,0.6265306122448979,22.663936714751046,48.91011766270026,208.2163464734428,21.0,43.0,218.0
image_14.jpg,660,330,2.0,49.733971533516986,58.31192837465565,124.44324150596879,31.0,50.0,114.0
image_7370.jpg,225,300,0.75,132.12835555555554,56.248,195.13994074074074,149.0,39.0,223.0
image_1701.jpg,300,225,1.3333333333333333,65.31191111111112,55.379570370370374,146.77091851851853,30.0,41.0,152.0
image_2208.jpg,299,168,1.7797619047619047,77.32726150660933,113.55052556139513,210.2501592610288,42.0,105.0,247.0
image_5567.jpg,702,336,2.0892857142857144,86.3025284900285,106.7054122574956,125.19549586216253,29.0,91.0,131.0
image_3116.jpg,140,187,0.7486631016042781,66.64308632543927,49.90897631779985,219.82769289533996,18.0,9.0,231.0
image_3499.jpg,720,720,1.0,130.4988464506173,84.88518325617284,144.16238425925926,221.0,67.0,160.0
image_2787.jpg,626,417,1.501199040767386,92.5540257889535,110.57708338121834,190.98994797772005,9.0,90.0,222.0
image_145.jpg,618,564,1.0957446808510638,78.67368713993895,78.87148259083293,153.36418095434829,68.0,53.0,178.0
image_7827.jpg,570,380,1.5,52.11973684210526,135.377216066482,121.35328716528163,30.0,133.0,114.0
image_7199.jpg,236,236,1.0,79.28788422866992,45.838246911806955,187.5198577994829,26.0,33.0,193.0
image_623.jpg,575,684,0.8406432748538012,35.65914569031274,66.98822273073989,205.92037630307652,11.0,66.0,230.0
image_5956.jpg,714,720,0.9916666666666667,36.13657796451914,110.63043300653595,118.67308201058201,33.0,116.0,118.0
image_4490.jpg,575,720,0.7986111111111112,29.90921739130435,166.16152415458936,134.4059033816425,26.0,177.0,136.0
image_637.jpg,470,470,1.0,137.9112720688094,64.99105930285197,236.23816659121775,127.0,12.0,254.0
image_5942.jpg,300,300,1.0,72.59062222222222,81.94026666666667,150.8951111111111,24.0,61.0,156.0
image_4484.jpg,427,285,1.4982456140350877,120.013073667776,87.58656477258721,158.60490570689018,145.0,63.0,157.0
image_6293.jpg,736,568,1.295774647887324,90.2580253942131,56.731875287048375,100.90261405388856,29.0,47.0,84.0
image_7833.jpg,460,276,1.6666666666666667,91.78756301197228,82.23389256458726,107.31743068683049,128.0,72.0,136.0
image_2793.jpg,238,250,0.952,85.50900840336135,80.75796638655463,222.7009579831933,57.0,69.0,246.0
image_9836.jpg,300,400,0.75,22.933741666666666,127.57878333333333,66.27590833333333,22.0,127.0,44.0
image_2963.jpg,540,720,0.75,91.00076388888888,37.83340534979424,139.70740483539095,85.0,26.0,139.0
image_179.jpg,236,314,0.7515923566878981,89.9161583720177,40.672635755154914,140.60075029688005,59.0,19.0,133.5
image_8296.jpg,300,300,1.0,81.0119888888889,105.70617777777778,178.08535555555557,100.0,85.0,200.0
image_9188.jpg,300,225,1.3333333333333333,100.56488888888889,42.2129037037037,129.71355555555556,51.0,36.0,128.0
image_8282.jpg,448,300,1.4933333333333334,106.19363839285714,79.44550595238096,140.22943452380952,147.0,77.0,136.0
image_2977.jpg,960,720,1.3333333333333333,65.1522728587963,3.1789539930555555,213.6623683449074,28.0,2.0,248.0
image_9822.jpg,400,250,1.6,96.85189,54.37156,83.81393,35.0,53.0,71.0
image_9611.jpg,450,300,1.5,31.588533333333334,108.2467925925926,167.08731111111112,23.0,111.0,180.0
image_186.jpg,556,720,0.7722222222222223,69.23268635091927,61.08070043964828,139.10217575939248,51.0,50.0,156.0
image_4335.jpg,627,376,1.6675531914893618,27.768489768909703,153.93549577522143,136.05325511554514,18.0,159.0,138.0
image_5995.jpg,540,720,0.75,95.49034465020576,14.989953703703703,138.36443672839505,50.0,8.0,154.0
image_838.jpg,440,330,1.3333333333333333,118.13112258953169,37.775537190082645,214.27977272727273,144.0,13.0,235.0
image_4453.jpg,112,168,0.6666666666666666,126.91985544217687,45.23262117346939,216.60517644557822,138.0,33.0,227.0
image_2022.jpg,570,570,1.0,51.26336411203447,34.12713450292398,211.08202523853492,27.0,23.0,215.0
image_9177.jpg,236,295,0.8,177.63418557885666,94.7765153691468,110.84875035909222,234.0,76.0,114.0
image_6244.jpg,819,426,1.9225352112676057,78.81920583329034,136.75024506010422,65.38875417748658,23.0,136.0,42.0
image_8269.jpg,257,320,0.803125,87.5278453307393,128.0116609922179,182.01657344357977,42.0,129.0,231.0
image_9163.jpg,1152,720,1.6,223.8863872010031,242.86872588734568,94.74302662037037,233.0,251.0,83.0
image_6250.jpg,750,499,1.503006012024048,47.982549098196394,136.25949498997997,175.54619906479627,27.0,140.0,182.0
image_3328.jpg,600,491,1.2219959266802445,51.049562118126275,41.52737610319077,202.99143584521386,30.0,39.0,216.0
image_4447.jpg,800,531,1.5065913370998116,133.1549223163842,65.630131826742,103.15580743879472,147.0,52.0,97.0
image_5759.jpg,480,360,1.3333333333333333,41.804855324074076,67.73614583333334,130.74623842592592,10.0,20.0,120.0
image_2750.jpg,476,357,1.3333333333333333,99.64561707035756,35.24131417272792,125.62311395146294,116.0,8.0,141.0
image_4321.jpg,450,300,1.5,87.69234814814814,120.9091037037037,76.80572592592593,29.0,110.0,45.0
image_7628.jpg,450,300,1.5,195.39867407407408,62.485622222222226,216.28207407407407,251.0,55.0,237.0
image_9605.jpg,527,246,2.1422764227642275,35.85824809861002,61.204779315345334,141.1746193363262,23.0,57.0,137.0
image_1259.jpg,363,544,0.6672794117647058,52.917861772808294,29.55706631826284,156.84538061092206,19.0,14.0,179.0
image_2778.jpg,200,167,1.1976047904191616,88.4122754491018,46.60937125748503,193.14790419161676,127.0,8.0,198.0
image_5017.jpg,640,427,1.4988290398126465,77.54900102459017,54.32641978922717,150.93492388758781,40.0,39.0,158.0
image_4309.jpg,236,236,1.0,84.04156492387246,75.31293091065785,120.45243823613905,62.0,50.0,123.0
image_7600.jpg,720,480,1.5,115.1697193287037,86.11729166666667,124.47439236111111,101.0,88.0,133.0
image_8533.jpg,440,643,0.6842923794712286,32.76122932277676,112.713293510533,162.3542061360102,28.0,111.0,176.0
image_1271.jpg,370,247,1.4979757085020242,38.58512966407703,46.29184812342707,241.94887843308896,0.0,0.0,254.0
image_1517.jpg,250,333,0.7507507507507507,102.11846246246246,45.13894294294294,165.0595075075075,70.0,24.0,201.0
image_6278.jpg,500,375,1.3333333333333333,49.688304,74.77061333333333,167.126912,22.0,63.0,188.0
image_8255.jpg,286,200,1.43,89.74520979020978,33.91938811188811,236.886486013986,53.0,10.0,250.0
image_3300.jpg,825,464,1.7780172413793103,94.51318443051201,107.86681818181818,154.08325757575759,53.0,100.0,152.0
image_804.jpg,150,150,1.0,133.78404444444445,148.29555555555555,172.73968888888888,95.0,153.0,201.0
image_3314.jpg,720,720,1.0,36.408809799382716,89.71604552469135,185.240212191358,21.0,76.0,213.0
image_810.jpg,236,354,0.6666666666666666,109.11166570908743,43.687912956047114,180.57916786364072,142.0,20.0,194.0
image_5765.jpg,800,533,1.5009380863039399,44.06256332082552,112.66702157598499,110.06897514071295,47.0,106.0,123.0
image_1503.jpg,500,331,1.5105740181268883,90.52075528700907,100.1153413897281,119.23295468277945,69.0,90.0,115.0
image_7172.jpg,300,200,1.5,42.74143333333333,126.84635,117.63555,23.0,122.0,111.0
image_8241.jpg,730,487,1.4989733059548254,67.85028831819076,129.62788388512277,110.30214902534387,22.0,131.0,103.0
image_7614.jpg,721,720,1.0013888888888889,39.79697565110187,37.126442826321465,166.31149830482354,24.0,34.0,177.0
image_8527.jpg,343,516,0.6647286821705426,140.41716952561757,86.15851922164215,150.12399145704794,207.0,80.0,165.0
image_9639.jpg,850,638,1.3322884012539185,89.21376544348146,71.3578093306288,142.40399409920707,69.0,61.0,142.0
image_1265.jpg,1356,668,2.029940119760479,40.29813934078745,23.3916072721813,218.98328564110716,28.0,10.0,233.0
image_5003.jpg,736,415,1.7734939759036144,41.40286144578313,40.846234939759036,198.04422145102149,19.0,37.0,217.0
image_3472.jpg,474,315,1.5047619047619047,73.15775232737258,116.14085459781663,131.1559239166834,51.0,118.0,150.0
image_5773.jpg,800,600,1.3333333333333333,104.91332083333333,117.7232125,154.5131875,136.0,98.0,155.0
image_7164.jpg,650,647,1.0046367851622875,110.72468196409464,54.98166448698134,167.65472119843062,146.0,40.0,176.0
image_8257.jpg,501,334,1.5,118.18758889406816,111.02887637897857,192.88119569244745,143.0,115.0,230.0
image_9149.jpg,411,250,1.644,84.21850121654501,99.25883211678833,118.02792214111922,56.0,107.0,101.0
image_1273.jpg,474,632,0.75,60.18113082839289,36.127857448058535,164.16272432302515,37.0,20.0,175.0
image_7602.jpg,650,366,1.7759562841530054,104.79459857082809,83.84857503152585,96.21249684741488,140.0,79.0,72.0
image_8531.jpg,450,450,1.0,67.97981234567901,45.8661975308642,227.29311604938272,0.0,0.0,255.0
image_3464.jpg,300,200,1.5,140.88226666666668,82.46,124.25391666666667,151.0,110.0,138.0
image_5015.jpg,236,188,1.2553191489361701,28.363595384060584,55.040119004688066,154.6444734944104,22.0,39.0,156.0
image_3470.jpg,700,467,1.4989293361884368,74.80722851024778,106.89371367390639,107.62067910676048,59.0,102.0,103.0
image_5001.jpg,238,250,0.952,119.2089075630252,124.4303025210084,146.97719327731093,130.0,120.0,161.0
image_1267.jpg,621,720,0.8625,79.67771739130434,30.15276435856146,179.49059312936126,47.0,14.0,204.0
image_6508.jpg,450,300,1.5,94.1331111111111,132.10743703703704,122.2771925925926,75.0,129.0,121.0
image_7616.jpg,680,438,1.552511415525114,90.34033709374161,41.66470252484555,146.72643365565403,42.0,19.0,147.0
image_8525.jpg,570,454,1.2555066079295154,80.84309838472834,67.51879588839941,147.99413014916146,42.0,32.0,148.0
image_8243.jpg,300,450,0.6666666666666666,59.17166666666667,116.74514074074074,192.19117777777777,23.0,96.0,205.0
image_1501.jpg,236,314,0.7515923566878981,91.82934794343086,29.351897333477275,223.96299794882867,59.0,3.0,244.0
image_2008.jpg,480,360,1.3333333333333333,44.51814236111111,95.23163194444444,184.59689236111112,15.0,90.0,192.0
image_5767.jpg,258,240,1.075,105.60904392764859,35.93932493540051,136.33510981912144,106.0,13.0,138.0
image_4479.jpg,220,220,1.0,210.44204545454545,55.14369834710744,203.1788223140496,234.0,47.0,208.0
image_812.jpg,1080,720,1.5,44.267282664609056,67.47882201646091,91.4769894547325,29.0,53.0,53.0
image_7158.jpg,1120,400,2.8,101.84753571428571,68.55395758928572,146.04519866071428,143.0,43.0,141.0
image_9175.jpg,600,376,1.5957446808510638,103.26302748226951,88.16992464539007,178.66739804964539,144.0,77.0,197.0
image_6246.jpg,1080,720,1.5,119.42278034979424,168.94006944444445,68.73360725308642,162.0,200.0,29.0
image_1529.jpg,570,443,1.2866817155756207,104.49720407112589,45.9678586986654,139.02102490990455,144.0,40.0,126.0
image_2020.jpg,225,225,1.0,42.42708148148148,102.6836938271605,160.8188049382716,17.0,88.0,158.0
image_4451.jpg,400,400,1.0,91.2197375,20.09858125,214.19666875,38.0,9.0,232.0
image_5997.jpg,319,213,1.4976525821596245,46.02622632345799,91.35418782286193,90.42107819329772,35.0,83.0,59.0
image_3458.jpg,294,293,1.0034129692832765,47.41171553945811,74.74382995519026,138.70362889182977,24.0,69.0,123.0
image_4337.jpg,450,307,1.4657980456026058,111.73242128121606,32.84977198697069,217.40340209916758,150.0,10.0,229.0
image_184.jpg,480,720,0.6666666666666666,158.4725318287037,49.503744212962964,179.98447916666666,169.0,41.0,180.0
image_2746.jpg,640,428,1.4953271028037383,103.73642304322429,70.52434287383177,162.57826372663553,16.0,75.0,164.0
image_9613.jpg,170,135,1.2592592592592593,91.50409586056645,36.72923747276688,164.5983442265795,34.0,33.0,162.0
image_6520.jpg,480,720,0.6666666666666666,52.14130787037037,100.19967881944444,186.87247395833333,23.0,73.0,202.0
image_6534.jpg,315,320,0.984375,89.5819742063492,43.67727182539682,201.26213293650792,51.0,6.0,230.0
image_8519.jpg,250,250,1.0,90.90648,73.901872,187.92056,77.0,65.0,216.0
image_4323.jpg,236,417,0.565947242206235,48.65461529081819,165.38622322480998,104.00579197658823,54.0,167.0,92.0
image_190.jpg,800,600,1.3333333333333333,42.08927083333333,70.10859166666667,116.41632291666667,26.0,71.0,123.0
image_2752.jpg,580,433,1.3394919168591224,102.4964641235964,85.71804172971251,220.6780202277614,45.0,77.0,226.0
image_2034.jpg,474,316,1.5,53.521931581477325,145.39488196336058,75.83446162473963,49.0,152.0,57.0
image_5983.jpg,933,720,1.2958333333333334,105.55578926997737,92.01913778730498,132.1752709300941,103.0,85.0,133.0
image_9161.jpg,821,440,1.865909090909091,76.92190510463958,53.79579503930905,131.226658177389,49.0,49.0,115.0
image_5968.jpg,330,220,1.5,105.06915977961432,67.78763085399449,173.78475206611571,145.0,35.0,193.0
image_2961.jpg,290,402,0.7213930348258707,128.3414565105507,110.64375536112541,193.4203722765483,149.0,100.0,185.0
image_9834.jpg,400,267,1.4981273408239701,117.5925468164794,68.05519662921348,61.41543071161049,158.0,60.0,54.0
image_7819.jpg,560,436,1.2844036697247707,52.36140235910878,40.144368446920055,188.74714531454785,33.0,25.0,203.0
image_9820.jpg,960,720,1.3333333333333333,59.23684606481481,49.477265625,169.15575810185186,38.0,34.0,183.0
image_8280.jpg,420,480,0.875,30.33129464285714,179.2698759920635,190.95147817460318,26.0,211.0,205.0
image_4492.jpg,357,240,1.4875,132.26234827264238,31.65611577964519,207.53359010270776,170.0,14.0,213.0
image_5954.jpg,190,134,1.4179104477611941,92.086017282011,80.42423409269442,172.18750981932442,54.0,60.0,186.0
image_6285.jpg,800,534,1.4981273408239701,31.632895599250936,120.61685861423221,180.65875702247192,21.0,105.0,195.0
image_7825.jpg,750,500,1.5,73.98044266666666,92.566544,165.662864,29.0,70.0,167.0
image_147.jpg,236,314,0.7515923566878981,26.629844542804708,71.4947101371046,199.99985155996978,13.0,70.0,218.0
image_2785.jpg,450,450,1.0,13.94795061728395,12.724814814814815,250.19236049382715,0.0,0.0,255.0
image_153.jpg,1100,720,1.5277777777777777,67.92501136363636,118.05112626262627,134.59536363636363,57.0,122.0,138.0
image_2791.jpg,600,398,1.5075376884422111,121.09985343383585,118.47381909547738,174.65985343383585,144.0,117.0,178.0
image_1298.jpg,236,284,0.8309859154929577,23.9553891143471,121.68497851515875,170.75775841489616,23.0,119.0,181.0
image_7831.jpg,450,299,1.5050167224080269,21.90236343366778,47.32010405053883,187.10119658119658,11.0,43.0,207.0
image_6291.jpg,235,316,0.7436708860759493,50.76304874764342,108.52733638567196,198.86459736062483,20.0,95.0,198.0
image_4486.jpg,340,270,1.2592592592592593,52.6429302832244,46.479368191721136,139.10977124183006,35.0,43.0,124.0
image_5940.jpg,275,183,1.5027322404371584,48.92689518132141,111.56923994038748,148.59936413313463,31.0,111.0,163.0
image_635.jpg,620,350,1.7714285714285714,71.48804608294931,53.08413824884793,114.3556728110599,33.0,47.0,125.0
image_5798.jpg,450,300,1.5,102.62631111111111,84.90585185185185,121.711,125.0,58.0,117.0
image_2578.jpg,394,628,0.6273885350318471,29.40099906236865,126.35682935109445,115.5194881826118,24.0,125.0,117.0
image_5217.jpg,1010,394,2.563451776649746,46.50012564708248,105.01107955973262,107.26974166959843,41.0,107.0,98.0
image_4109.jpg,300,300,1.0,186.1948111111111,179.15396666666666,199.0988888888889,242.0,210.0,244.0
image_3666.jpg,720,720,1.0,57.41809799382716,61.639396219135804,179.08284143518517,49.0,18.0,203.0
image_8733.jpg,350,218,1.6055045871559632,57.321585845347315,18.015321100917433,154.71711664482308,23.0,17.0,166.0
image_7400.jpg,500,336,1.4880952380952381,60.085946428571425,135.16218452380951,149.76402976190477,37.0,111.0,151.0
image_1717.jpg,244,325,0.7507692307692307,81.86533417402269,82.97595208070618,108.86025220680959,24.0,77.0,106.0
image_6078.jpg,400,276,1.4492753623188406,143.79134963768115,101.09684782608696,152.2507518115942,207.0,94.0,170.0
image_8055.jpg,244,244,1.0,110.74754770223058,17.085914404729913,169.37227895726954,103.0,15.0,174.0
image_7366.jpg,236,295,0.8,72.97795173800633,102.8861677678828,146.3683855214019,60.0,98.0,147.0
image_5571.jpg,265,199,1.3316582914572865,173.9999810372618,19.56717550014222,204.87294965393002,205.0,7.0,208.0
image_3114.jpg,500,332,1.5060240963855422,88.02892168674698,153.97251204819278,125.61490361445783,63.0,163.0,127.0
image_5565.jpg,282,283,0.9964664310954063,90.73935543693456,110.67976092023156,192.00007518231712,82.0,118.0,207.0
image_16.jpg,220,220,1.0,135.3784090909091,114.31427685950413,142.4336776859504,130.0,109.0,161.0
image_8041.jpg,720,720,1.0,30.410675154320987,112.66444637345678,212.68821180555557,32.0,79.0,249.0
image_7372.jpg,246,160,1.5375,57.92931910569106,78.41356707317073,191.03511178861788,53.0,71.0,197.0
image_8727.jpg,340,270,1.2592592592592593,75.44555555555556,38.485773420479305,156.5311982570806,31.0,35.0,165.0
image_7414.jpg,480,218,2.2018348623853212,123.54844227828747,90.96961964831804,132.9228497706422,145.0,86.0,147.0
image_9439.jpg,600,467,1.284796573875803,69.58237687366167,36.13677016416845,100.94277301927195,68.0,33.0,97.0
image_1065.jpg,960,640,1.5,83.11359537760417,80.08411946614584,87.20744303385416,26.0,78.0,77.0
image_5203.jpg,967,500,1.934,33.65061220268873,88.01840744570838,161.82907549120992,31.0,89.0,152.0
image_3672.jpg,300,250,1.2,88.4778,27.671293333333335,194.69250666666667,28.0,10.0,216.0
image_6722.jpg,720,720,1.0,39.076078317901235,96.48149305555556,144.51090470679011,22.0,102.0,150.0
image_9411.jpg,484,640,0.75625,142.23732244318182,34.658051394628096,100.31059852789257,161.0,18.0,86.0
image_3882.jpg,480,376,1.2765957446808511,112.20011635638298,23.428346631205674,168.77194703014183,116.0,18.0,163.0
image_386.jpg,707,720,0.9819444444444444,68.99023063020587,32.829964246424645,198.2945623133742,14.0,5.0,233.0
image_4135.jpg,300,292,1.0273972602739727,120.48617579908675,78.54866438356164,147.27921232876713,71.0,74.0,150.0
image_4653.jpg,340,270,1.2592592592592593,29.76381263616558,39.766514161220044,204.45412854030502,16.0,36.0,213.0
image_2222.jpg,720,720,1.0,140.59616705246913,54.49059413580247,137.28081597222223,144.0,40.0,147.0
image_6044.jpg,158,160,0.9875,71.19885284810127,95.24742879746836,149.05474683544304,20.0,72.0,141.0
image_6050.jpg,480,599,0.8013355592654424,44.52087159154146,85.5679326655537,137.0367348358375,26.0,86.0,142.0
image_9363.jpg,650,433,1.5011547344110854,64.03621957718956,64.81801030378398,137.39717889500798,29.0,60.0,134.0
image_3128.jpg,474,355,1.3352112676056338,37.062108516075355,88.51239674332918,114.58097700124799,31.0,81.0,114.0
image_4647.jpg,1024,683,1.499267935578331,118.43447737463397,105.30167488332724,168.98018850658858,143.0,99.0,164.0
image_5559.jpg,240,240,1.0,109.68680555555555,73.89157986111111,136.79069444444445,62.0,60.0,137.0
image_3896.jpg,1015,720,1.4097222222222223,56.9543842364532,113.788526272578,143.87660372194856,48.0,119.0,145.0
image_392.jpg,220,295,0.7457627118644068,47.4953312788906,77.55366718027734,157.3593528505393,22.0,53.0,158.0
image_4121.jpg,900,601,1.497504159733777,54.8338879645036,123.93826585320761,107.44866888519135,51.0,120.0,107.0
image_7428.jpg,750,330,2.272727272727273,90.24815757575757,99.20115555555556,145.93918383838383,70.0,74.0,136.0
image_6736.jpg,240,240,1.0,77.19598958333333,71.90036458333333,94.89279513888889,42.0,49.0,79.0
image_9405.jpg,454,304,1.493421052631579,70.09640911198701,93.38817963134709,151.7642664618595,37.0,97.0,149.0
image_1059.jpg,474,300,1.58,156.54255977496484,86.83464135021097,45.627707454289734,163.0,91.0,35.0
image_8928.jpg,1280,720,1.7777777777777777,39.38344075520833,38.80641384548611,140.29657552083333,27.0,27.0,141.0
image_379.jpg,479,720,0.6652777777777777,70.57978137323127,46.970911621433544,160.3870070749246,31.0,35.0,183.0
image_4874.jpg,240,160,1.5,20.187734375,146.18466145833332,161.59684895833334,14.0,146.0,159.0
image_8096.jpg,656,369,1.7777777777777777,37.29379420318593,145.26245538370017,111.89324724039923,34.0,143.0,132.0
image_9388.jpg,450,279,1.6129032258064515,90.12530465949821,64.40174432497012,155.34296296296296,116.0,48.0,163.0
image_8082.jpg,660,342,1.9298245614035088,84.37078681552366,36.200124047492466,165.4658736487684,42.0,22.0,172.0
image_1918.jpg,560,470,1.1914893617021276,135.0838981762918,62.97772796352584,141.2236132218845,146.0,52.0,146.0
image_4860.jpg,1280,720,1.7777777777777777,37.37721462673611,100.13716579861111,122.61765733506944,36.0,96.0,127.0
image_3869.jpg,184,300,0.6133333333333333,101.06567028985508,18.438351449275363,243.3976811594203,28.0,8.0,253.0
image_6911.jpg,587,720,0.8152777777777778,58.69116032557259,85.24118635245127,181.52913590762824,22.0,94.0,184.0
image_3699.jpg,338,270,1.2518518518518518,121.43934911242603,83.99539776462854,161.39909051062898,151.0,83.0,177.0
image_2587.jpg,615,410,1.5,46.500214158239146,94.19767202062265,137.45300019829466,34.0,86.0,143.0
image_3841.jpg,489,327,1.4954128440366972,134.10226825012663,87.11424426058298,171.3398810528883,139.0,90.0,174.0
image_345.jpg,540,665,0.8120300751879699,100.08181843497633,66.28325257588415,160.51132275132275,126.0,66.0,160.0
image_8914.jpg,600,605,0.9917355371900827,57.30886225895317,26.636184573002755,149.76616253443527,35.0,26.0,152.0
image_6939.jpg,550,412,1.3349514563106797,123.88104148278906,95.99792144748456,135.8881729920565,156.0,74.0,130.0
image_1930.jpg,226,338,0.6686390532544378,48.16828559459601,151.23846677488612,204.78280619992668,27.0,196.0,232.0
image_6087.jpg,582,720,0.8083333333333333,52.68609917907598,34.94568537609775,199.80704944635357,45.0,23.0,206.0
image_423.jpg,380,284,1.3380281690140845,135.07479614529282,97.01342661230541,121.43819495922907,148.0,117.0,118.0
image_4848.jpg,286,500,0.572,50.50613986013986,60.36546853146853,174.4215174825175,27.0,44.0,236.0
image_4690.jpg,459,306,1.5,45.05166104204935,73.54902672761189,220.76068321300923,23.0,56.0,236.0
image_1924.jpg,400,400,1.0,74.9429125,154.49198125,162.8293125,65.0,155.0,178.0
image_6093.jpg,735,490,1.5,123.40087463556851,70.01198944884077,101.78349854227405,153.0,43.0,66.0
image_8900.jpg,500,375,1.3333333333333333,70.145744,71.11432533333333,116.85332266666667,24.0,54.0,130.0
image_2593.jpg,270,169,1.5976331360946745,129.288976550515,70.92603550295858,195.99235152312076,149.0,62.0,207.0
image_3855.jpg,500,333,1.5015015015015014,105.02930330330331,45.1336996996997,126.89604804804804,127.0,34.0,125.0
image_351.jpg,450,320,1.40625,98.32884027777777,67.44925,107.33291666666666,143.0,48.0,96.0
image_3712.jpg,480,480,1.0,114.60934461805556,22.60212673611111,211.4943967013889,42.0,13.0,220.0
image_5363.jpg,1024,680,1.5058823529411764,92.1416015625,153.73738798253677,121.10989343979779,58.0,168.0,114.0
image_9559.jpg,535,720,0.7430555555555556,38.23254672897196,113.56872274143302,137.86334631360333,21.0,114.0,136.0
image_8647.jpg,575,575,1.0,50.198799243856335,116.18385784499054,137.8387538752363,17.0,120.0,139.0
image_7574.jpg,800,533,1.5009380863039399,57.47354831144465,55.822460131332086,108.51792448405253,52.0,38.0,91.0
image_8121.jpg,1080,720,1.5,58.316036522633745,58.740898919753086,106.25696116255143,26.0,47.0,93.0
image_7212.jpg,450,300,1.5,29.102740740740742,51.71106666666667,182.3368,22.0,41.0,200.0
image_1663.jpg,500,332,1.5060240963855422,61.56963253012048,91.08401204819278,147.36581325301205,29.0,82.0,159.0
image_5405.jpg,357,512,0.697265625,22.61191351540616,66.02863489145658,247.78229494922968,7.0,81.0,253.0
image_3074.jpg,170,220,0.7727272727272727,66.64155080213904,34.09053475935829,194.2905614973262,10.0,12.0,222.0
image_5411.jpg,556,720,0.7722222222222223,78.69017036370903,61.66212529976019,152.0200639488409,16.0,51.0,151.0
image_3060.jpg,704,572,1.2307692307692308,177.04661425222505,54.82656796328671,184.74013628417038,208.0,18.0,197.0
image_8135.jpg,240,160,1.5,99.19002604166667,50.62684895833333,196.05721354166667,118.0,52.0,196.0
image_7206.jpg,768,512,1.5,31.435518900553387,90.20521036783855,152.12708536783853,24.0,74.0,166.0
image_6118.jpg,450,300,1.5,80.06748148148148,77.81467407407408,150.5839037037037,53.0,81.0,173.0
image_1677.jpg,492,328,1.5,81.80639004560777,63.87765219115606,136.99624479476503,29.0,36.0,136.0
image_7560.jpg,720,720,1.0,37.043375771604936,15.82207175925926,221.50885030864197,0.0,0.0,255.0
image_3706.jpg,252,168,1.5,93.26658163265306,86.43530328798185,126.36474867724868,51.0,76.0,128.0
image_4069.jpg,600,600,1.0,19.146855555555554,14.771844444444444,208.84211666666667,11.0,8.0,224.0
image_5377.jpg,522,720,0.725,55.97130693912303,85.48310983397191,204.3461339931886,25.0,45.0,222.0
image_2418.jpg,300,300,1.0,165.53098888888888,76.39138888888888,211.61685555555556,246.0,46.0,230.0
image_1139.jpg,720,720,1.0,147.49947916666667,130.32982060185185,121.57299189814815,236.0,111.0,117.0
image_6656.jpg,340,270,1.2592592592592593,117.04484749455338,45.92444444444445,99.12662309368191,155.0,29.0,107.0
image_9565.jpg,255,191,1.3350785340314135,39.77162508982651,92.9029257776409,204.53247099887076,25.0,74.0,222.0
image_7548.jpg,250,273,0.9157509157509157,87.52871794871795,108.03849084249084,192.82382417582417,32.0,100.0,211.0
image_4041.jpg,864,720,1.2,60.563057806069956,110.12202128343621,128.6705825617284,44.0,98.0,121.0
image_2430.jpg,750,350,2.142857142857143,85.27511238095238,98.60072380952381,160.00670476190476,42.0,62.0,172.0
image_5439.jpg,690,671,1.0283159463487332,62.7237132551459,85.23929674507009,99.3777079418562,56.0,68.0,106.0
image_594.jpg,597,480,1.24375,62.49747347850363,63.562573283082074,103.62685301507538,30.0,52.0,82.0
image_4727.jpg,500,333,1.5015015015015014,76.52667867867868,65.3997057057057,151.37366366366368,46.0,50.0,162.0
image_3048.jpg,960,720,1.3333333333333333,56.756048900462964,80.03727719907407,90.03874565972222,54.0,79.0,71.0
image_6130.jpg,500,485,1.0309278350515463,119.69746804123712,28.074292783505154,141.42832164948453,146.0,22.0,138.0
image_9203.jpg,1155,720,1.6041666666666667,163.38929653679654,97.96727633477633,103.56326839826839,229.0,95.0,88.0
image_8109.jpg,720,480,1.5,76.19021122685186,110.20102430555555,110.13902199074074,56.0,107.0,92.0
image_1893.jpg,550,353,1.5580736543909348,48.8183466391965,124.76487767190316,134.1291990728818,13.0,123.0,133.0
image_6124.jpg,150,203,0.7389162561576355,28.266633825944172,91.84499178981937,138.9543842364532,25.0,95.0,132.0
image_9217.jpg,964,720,1.3388888888888888,86.07780227063162,16.21502420470263,180.97909606961733,60.0,11.0,187.0
image_2342.jpg,670,400,1.675,85.42274253731344,98.88555597014926,107.88054850746269,60.0,98.0,84.0
image_580.jpg,318,344,0.9244186046511628,56.465097996197166,131.0026692994003,193.2829000292526,25.0,132.0,189.0
image_4055.jpg,1079,720,1.4986111111111111,115.49710637421481,89.32776490577696,208.43242328287508,149.0,115.0,225.0
image_2424.jpg,572,720,0.7944444444444444,55.25890637140637,50.39769570707071,213.9270371989122,26.0,53.0,230.0
image_9571.jpg,236,354,0.6666666666666666,78.97731734176003,78.11629799865939,132.99932969453224,35.0,71.0,132.0
image_8684.jpg,250,186,1.3440860215053763,69.38662365591398,62.62135483870968,96.71959139784946,24.0,57.0,86.0
image_3909.jpg,230,306,0.7516339869281046,97.64015345268542,29.343634555271382,125.12223643080421,53.0,12.0,129.0
image_4900.jpg,236,352,0.6704545454545454,90.70769934514638,67.89353813559322,156.4035655816641,47.0,66.0,158.0
image_1878.jpg,626,416,1.5048076923076923,99.84178775497665,63.569193137134434,178.6109647640698,143.0,59.0,187.0
image_4914.jpg,340,270,1.2592592592592593,23.79013071895425,113.96453159041394,154.3175708061002,21.0,110.0,156.0
image_219.jpg,450,300,1.5,128.8062148148148,86.62235555555556,169.87591851851852,148.0,89.0,180.0
image_8690.jpg,236,157,1.5031847133757963,45.4171704631329,63.168384972471124,197.49484508258664,21.0,54.0,205.0
image_6865.jpg,650,487,1.3347022587268993,125.67872374032538,106.95004896540831,131.39063655030802,153.0,94.0,114.0
image_8848.jpg,408,280,1.457142857142857,91.20612745098039,61.786151960784316,190.36031162464985,55.0,43.0,202.0
image_3935.jpg,226,160,1.4125,119.91197455752213,58.041067477876105,201.27043694690266,142.0,41.0,224.0
image_231.jpg,300,450,0.6666666666666666,102.75413333333333,28.750674074074073,163.64876296296296,127.0,7.0,251.0
image_8860.jpg,800,534,1.4981273408239701,109.44512172284644,62.89826310861423,124.05539091760299,151.0,40.0,107.0
image_1844.jpg,400,250,1.6,93.79257,49.54404,150.19342,54.0,33.0,143.0
image_2395.jpg,645,430,1.5,107.52821344871101,47.286897422029924,178.6899332972778,145.0,26.0,191.0
image_557.jpg,150,150,1.0,94.70702222222222,122.4324,186.68746666666667,114.0,131.0,195.0
image_4928.jpg,1024,683,1.499267935578331,88.53762696742314,83.7863873192716,215.7877470717423,119.0,80.0,224.0
image_543.jpg,300,198,1.5151515151515151,24.59382154882155,71.86186868686869,195.916936026936,16.0,69.0,207.0
image_1850.jpg,1024,422,2.4265402843601898,23.432605616854264,55.042566091528435,83.40171199274289,16.0,56.0,59.0
image_6859.jpg,236,354,0.6666666666666666,134.80959733792972,76.42688882505027,86.13620367710428,148.0,61.0,82.0
image_8874.jpg,236,188,1.2553191489361701,57.47732600072124,66.40752344031735,182.9396186440678,26.0,59.0,179.0
image_6681.jpg,400,314,1.2738853503184713,127.45199840764332,90.86275477707007,170.2599840764331,138.0,61.0,192.0
image_3921.jpg,340,270,1.2592592592592593,63.44334422657952,123.60527233115468,114.64900871459695,22.0,132.0,91.0
image_225.jpg,1087,720,1.5097222222222222,75.37904144945313,39.48911376878258,159.2395328631299,28.0,34.0,186.0
image_4096.jpg,900,331,2.719033232628399,103.98656260490097,162.40163141993958,132.18682108089962,145.0,179.0,110.0
image_3276.jpg,360,240,1.5,11.813043981481481,44.075578703703705,198.64788194444444,11.0,24.0,220.0
image_972.jpg,450,300,1.5,53.40456296296296,59.943392592592595,172.34042962962963,30.0,28.0,185.0
image_4519.jpg,474,316,1.5,73.8265101746515,51.366754793569406,148.66147919670993,42.0,23.0,161.0
image_5607.jpg,800,450,1.7777777777777777,55.16585,135.79587222222221,132.91118055555555,30.0,138.0,134.0
image_2168.jpg,195,220,0.8863636363636364,87.72909090909091,67.20589743589744,232.11552447552447,129.0,29.5,242.0
image_7010.jpg,860,573,1.5008726003490402,108.24782864564308,73.13456309103454,123.85667843662486,138.0,56.0,124.0
image_9983.jpg,960,720,1.3333333333333333,79.06126880787038,120.07562934027777,122.8394212962963,58.0,126.0,124.0
image_7776.jpg,640,637,1.0047095761381475,33.44696575745683,137.84310979199373,179.0260743720565,23.0,128.0,182.0
image_8445.jpg,576,368,1.565217391304348,73.72580295138889,77.26018078200484,168.31769418025362,43.0,69.0,190.0
image_6468.jpg,236,314,0.7515923566878981,87.25101209111519,44.84633757961783,67.14035679585447,63.0,29.0,44.0
image_1307.jpg,474,632,0.75,70.60142939165732,169.98284195908775,146.70819980772313,19.0,172.0,149.0
image_5161.jpg,720,482,1.4937759336099585,139.02920988934994,71.83212021668972,166.47821288612263,149.0,56.0,181.0
image_3510.jpg,300,199,1.5075376884422111,77.09162479061976,69.31932998324959,127.14474036850922,67.0,75.0,133.0
image_5175.jpg,290,227,1.277533039647577,46.339647577092514,124.49238948807535,131.6695123803737,25.0,124.0,127.0
image_3504.jpg,640,480,1.3333333333333333,56.84156901041667,87.23740885416667,136.54978515625,56.0,77.0,146.0
image_9997.jpg,502,220,2.2818181818181817,155.72878486055777,110.29813473379211,97.19133466135459,172.0,127.0,63.0
image_7762.jpg,1024,640,1.6,21.8757568359375,152.1751724243164,100.3942855834961,15.0,140.0,96.0
image_8451.jpg,236,157,1.5031847133757963,32.0587552628738,95.16109791644176,124.34281550253698,21.0,82.0,92.0
image_1313.jpg,400,450,0.8888888888888888,54.62148888888889,74.97845,230.97702222222222,31.0,16.0,254.0
image_1475.jpg,960,720,1.3333333333333333,99.54400607638888,31.79042824074074,138.86859664351852,54.0,22.0,126.0
image_9029.jpg,471,720,0.6541666666666667,76.93314460957772,58.59959306440198,205.9465498938429,33.0,31.0,216.0
image_7004.jpg,480,214,2.2429906542056073,136.2702394859813,20.508060747663553,184.69230919003115,156.0,13.0,225.0
image_8337.jpg,720,720,1.0,200.35523533950618,23.860515046296296,191.857399691358,212.0,14.0,187.0
image_3262.jpg,341,499,0.6833667334669339,93.79793017119283,50.77667358176764,99.23969346317269,116.0,42.0,63.0
image_5613.jpg,645,720,0.8958333333333334,97.88501722652886,64.96510551248923,174.79393841515935,55.0,46.0,185.0
image_9001.jpg,270,270,1.0,115.02729766803841,60.21400548696845,139.68163237311384,100.0,44.0,141.0
image_6332.jpg,640,360,1.7777777777777777,88.50334635416667,94.39239583333334,141.48555989583335,30.0,95.0,134.0
image_4525.jpg,450,450,1.0,85.21432098765432,69.30600987654321,59.614370370370374,0.0,0.0,0.0
image_796.jpg,650,488,1.3319672131147542,53.44668348045397,58.75812736443884,88.37744955863808,40.0,50.0,82.0
image_2154.jpg,240,160,1.5,50.29666666666667,65.778203125,162.05940104166666,42.0,51.0,173.0
image_2632.jpg,500,345,1.4492753623188406,73.42994782608696,58.285304347826084,130.59788985507245,28.0,55.0,123.0
image_4243.jpg,700,470,1.4893617021276595,60.87662006079027,88.92368693009118,168.7690516717325,42.0,75.0,187.0
image_9767.jpg,423,700,0.6042857142857143,36.500408645727795,63.62351908139142,176.57470111448833,35.0,77.0,176.0
image_6454.jpg,675,662,1.0196374622356494,145.3545395546604,21.5141412106971,191.1459236880385,150.0,15.0,196.0
image_6440.jpg,400,300,1.3333333333333333,29.71875,115.48465833333333,99.09355833333333,23.0,103.0,81.0
image_7986.jpg,480,720,0.6666666666666666,101.31765625,56.566516203703706,99.40436342592592,59.0,36.0,87.0
image_2626.jpg,500,334,1.4970059880239521,66.84462275449101,85.10674251497007,169.71560479041915,34.0,73.0,181.0
image_5149.jpg,150,150,1.0,81.0628,88.63484444444444,186.40555555555557,31.0,79.0,218.0
image_4257.jpg,474,355,1.3352112676056338,70.12293932370595,69.13442087121888,175.34227729244665,31.0,52.0,182.0
image_4531.jpg,240,160,1.5,30.770442708333334,152.24330729166667,194.42455729166667,32.0,166.0,222.0
image_1449.jpg,500,499,1.002004008016032,40.694517034068134,70.643875751503,134.52708216432865,24.0,58.0,150.0
image_9015.jpg,600,450,1.3333333333333333,26.84638888888889,212.84404814814815,111.7129925925926,26.0,232.0,93.0
image_6326.jpg,850,638,1.3322884012539185,54.036409736308315,126.63891388530334,116.66607597270884,40.0,129.0,104.0
image_7038.jpg,225,169,1.331360946745562,26.497725180802103,22.026955950032875,218.77322813938198,24.0,9.0,246.0
image_769.jpg,1078,720,1.4972222222222222,108.80810142238714,51.84676484230056,178.23204880437024,138.0,37.0,208.0
image_2815.jpg,599,450,1.3311111111111111,54.855540716008164,38.042990168799854,193.02304581710257,42.0,34.0,214.0
image_9940.jpg,720,720,1.0,48.507735339506176,32.903020833333336,223.29864197530864,26.0,23.0,226.0
image_8486.jpg,1280,603,2.1227197346600333,98.12610903814262,38.90686800373134,115.20920657131012,106.0,34.0,103.0
image_7979.jpg,540,720,0.75,37.42075360082305,173.9665072016461,151.5671167695473,36.0,172.0,158.0
image_9954.jpg,474,296,1.6013513513513513,112.68874016421485,109.83064631086783,177.7312407344053,145.0,110.0,198.0
image_8492.jpg,230,230,1.0,61.99476370510397,91.0746124763705,204.03400756143668,34.0,78.0,215.0
image_2801.jpg,400,300,1.3333333333333333,134.179,106.7614,197.15108333333333,148.0,114.0,224.0
image_5808.jpg,480,720,0.6666666666666666,126.30129918981481,54.88572337962963,218.86205439814816,141.0,21.0,245.0
image_755.jpg,416,311,1.337620578778135,122.32856944100915,109.90000463764531,130.40802003462775,159.0,108.0,122.0
image_2197.jpg,450,299,1.5050167224080269,105.4976811594203,153.73711631363804,164.84755109624675,142.0,161.0,176.0
image_5820.jpg,260,167,1.5568862275449102,97.23348687240903,90.21017964071856,153.96395670198066,113.0,34.0,177.0
image_3289.jpg,906,720,1.2583333333333333,69.89492273730684,48.13598387294579,109.69248528329655,49.0,26.0,107.0
image_7951.jpg,440,270,1.6296296296296295,66.41973905723906,68.79992424242424,138.86210437710437,48.0,66.0,143.0
image_4280.jpg,236,315,0.7492063492063492,75.46676082862524,125.33050847457628,131.67697067527575,42.0,133.0,125.0
image_2829.jpg,300,300,1.0,62.941811111111114,33.38737777777778,230.67493333333334,18.0,22.0,241.0
image_4294.jpg,530,353,1.501416430594901,31.13070714629323,99.01199957239831,107.229985568443,23.0,86.0,104.0
image_6483.jpg,188,435,0.432183908045977,87.0468085106383,148.2930545365615,107.8822695035461,47.0,163.0,96.0
image_7945.jpg,1000,646,1.5479876160990713,78.04359752321982,65.42389783281733,134.53463931888544,34.0,31.0,127.0
image_9968.jpg,720,720,1.0,41.974014274691356,46.06703896604938,153.42554976851852,20.0,37.0,159.0
image_741.jpg,959,720,1.3319444444444444,33.83533628779979,69.68212692619628,136.2042665971498,20.0,53.0,132.0
image_999.jpg,491,720,0.6819444444444445,37.45761201629328,138.49318001810363,129.40253451007015,19.0,145.0,106.0
image_5834.jpg,238,250,0.952,26.79452100840336,31.331411764705884,243.52650420168067,0.0,0.0,255.0
image_9969.jpg,350,240,1.4583333333333333,24.720333333333333,183.79457142857143,96.51479761904761,24.0,185.0,79.0
image_7944.jpg,238,250,0.952,87.53574789915966,29.38741176470588,208.26927731092437,42.0,2.0,255.0
image_6482.jpg,500,370,1.3513513513513513,40.8864,59.72,152.0097189189189,28.0,57.0,161.0
image_4295.jpg,375,279,1.3440860215053763,105.79783990442056,29.82600716845878,165.8993835125448,145.0,12.0,195.0
image_5835.jpg,436,347,1.2564841498559078,33.95459112180419,23.94897284720937,231.6089746979351,0.0,0.0,255.0
image_998.jpg,274,182,1.5054945054945055,55.14777011309858,59.072511430175666,86.40877917702736,15.0,44.0,95.0
image_2182.jpg,426,640,0.665625,88.34844850352113,61.004991930751174,216.32753447769954,26.0,52.0,222.0
image_740.jpg,450,318,1.4150943396226414,76.28004192872118,53.04656883298393,241.5887351502446,40.0,3.0,255.0
image_3288.jpg,500,720,0.6944444444444444,120.87274722222222,85.24687777777778,104.25366111111111,156.0,90.0,97.0
image_5821.jpg,300,300,1.0,139.38662222222223,31.74513333333333,232.39935555555556,198.0,19.0,239.0
image_2196.jpg,560,350,1.6,65.77775510204081,75.32650510204081,90.44769387755102,12.0,60.0,79.0
image_754.jpg,345,376,0.9175531914893617,24.474067221708296,66.00255164970706,177.39710144927537,23.0,55.0,194.0
image_2828.jpg,200,180,1.1111111111111112,30.853694444444443,97.45458333333333,138.84419444444444,19.0,92.0,141.0
image_4281.jpg,600,400,1.5,96.06481666666667,129.56872083333334,125.42522083333333,99.0,136.0,123.0
image_7950.jpg,457,240,1.9041666666666666,99.85598103574034,110.8163202042305,118.99190371991247,112.0,108.0,101.0
image_6496.jpg,1024,673,1.5215453194650816,55.400161357726596,68.61164590685364,133.903358040026,33.0,40.0,138.0
image_2800.jpg,480,720,0.6666666666666666,28.20839409722222,63.18593460648148,196.87421585648147,20.0,45.0,210.0
image_8493.jpg,225,225,1.0,129.97104197530865,25.51678024691358,132.49985185185184,156.0,17.0,148.0
image_7978.jpg,720,720,1.0,88.86249614197531,68.1947087191358,137.71545331790122,73.0,63.0,138.0
image_5809.jpg,427,640,0.6671875,91.0371962822014,102.11095945550352,152.4697599531616,61.0,81.0,140.0
image_768.jpg,560,315,1.7777777777777777,194.10899659863946,161.29620181405895,131.01208049886623,191.0,160.0,122.0
image_8487.jpg,390,215,1.813953488372093,105.79507453786523,39.883315444245675,145.88460345855694,149.0,31.0,152.0
image_9941.jpg,513,397,1.292191435768262,119.02936742920834,88.10230235538468,154.80187664795912,142.0,75.0,163.0
image_9799.jpg,450,450,1.0,8.071792592592592,29.341585185185185,248.3372148148148,0.0,0.0,255.0
image_2814.jpg,500,262,1.9083969465648856,36.91927480916031,96.83938167938932,159.91141221374045,16.0,101.0,170.0
image_3539.jpg,290,220,1.3181818181818181,86.78484326018808,88.86564263322884,135.49862068965518,36.0,58.0,124.0
image_4256.jpg,450,305,1.4754098360655739,20.52154462659381,164.795956284153,182.4695956284153,19.0,174.0,193.0
image_2627.jpg,1000,350,2.857142857142857,71.32371142857143,58.99672,201.60217142857144,42.0,36.0,221.0
image_7987.jpg,449,297,1.5117845117845117,141.3887576582454,116.85206931977534,118.1900444684409,154.0,121.0,113.0
image_9772.jpg,350,219,1.5981735159817352,50.58388780169602,69.02083496412264,158.37868232224398,20.0,52.0,159.0
image_7039.jpg,924,720,1.2833333333333334,99.0128367003367,115.24823532948533,134.47613335738336,52.0,126.0,128.0
image_6327.jpg,530,700,0.7571428571428571,29.851962264150945,91.50077088948787,139.1577061994609,13.0,72.0,160.0
image_9014.jpg,260,195,1.3333333333333333,135.0006114398422,43.80798816568047,159.39788954635108,151.0,36.0,180.0
image_783.jpg,586,600,0.9766666666666667,58.12806882821388,109.76414675767919,145.91652445961319,7.0,101.0,141.0
image_2155.jpg,640,350,1.8285714285714285,157.68055803571428,38.471267857142855,203.09148214285713,153.0,35.0,221.0
image_797.jpg,658,370,1.7783783783783784,139.77943399326378,68.37335907335907,107.63172595087488,173.0,35.0,85.0
image_4524.jpg,540,720,0.75,122.52730967078189,38.28344135802469,190.6917772633745,155.0,24.0,203.0
image_7993.jpg,230,345,0.6666666666666666,70.54141146817895,76.91134215500945,142.49083805923127,51.0,73.0,153.0
image_9766.jpg,267,300,0.89,66.68776529338326,57.2403620474407,191.00761548064918,33.0,42.0,206.0
image_8478.jpg,768,513,1.4970760233918128,136.80856329191033,46.183819647498375,195.68680707846005,155.0,20.0,220.0
image_2633.jpg,500,500,1.0,30.014052,23.569068,198.344928,29.0,15.0,200.0
image_1312.jpg,403,273,1.4761904761904763,95.06707932266245,125.95688926458158,147.72273879966187,107.0,129.0,156.0
image_8450.jpg,794,550,1.4436363636363636,89.0801007556675,78.66774215708725,101.44729333638654,116.0,72.0,87.0
image_7763.jpg,480,319,1.5047021943573669,69.54664968652038,65.20497648902821,165.75315438871473,24.0,60.0,157.0
image_9996.jpg,770,500,1.54,107.43506753246753,29.11128311688312,157.4516181818182,143.0,17.0,176.0
image_3505.jpg,450,300,1.5,32.62362962962963,42.74164444444445,221.3167037037037,24.0,13.0,237.0
image_5174.jpg,480,319,1.5047021943573669,99.3826867816092,134.23799634273772,144.30594958202718,131.0,134.0,163.0
image_5612.jpg,500,615,0.8130081300813008,54.00770406504065,54.626760975609756,168.08381788617885,55.0,53.0,170.0
image_967.jpg,1079,720,1.4986111111111111,84.85531871074039,95.40397873545464,133.9046300586963,64.0,90.0,128.0
image_3263.jpg,960,720,1.3333333333333333,39.06286024305555,149.10712818287038,74.76961371527777,18.0,156.0,76.0
image_8336.jpg,508,677,0.7503692762186115,150.9154328382512,125.5237180009072,132.36587131741473,235.0,120.0,134.0
image_7005.jpg,1280,698,1.833810888252149,47.17943230659026,110.8171875,132.45397788323783,44.0,122.0,132.0
image_9028.jpg,640,427,1.4988290398126465,104.5605349824356,82.05065134660421,214.41760831381734,137.0,67.0,230.0
image_1474.jpg,360,260,1.3846153846153846,99.24791666666667,31.62144230769231,167.07810897435897,154.0,16.0,187.0
image_8322.jpg,300,200,1.5,157.33368333333334,27.4841,192.05058333333332,158.0,25.0,204.0
image_7011.jpg,640,360,1.7777777777777777,80.80352864583334,77.02868489583334,143.7286892361111,34.0,46.0,142.0
image_2169.jpg,170,255,0.6666666666666666,79.9635755478662,82.720461361015,145.71217993079586,55.0,73.0,139.0
image_5606.jpg,450,299,1.5050167224080269,123.4448978075065,30.729327387588256,204.377718320327,161.0,12.0,206.0
image_4518.jpg,320,240,1.3333333333333333,110.89359375,79.12171875,143.88196614583333,149.0,79.0,129.0
image_973.jpg,540,720,0.75,147.31756430041153,118.78238425925926,127.03664866255144,140.0,105.0,115.0
image_3277.jpg,236,327,0.7217125382262997,83.75804696003732,45.63486756854818,112.23903747473177,29.0,33.0,98.0
image_3511.jpg,474,237,2.0,83.08987163738004,66.1579340917588,105.63789634851965,42.0,54.0,102.0
image_5160.jpg,260,240,1.0833333333333333,24.226955128205127,134.5304967948718,176.65112179487178,19.0,137.0,198.0
image_6469.jpg,320,320,1.0,22.0183203125,67.03720703125,214.15982421875,26.0,9.0,228.0
image_8444.jpg,450,338,1.331360946745562,78.47683103221564,56.282445759368834,170.62070348454964,99.0,2.0,255.0
image_7777.jpg,1069,720,1.4847222222222223,95.37259380521775,69.83475080552957,209.41481394865397,59.0,38.0,220.0
image_9982.jpg,410,333,1.2312312312312312,134.38976781659707,44.21878707976269,102.13239581044459,142.0,41.0,95.0
image_1851.jpg,1084,720,1.5055555555555555,29.654726578515785,51.360702388273886,142.11186577490776,22.0,40.0,170.0
image_542.jpg,480,720,0.6666666666666666,96.52260127314815,96.24982638888889,155.23318576388888,63.0,86.0,174.0
image_4929.jpg,660,440,1.5,121.48637052341597,47.758946280991736,142.4234056473829,116.0,12.0,147.0
image_2380.jpg,1024,682,1.501466275659824,63.79191916009897,27.303620727181084,218.703352673662,26.0,16.0,231.0
image_4097.jpg,720,720,1.0,137.75993827160494,35.60710455246914,157.1512789351852,143.0,12.0,166.0
image_224.jpg,290,174,1.6666666666666667,79.7470669837495,59.99086405073325,126.72336504161713,54.0,38.0,122.0
image_5389.jpg,248,203,1.2216748768472907,42.117034800572064,36.3088948037502,194.13660019068806,26.0,25.0,201.0
image_3920.jpg,800,450,1.7777777777777777,103.08721388888888,131.227225,177.1827638888889,27.0,125.0,187.0
image_8875.jpg,415,277,1.4981949458483754,42.95967117567744,101.01905093297377,128.9889608977426,17.0,99.0,114.0
image_6858.jpg,1000,671,1.4903129657228018,86.3342041728763,32.43223695976155,149.34069001490312,123.0,26.0,149.0
image_6694.jpg,1080,720,1.5,20.967880658436215,109.37385030864198,136.20414094650206,22.0,88.0,155.0
image_8861.jpg,441,700,0.63,96.44953676708779,116.31615160349854,210.85641723356008,106.0,143.0,238.0
image_4083.jpg,1280,659,1.9423368740515934,35.39345836494689,125.5817087917299,143.18900441009106,18.0,119.0,143.0
image_230.jpg,366,502,0.7290836653386454,197.9859414799817,22.912513878910588,121.69783706703242,205.0,13.0,139.0
image_3934.jpg,720,720,1.0,68.38463348765433,61.322797067901234,165.0760802469136,44.0,36.0,169.0
image_2394.jpg,720,480,1.5,101.3544675925926,66.21886863425927,152.55831597222223,55.0,44.0,158.0
image_1845.jpg,450,600,0.75,100.12785555555556,44.998429629629626,138.05072962962964,65.0,28.0,175.0
image_4915.jpg,1079,720,1.4986111111111111,56.39283158274122,112.41630110184327,123.42217845741942,24.0,99.0,116.0
image_8849.jpg,357,450,0.7933333333333333,55.18778089013383,93.76417055711174,144.16187363834422,20.0,97.0,150.0
image_6864.jpg,229,300,0.7633333333333333,20.08570596797671,39.109272197962156,233.44836972343523,0.0,0.0,254.0
image_8691.jpg,80,80,1.0,0.0,0.0,214.609375,0.0,0.0,255.0
image_218.jpg,135,135,1.0,41.753964334705074,140.52521262002745,153.84581618655693,25.0,138.0,163.0
image_3908.jpg,500,500,1.0,117.407288,86.137972,111.203708,137.0,54.0,70.0
image_6870.jpg,450,299,1.5050167224080269,34.1840431066518,65.97731698253438,196.1868376068376,23.0,25.0,197.0
image_8685.jpg,500,625,0.8,142.2913728,160.5069888,145.972464,145.0,163.0,143.0
image_1879.jpg,443,443,1.0,23.82821313739178,135.99013498157953,177.9235766806455,24.0,158.0,195.0
image_4901.jpg,400,240,1.6666666666666667,86.44745833333333,110.08926041666666,94.89242708333333,16.0,108.0,76.0
image_4732.jpg,400,300,1.3333333333333333,86.19984166666667,90.42355,113.24974166666667,54.0,83.0,107.0
image_581.jpg,224,224,1.0,72.65387834821429,115.27760283801021,125.90421715561224,48.0,103.0,126.0
image_2343.jpg,220,200,1.1,69.82756818181818,87.99463636363636,163.8935909090909,24.0,55.0,192.0
image_9216.jpg,236,314,0.7515923566878981,33.0448693727734,35.68785760552737,154.23382003670517,30.0,30.0,171.0
image_8108.jpg,1024,685,1.494890510948905,27.306746122262773,115.01921333257299,185.62710566833942,17.0,118.0,199.0
image_1892.jpg,450,300,1.5,41.58147407407407,70.73264444444445,147.72523703703703,24.0,67.0,167.0
image_9570.jpg,539,720,0.7486111111111111,23.834557307771593,127.40167748917749,159.24176458462173,12.0,134.0,165.0
image_4054.jpg,480,480,1.0,97.3975390625,99.99924913194444,155.45019965277777,70.0,95.0,159.0
image_2431.jpg,236,354,0.6666666666666666,166.98952647706597,128.74107057358995,55.267906731782055,170.0,137.0,40.0
image_7549.jpg,422,307,1.3745928338762214,86.97222779690323,68.9670407706439,93.70153758278401,47.0,55.0,90.0
image_9564.jpg,300,302,0.9933774834437086,56.93616997792495,103.80550772626931,128.35700883002207,48.0,78.0,131.0
image_1138.jpg,150,150,1.0,39.09977777777778,201.32742222222222,151.1584,14.0,211.0,149.0
image_9202.jpg,415,720,0.5763888888888888,187.45352074966533,37.55215863453815,158.17988955823293,175.0,21.0,168.0
image_6131.jpg,249,322,0.7732919254658385,102.67400034922298,89.73421636857991,102.94825263788071,117.0,84.0,90.0
image_3049.jpg,948,720,1.3166666666666667,0.0,0.0,114.27397884435068,0.0,0.0,92.0
image_4726.jpg,450,300,1.5,70.5898,58.60944444444444,182.44965185185185,24.0,58.0,206.0
image_595.jpg,640,427,1.4988290398126465,41.86461138758782,96.09311329039812,146.49565646955503,16.0,90.0,152.0
image_5438.jpg,540,720,0.75,22.843220164609054,109.1005658436214,143.91665380658435,23.0,102.0,166.0
image_2357.jpg,480,680,0.7058823529411765,97.45172487745099,39.44869791666667,163.2066237745098,12.0,31.0,169.0
image_6119.jpg,322,322,1.0,21.68085722001466,105.964594344354,95.57636665252112,21.0,94.0,66.0
image_7207.jpg,474,474,1.0,42.75371201196389,8.474736954547883,236.84381509373497,0.0,0.0,253.0
image_8134.jpg,512,384,1.3333333333333333,25.573130289713543,98.99883524576823,133.59730021158853,19.0,81.0,127.0
image_3061.jpg,118,160,0.7375,42.55042372881356,74.83670550847458,166.15503177966102,17.0,58.0,185.0
image_5410.jpg,370,248,1.4919354838709677,74.29023539668701,112.23050348735832,106.92266782911945,63.0,95.0,97.0
image_2419.jpg,590,720,0.8194444444444444,55.747368173258,94.3625988700565,180.96342278719396,31.0,85.0,199.0
image_5376.jpg,216,146,1.4794520547945205,166.4265601217656,115.51471334348047,152.17367453069508,247.0,100.0,149.0
image_4068.jpg,650,433,1.5011547344110854,107.55356191152958,50.593327411618404,103.97004441286197,138.0,40.0,82.0
image_3707.jpg,260,195,1.3333333333333333,92.95994082840237,45.972347140039446,178.96457593688362,47.0,19.0,190.0
image_7561.jpg,450,575,0.782608695652174,44.214090821256036,49.62083864734299,194.0046685990338,33.0,34.0,215.0
image_1110.jpg,600,600,1.0,153.26382777777778,61.48490833333334,107.579475,175.0,24.0,109.0
image_7575.jpg,1080,720,1.5,42.26958333333334,11.966440329218107,211.32219521604938,0.0,0.0,255.0
image_8646.jpg,240,149,1.610738255033557,0.0,0.0,117.62494407158837,0.0,0.0,112.0
image_5362.jpg,250,250,1.0,96.695248,88.319104,151.036848,60.0,90.0,159.0
image_3713.jpg,80,80,1.0,0.0,0.0,214.609375,0.0,0.0,255.0
image_3075.jpg,400,400,1.0,31.00359375,32.02309375,233.11410625,0.0,0.0,255.0
image_5404.jpg,300,225,1.3333333333333333,39.65574814814815,60.55445925925926,136.83887407407408,29.0,51.0,129.0
image_1662.jpg,183,275,0.6654545454545454,47.926040735221065,97.1177347242921,154.3318032786885,21.0,80.0,161.0
image_7213.jpg,450,253,1.7786561264822134,76.18471673254282,105.87778656126483,202.24557751427318,116.0,83.0,212.0
image_8120.jpg,720,720,1.0,112.83697337962963,30.30183063271605,135.435,116.0,13.0,133.0
image_6092.jpg,450,450,1.0,27.857767901234567,34.60695308641975,240.12133827160494,0.0,0.0,255.0
image_1925.jpg,80,80,1.0,0.0,0.0,214.609375,0.0,0.0,255.0
image_436.jpg,520,293,1.7747440273037542,104.98521921764242,51.508545550013125,105.29237988973483,106.0,48.0,92.0
image_350.jpg,309,500,0.618,108.99042071197411,77.94715210355987,124.2232427184466,131.0,77.0,118.0
image_3854.jpg,450,300,1.5,128.32745925925926,57.7925037037037,166.7845925925926,157.0,12.0,199.0
image_2592.jpg,246,370,0.6648648648648648,84.29970336189848,91.44778070753681,170.46704021094266,8.0,85.0,188.0
image_8901.jpg,400,242,1.6528925619834711,86.39622933884297,81.66003099173554,158.67227272727274,30.0,70.0,171.0
image_6938.jpg,414,414,1.0,41.996160937244746,98.89956008308245,119.15465355084133,26.0,98.0,116.0
image_8915.jpg,510,720,0.7083333333333334,42.55963235294118,136.03885620915034,55.64494008714597,29.0,143.0,42.0
image_2586.jpg,368,480,0.7666666666666667,81.69220448369565,86.92079936594203,96.2423686594203,65.0,72.0,83.0
image_3698.jpg,402,220,1.8272727272727274,44.672184531886025,98.63527815468115,127.16045906829488,40.0,99.0,120.0
image_4849.jpg,424,640,0.6625,20.117662883254717,71.8289504716981,139.88325840212264,11.0,63.0,118.0
image_422.jpg,307,490,0.6265306122448979,157.27708568769526,19.252615834607457,123.83170910057834,162.0,17.0,99.0
image_6086.jpg,731,720,1.0152777777777777,142.7969543243654,125.68044535643715,163.2878476972184,155.0,143.0,176.0
image_1931.jpg,1,1,1.0,0.0,0.0,255.0,0.0,0.0,255.0
image_7398.jpg,236,184,1.2826086956521738,76.11115972733973,46.72832995578482,135.0679347826087,42.0,32.0,138.0
image_4861.jpg,1200,700,1.7142857142857142,140.43703214285713,61.90631428571429,130.03695238095239,148.0,59.0,129.0
image_8083.jpg,1080,720,1.5,189.43606224279836,139.5301774691358,90.87900591563786,196.0,119.0,35.0
image_6910.jpg,479,720,0.6652777777777777,23.98239967524936,125.83288680120621,169.8754465321271,24.0,104.0,185.0
image_3868.jpg,450,300,1.5,97.31397777777778,102.3729925925926,145.70995555555555,110.0,103.0,146.0
image_378.jpg,340,270,1.2592592592592593,67.52583877995643,53.82944444444445,202.88356209150328,21.0,38.0,212.0
image_6904.jpg,500,333,1.5015015015015014,57.146696696696694,77.55253453453453,179.82565165165164,18.0,57.0,208.0
image_8929.jpg,480,720,0.6666666666666666,46.256484375,48.78007233796296,184.934296875,22.0,36.0,219.0
image_9389.jpg,236,353,0.6685552407932012,54.64173908868296,87.80844576751332,148.35920919959668,22.0,44.0,152.0
image_8097.jpg,236,531,0.4444444444444444,67.256000829902,126.21773755944972,101.90634875035909,26.0,123.0,95.0
image_4875.jpg,236,314,0.7515923566878981,171.91266328403324,120.330157616323,149.15003238691568,187.0,130.0,153.0
image_2237.jpg,183,275,0.6654545454545454,46.360496770988576,29.501758569299554,127.96761053154496,24.0,23.0,127.0
image_5558.jpg,340,340,1.0,50.3530276816609,25.359212802768166,44.991176470588236,34.0,22.0,36.0
image_4646.jpg,500,366,1.366120218579235,83.59805464480874,119.48253005464481,132.80748087431695,41.0,115.0,123.0
image_9362.jpg,280,211,1.3270142180094786,54.41051117129316,83.44212931618145,196.58559580230195,25.0,88.0,212.0
image_6051.jpg,235,434,0.5414746543778802,102.89545053436612,63.69647024218061,204.08061574664183,42.0,19.0,250.0
image_6737.jpg,300,450,0.6666666666666666,113.1449037037037,51.642214814814814,211.80242222222222,145.0,22.0,232.0
image_7429.jpg,236,500,0.472,23.472872881355933,64.82410169491526,216.3256525423729,24.0,65.0,225.0
image_4120.jpg,430,300,1.4333333333333333,38.24178294573643,119.19364341085272,107.666,18.0,138.0,100.0
image_393.jpg,840,430,1.9534883720930232,64.01240310077519,119.63994186046511,120.33998338870433,31.0,111.0,120.0
image_2551.jpg,640,367,1.7438692098092643,88.86868613760218,73.71269584468665,155.0779121253406,60.0,63.0,173.0
image_4134.jpg,290,180,1.6111111111111112,77.76611111111112,92.39180076628352,122.26783524904215,49.0,77.0,104.0
image_387.jpg,228,228,1.0,56.50800246229609,108.20731378885812,170.7462103724223,49.0,132.0,196.0
image_3883.jpg,238,250,0.952,87.73635294117648,50.51334453781513,205.50826890756304,106.0,76.0,248.0
image_2545.jpg,685,456,1.5021929824561404,93.23999551799206,64.50648930720963,121.93571520040979,30.0,61.0,126.0
image_9410.jpg,600,450,1.3333333333333333,63.38805555555555,73.10275185185185,83.84893333333333,56.0,75.0,58.0
image_6723.jpg,800,600,1.3333333333333333,51.97060625,171.07826875,108.5111125,45.0,201.0,104.0
image_8068.jpg,450,300,1.5,70.34905185185185,92.25922222222222,182.03746666666666,37.0,75.0,195.0
image_9376.jpg,626,470,1.3319148936170213,21.500244714839237,25.369961253483787,244.89907552171843,0.0,0.0,255.0
image_2223.jpg,459,720,0.6375,18.98218954248366,21.947785039941902,208.40625151295086,18.0,12.0,220.0
image_4652.jpg,236,373,0.6327077747989276,42.630890171309126,98.04379288408234,186.17193393011314,36.0,90.0,219.0
image_7373.jpg,474,316,1.5,86.2297174598088,42.2856446616461,133.60004406345138,35.0,18.0,120.0
image_17.jpg,800,600,1.3333333333333333,110.23716041666667,31.201285416666668,133.13192708333332,122.0,21.0,134.0
image_8040.jpg,320,240,1.3333333333333333,88.2940625,95.31479166666666,130.59490885416668,48.0,75.0,132.0
image_1702.jpg,300,450,0.6666666666666666,41.44236296296296,107.39615555555555,97.55835555555555,15.0,114.0,75.0
image_5564.jpg,480,720,0.6666666666666666,36.84084780092593,75.2724855324074,114.99436631944444,18.0,60.0,113.0
image_3115.jpg,112,118,0.9491525423728814,57.82521186440678,79.68984564164649,187.31446731234865,42.0,5.0,254.0
image_3673.jpg,564,379,1.4881266490765173,24.741850521154962,96.90731956062052,133.01512939987649,22.0,87.0,141.0
image_5202.jpg,340,270,1.2592592592592593,139.08959694989107,34.98685185185185,166.9728431372549,146.0,10.0,208.0
image_1064.jpg,370,240,1.5416666666666667,79.29436936936936,109.61202702702703,143.63361486486485,53.0,99.0,145.0
image_8726.jpg,1200,675,1.7777777777777777,112.10660864197531,55.15793703703704,169.63227654320988,140.0,30.0,179.0
image_7401.jpg,1080,720,1.5,169.99440200617283,100.4395781893004,148.39616898148148,206.0,94.0,145.0
image_8732.jpg,600,400,1.5,136.7978875,76.25697083333333,184.92873333333333,144.0,44.0,199.0
image_3667.jpg,150,150,1.0,60.12888888888889,104.74297777777778,115.85075555555555,18.0,94.0,109.0
image_4108.jpg,480,720,0.6666666666666666,67.73505497685186,47.397702546296294,226.05031539351853,22.0,25.0,244.0
image_5216.jpg,728,600,1.2133333333333334,75.74480311355312,18.566641483516484,102.51582646520147,59.0,11.0,104.0
image_2579.jpg,300,300,1.0,19.295288888888887,216.43568888888888,204.02903333333333,17.0,221.0,211.0
image_5570.jpg,300,168,1.7857142857142858,75.0905753968254,90.47539682539683,167.1955753968254,63.0,95.0,149.0
image_7367.jpg,340,270,1.2592592592592593,33.594607843137254,121.80355119825708,184.93516339869282,12.0,121.0,189.0
image_8054.jpg,615,409,1.5036674816625917,22.957993917347487,190.4080068380146,100.74514083527143,24.0,190.0,101.0
image_6079.jpg,183,275,0.6654545454545454,75.13247888723299,43.413492300049676,221.95002483854944,0.0,0.0,255.0
image_1716.jpg,254,291,0.872852233676976,72.79956435857889,109.08109424466272,132.9249939118435,23.0,111.0,127.0
image_7830.jpg,775,435,1.7816091954022988,51.28231071560994,62.212048943270304,171.9016566555432,40.0,52.0,196.0
image_1299.jpg,500,500,1.0,25.595864,21.076388,227.16278,0.0,0.0,255.0
image_2948.jpg,1280,720,1.7777777777777777,42.152445746527775,71.19778754340278,134.81972981770832,25.0,50.0,140.0
image_2790.jpg,350,218,1.6055045871559632,117.6253997378768,69.90310615989515,146.67993446920053,147.0,36.0,150.0
image_152.jpg,1082,720,1.5027777777777778,93.73472478948449,161.83375436434585,130.6454366913124,127.0,163.0,122.0
image_5799.jpg,766,415,1.8457831325301204,24.292642108905596,128.85603510648338,167.1738179873541,17.0,128.0,183.0
image_634.jpg,300,200,1.5,53.60443333333333,155.10595,69.60775,35.0,159.0,31.0
image_5941.jpg,960,720,1.3333333333333333,133.33858506944443,97.08017650462963,144.5084982638889,115.0,105.0,162.0
image_6290.jpg,330,440,0.75,33.84987603305785,88.13710743801653,158.52066804407713,17.0,100.0,154.0
image_6284.jpg,600,432,1.3888888888888888,127.9175,71.65718364197531,145.26893904320988,141.0,60.0,151.0
image_620.jpg,570,428,1.3317757009345794,20.284927857025743,103.90241433021806,126.40771028037383,18.0,92.0,132.0
image_4493.jpg,236,157,1.5031847133757963,82.14846701932419,73.50769189247544,210.2746410450178,48.0,46.0,215.0
image_146.jpg,284,160,1.775,125.64212147887324,59.55308098591549,152.4796434859155,154.0,55.0,164.0
image_7824.jpg,276,183,1.5081967213114753,98.11287320820465,51.88550328660806,108.84507404767561,127.0,36.0,91.0
image_9809.jpg,688,458,1.502183406113537,72.79142441860465,108.07752995836296,145.83593670661116,29.0,98.0,139.0
image_2974.jpg,236,353,0.6685552407932012,113.64626446439718,136.02460748067412,131.6501656503577,143.0,114.0,131.0
image_9821.jpg,400,504,0.7936507936507936,57.28498511904762,95.61265873015873,154.13093253968253,20.0,69.0,148.0
image_8281.jpg,1079,720,1.4986111111111111,50.389482288126864,73.66884460920606,145.67847415302234,25.0,63.0,149.0
image_608.jpg,400,300,1.3333333333333333,116.86529166666666,36.87554166666666,157.304925,120.0,31.0,164.0
image_5969.jpg,340,270,1.2592592592592593,153.3114705882353,33.16069716775599,242.45410675381262,210.0,21.0,248.0
image_8295.jpg,1081,720,1.5013888888888889,44.78582588138555,121.26520968239285,125.54275105355124,30.0,123.0,115.0
image_7818.jpg,500,625,0.8,27.5462624,105.7362432,146.2805216,23.0,105.0,155.0
image_9835.jpg,480,720,0.6666666666666666,72.47789930555555,67.52472800925926,189.50773726851853,35.0,34.0,206.0
image_2960.jpg,300,168,1.7857142857142858,47.44269841269841,37.831646825396824,85.65785714285714,24.0,30.0,73.0
image_2753.jpg,500,368,1.358695652173913,42.3383097826087,60.037559782608696,101.05347826086957,18.0,44.0,97.0
image_191.jpg,80,80,1.0,0.0,0.0,214.609375,0.0,0.0,255.0
image_8518.jpg,350,350,1.0,152.63755918367346,35.23477551020408,142.7696,161.0,22.0,144.0
image_6535.jpg,236,173,1.3641618497109826,65.86977074556677,54.69991182521799,112.42473302635446,29.0,45.0,113.0
image_9606.jpg,480,720,0.6666666666666666,75.1727662037037,46.11301793981482,161.55560185185186,61.0,42.0,144.0
image_6253.jpg,540,720,0.75,43.29143004115226,21.271013374485598,153.49597222222224,35.0,11.0,168.0
image_9160.jpg,120,120,1.0,106.84597222222222,95.11965277777777,145.3920138888889,138.0,79.0,131.0
image_5982.jpg,720,720,1.0,18.309610339506172,125.01716435185185,47.45413580246914,16.0,127.0,42.0
image_4444.jpg,1000,667,1.4992503748125936,97.63398650674662,45.5476311844078,170.9845532233883,127.0,24.0,175.0
image_5996.jpg,427,285,1.4982456140350877,148.0420395250421,66.83927030691483,151.51301203829246,150.0,61.0,174.0
image_4450.jpg,480,720,0.6666666666666666,117.48054976851851,84.29313657407407,123.73680266203704,148.0,71.0,106.0
image_1528.jpg,620,273,2.271062271062271,86.84919059435188,155.14357201937847,198.718509984639,140.0,195.0,220.0
image_6247.jpg,640,427,1.4988290398126465,51.2131806206089,41.533998097189695,172.0915105386417,25.0,32.0,194.0
image_9174.jpg,474,474,1.0,35.46348519646068,80.51098915772045,219.59147839555627,28.0,57.0,236.0
image_7159.jpg,340,270,1.2592592592592593,121.24467320261438,91.76547930283225,213.90992374727668,122.0,44.0,238.0
image_6521.jpg,232,248,0.9354838709677419,72.0507334538376,111.83271343159066,89.1945738320356,51.0,106.0,78.0
image_9612.jpg,1024,683,1.499267935578331,50.05153762124817,124.92198938506588,155.59576746659957,21.0,133.0,163.0
image_2747.jpg,160,315,0.5079365079365079,56.64105158730159,49.91154761904762,155.90890873015874,36.0,33.0,164.0
image_5028.jpg,720,720,1.0,24.952052469135804,151.8099652777778,208.4290489969136,24.0,150.0,218.0
image_4336.jpg,170,170,1.0,96.13899653979239,38.114117647058826,232.10314878892734,70.0,27.0,244.0
image_3459.jpg,872,720,1.211111111111111,110.38495476554536,105.927624872579,139.1317740188583,159.0,81.0,146.0
image_8524.jpg,230,230,1.0,35.984669187145556,152.92198487712665,158.1456143667297,28.0,148.0,169.0
image_7617.jpg,764,554,1.3790613718411553,74.07747793297673,87.3652234108908,137.54873646209387,35.0,78.0,148.0
image_6509.jpg,230,230,1.0,34.09434782608696,49.943780718336484,197.86047258979207,24.0,23.0,208.0
image_1266.jpg,420,480,0.875,170.2086507936508,16.872247023809525,147.25423115079366,205.0,9.0,162.0
image_5000.jpg,636,288,2.2083333333333335,48.53952109538784,98.713803721174,114.33503122816212,27.0,106.0,118.0
image_3471.jpg,421,450,0.9355555555555556,61.56211137503299,86.53975191343362,191.44064924782265,0.0,0.0,255.0
image_813.jpg,793,489,1.621676891615542,107.51244400776736,141.08361248862104,151.48806917377772,141.0,129.0,163.0
image_3317.jpg,860,573,1.5008726003490402,85.14416169487399,63.28787694305775,108.35210844595966,63.0,38.0,68.0
image_4478.jpg,260,195,1.3333333333333333,78.09,46.98086785009862,148.01976331360947,49.0,40.0,160.0
image_5766.jpg,1012,620,1.632258064516129,25.893180224403928,4.338550299630244,243.40289430065027,0.0,0.0,255.0
image_2009.jpg,450,300,1.5,82.26830370370371,155.22097037037037,229.38817777777777,48.0,193.0,245.0
image_1500.jpg,375,500,0.75,127.061824,111.51458133333334,147.05618666666666,136.0,103.0,136.0
image_8242.jpg,1000,685,1.4598540145985401,81.6440905109489,69.32106131386861,158.4577299270073,37.0,58.0,153.0
image_7171.jpg,993,720,1.3791666666666667,55.62065570101824,62.892479299541236,169.20073011077542,22.0,48.0,182.0
image_1514.jpg,300,200,1.5,116.78916666666667,52.522616666666664,219.22423333333333,134.0,27.0,228.0
image_9148.jpg,900,667,1.3493253373313343,151.65546560053306,125.85363484924204,127.87049641845744,152.0,150.0,134.0
image_8256.jpg,580,389,1.4910025706940875,125.76190497296339,113.99914901161245,168.47617232514847,145.0,119.0,182.0
image_807.jpg,720,720,1.0,67.66009259259259,96.40186342592592,166.5857986111111,36.0,72.0,187.0
image_3303.jpg,236,314,0.7515923566878981,53.10539242146173,141.87675429126634,172.45527906725684,18.0,170.0,186.0
image_5772.jpg,600,720,0.8333333333333334,49.284136574074076,109.75591898148149,136.4712800925926,24.0,110.0,141.0
image_5014.jpg,363,280,1.2964285714285715,92.68761314443132,59.34153876426603,107.40790043290043,48.0,43.0,85.0
image_3465.jpg,276,183,1.5081967213114753,109.10071671814366,65.22150946384731,173.59059950898867,131.0,31.0,188.0
image_8530.jpg,888,592,1.5,151.20063116325784,57.37260127526175,171.56876597881666,159.0,9.0,170.0
image_7603.jpg,200,200,1.0,103.8053,77.636625,125.013425,99.0,75.0,117.0
image_2743.jpg,338,338,1.0,45.48887468926158,49.868745842232414,224.63518434228493,26.0,52.0,242.0
image_181.jpg,238,250,0.952,103.5869075630252,65.82020168067227,221.1338487394958,132.0,51.0,236.0
image_9616.jpg,450,675,0.6666666666666666,142.81826172839507,53.438024691358024,189.11407736625515,151.0,39.0,204.0
image_6525.jpg,600,499,1.2024048096192386,40.41661656646627,66.09855711422846,180.27348363393455,20.0,70.0,167.0
image_8508.jpg,600,370,1.6216216216216217,0.20161261261261262,0.004252252252252252,196.7060810810811,0.0,0.0,255.0
image_9170.jpg,587,308,1.905844155844156,52.00659306621828,70.40572800283192,132.5110621916414,34.0,52.0,139.0
image_6243.jpg,500,650,0.7692307692307693,22.295313846153846,124.36356615384615,139.98144,10.0,139.0,127.0
image_2025.jpg,485,324,1.4969135802469136,125.86482754231895,89.95785287005218,91.55157821051291,150.0,77.0,64.0
image_5992.jpg,300,450,0.6666666666666666,120.94411111111111,33.91855555555556,187.5620888888889,152.0,28.0,192.0
image_4454.jpg,260,195,1.3333333333333333,67.47205128205128,34.023057199211046,176.79382642998027,29.0,8.0,192.0
image_2031.jpg,300,300,1.0,43.617533333333334,80.94115555555555,98.69201111111111,35.0,77.0,89.0
image_5986.jpg,450,300,1.5,183.0420814814815,130.18887407407408,152.53987407407408,215.0,121.0,161.0
image_4440.jpg,450,300,1.5,86.55102962962962,135.9946148148148,195.0798888888889,63.0,143.0,194.0
image_7149.jpg,236,236,1.0,55.19272479172651,29.827779373743176,207.77937374317725,16.0,3.0,254.0
image_1538.jpg,235,311,0.7556270096463023,27.43713484299104,88.9323390572621,130.9307792296641,28.0,60.0,152.0
image_9164.jpg,340,270,1.2592592592592593,63.42062091503268,68.215,155.68544662309367,22.0,70.0,169.0
image_9602.jpg,220,200,1.1,85.88722727272727,123.7385909090909,144.82888636363637,27.0,118.0,143.0
image_6531.jpg,481,720,0.6680555555555555,56.32949584199584,46.98873873873874,197.9466995841996,51.0,41.0,210.0
image_4326.jpg,263,300,0.8766666666666667,15.137756653992396,87.01821292775665,79.9322813688213,12.0,100.0,55.0
image_3449.jpg,160,160,1.0,60.0235546875,46.96375,187.04359375,21.0,31.0,196.0
image_5038.jpg,200,200,1.0,51.3791,74.260075,227.974675,16.0,6.0,255.0
image_195.jpg,936,526,1.779467680608365,106.50246376458354,118.9380565304995,186.6245044034968,147.0,129.0,226.0
image_1276.jpg,340,255,1.3333333333333333,6.91764705882353,0.7411764705882353,243.78420991926183,0.0,0.0,245.0
image_7607.jpg,1152,720,1.6,41.24262755594136,90.66748408564816,135.27363884066358,21.0,95.0,159.0
image_8534.jpg,1200,646,1.8575851393188854,125.50272961816306,91.61398864809081,116.0434907120743,138.0,91.0,114.0
image_3461.jpg,768,510,1.5058823529411764,16.877351409313725,30.173406862745097,227.33766084558823,0.0,0.0,236.0
image_5010.jpg,80,80,1.0,0.0,0.0,214.609375,0.0,0.0,255.0
image_5776.jpg,480,360,1.3333333333333333,59.35300347222222,86.16402777777778,146.27067708333334,39.0,69.0,182.0
image_2019.jpg,327,450,0.7266666666666667,46.06903160040775,53.74672103295956,202.84224940536868,19.0,25.0,245.0
image_3307.jpg,600,600,1.0,117.64016944444444,55.17281666666667,149.86433888888888,140.0,39.0,144.0
image_803.jpg,964,642,1.5015576323987538,131.1304242447745,31.461647341683793,205.25519964840166,157.0,21.0,221.0
image_4468.jpg,340,340,1.0,46.19266435986159,116.1184688581315,185.07470588235293,25.0,105.0,190.0
image_7161.jpg,1079,720,1.4986111111111111,87.01398542889507,41.23274508289568,121.97592935845948,70.0,30.0,104.0
image_8252.jpg,450,600,0.75,39.76252222222222,67.52731111111112,219.4284037037037,15.0,52.0,224.0
image_1510.jpg,236,236,1.0,76.7683855214019,44.34961218040793,179.02949942545246,28.0,31.0,190.0
image_7175.jpg,188,199,0.9447236180904522,45.24425318079761,34.997059766919705,165.14316262161873,34.0,29.0,194.0
image_8246.jpg,220,220,1.0,107.67086776859504,17.859235537190084,217.6875826446281,106.0,5.0,233.0
image_1504.jpg,236,312,0.7564102564102564,24.723870056497177,23.446300521512384,117.32901455888744,18.0,8.0,135.0
image_9158.jpg,346,720,0.48055555555555557,96.3815791586384,57.29782434168272,144.47908638407193,113.0,24.0,141.0
image_817.jpg,445,720,0.6180555555555556,117.54161985018726,47.01816479400749,221.91387952559302,106.0,4.0,225.0
image_3475.jpg,590,590,1.0,110.62608158575122,69.8168170066073,149.86690318873886,138.0,58.0,158.0
image_5004.jpg,450,296,1.5202702702702702,62.3521021021021,80.76214714714715,239.15777027027028,42.0,70.0,249.0
image_1262.jpg,650,440,1.4772727272727273,26.484136363636363,74.26734265734265,195.71184265734266,24.0,74.0,200.0
image_7613.jpg,400,400,1.0,61.7530875,115.05075,165.0686125,40.0,90.0,172.0
image_8520.jpg,427,285,1.4982456140350877,125.20836517523317,79.03375652245367,108.66860594108222,148.0,65.0,97.0
image_1289.jpg,481,720,0.6680555555555555,54.655910718410716,73.18037941787942,208.7554342804343,23.0,37.0,226.0
image_7820.jpg,640,360,1.7777777777777777,91.80891059027778,63.88421875,97.25372829861111,98.0,56.0,69.0
image_2780.jpg,800,450,1.7777777777777777,74.41721944444444,28.414508333333334,202.33911388888887,34.0,26.0,206.0
image_2958.jpg,340,270,1.2592592592592593,56.92430283224401,75.6856862745098,166.14202614379084,32.0,55.0,186.0
image_4497.jpg,150,150,1.0,108.15866666666666,77.36853333333333,218.03875555555555,21.0,71.0,238.0
image_5789.jpg,640,427,1.4988290398126465,74.50170521077284,92.47925570843091,155.1642893735363,53.0,82.0,157.0
image_624.jpg,249,330,0.7545454545454545,43.70986978215894,67.92873311427529,131.74687842278203,20.0,70.0,132.0
image_6280.jpg,480,720,0.6666666666666666,0.0,0.0,194.6283767361111,0.0,0.0,218.0
image_6294.jpg,450,300,1.5,82.00917037037037,115.54245185185185,160.18263703703704,24.0,112.0,175.0
image_5945.jpg,236,212,1.1132075471698113,87.91229613047649,58.023984649824115,159.36302766229613,49.0,34.0,181.0
image_4483.jpg,400,500,0.8,63.556895,106.328695,152.638125,18.0,107.0,162.0
image_630.jpg,236,327,0.7217125382262997,111.73968537811642,87.543888975276,140.69157207277252,93.0,55.0,141.0
image_2794.jpg,960,720,1.3333333333333333,119.79643229166666,53.246083622685184,145.1490914351852,152.0,48.0,142.0
image_156.jpg,216,216,1.0,31.44536608367627,73.28990912208505,193.2145490397805,29.0,88.0,196.0
image_9819.jpg,557,720,0.7736111111111111,93.3287377817674,46.56208856971873,172.48202423698385,72.0,32.0,189.0
image_7834.jpg,730,510,1.4313725490196079,109.78965350523771,83.32736502820306,128.3997099113618,143.0,57.0,128.0
image_8291.jpg,600,400,1.5,105.15792083333334,83.4814875,99.92669166666667,145.0,45.0,98.0
image_618.jpg,850,420,2.0238095238095237,91.45713165266106,77.29202240896359,178.93577310924368,60.0,65.0,194.0
image_5979.jpg,626,417,1.501199040767386,71.87385554814934,88.79142436849243,174.9997816443331,28.0,39.0,194.0
image_7808.jpg,340,270,1.2592592592592593,75.48539215686274,59.61683006535948,177.7151851851852,25.0,56.0,172.0
image_2970.jpg,460,280,1.6428571428571428,77.27981366459628,93.51722049689441,70.77857919254659,49.0,94.0,54.0
image_3139.jpg,611,611,1.0,175.0008277059153,41.72420249597531,220.04145761958208,177.0,8.0,237.0
image_2227.jpg,768,307,2.501628664495114,132.3488480591748,107.65082535966341,166.58177677117263,141.0,100.0,197.0
image_5548.jpg,1024,575,1.7808695652173914,121.3631640625,110.1680078125,87.26902173913044,148.0,100.0,52.0
image_7439.jpg,500,375,1.3333333333333333,204.94532266666667,111.30085866666667,143.41510933333333,236.0,96.0,150.0
image_1048.jpg,500,393,1.272264631043257,117.05984223918576,12.681791348600509,222.49691603053435,170.0,2.0,227.0
image_9414.jpg,614,409,1.5012224938875305,64.51788345292802,108.10738832299324,140.84120322069398,28.0,81.0,142.0
image_383.jpg,499,333,1.4984984984984986,41.332954196681655,153.65858443613953,124.68357736494009,26.0,160.0,119.0
image_2541.jpg,400,400,1.0,65.91775,55.0272,172.739075,22.0,47.0,184.0
image_4130.jpg,968,545,1.7761467889908258,69.96077223443778,109.99391159299417,154.737910379862,23.0,114.0,161.0
image_3893.jpg,570,692,0.8236994219653179,15.9152393266403,16.452821721934896,230.99585234763208,0.0,0.0,248.0
image_397.jpg,1174,720,1.6305555555555555,103.19196006057165,81.81310689948893,124.37540578269922,147.0,71.0,127.0
image_2555.jpg,512,256,2.0,98.05757904052734,46.28498840332031,192.06106567382812,119.0,21.0,215.0
image_4124.jpg,283,720,0.39305555555555555,120.9931291715744,74.50317530427955,141.06325088339221,129.0,69.0,136.0
image_6733.jpg,480,720,0.6666666666666666,35.98146701388889,57.20849826388889,192.10700520833333,20.0,9.0,214.0
image_9400.jpg,450,322,1.3975155279503106,76.25812284334023,87.43160800552104,69.00878536922015,77.0,81.0,63.0
image_6055.jpg,1280,670,1.9104477611940298,66.77000116604478,70.61229710820895,186.93084538246268,26.0,63.0,202.0
image_9366.jpg,480,720,0.6666666666666666,66.36311631944444,90.56324942129629,125.07111979166666,29.0,53.0,128.0
image_8078.jpg,440,267,1.647940074906367,39.26853081375553,80.36004426285325,200.18276302349335,27.0,78.0,205.0
image_2233.jpg,300,225,1.3333333333333333,99.60085925925927,87.83063703703704,140.49955555555556,106.0,95.0,157.0
image_8050.jpg,475,600,0.7916666666666666,42.72878947368421,43.41947368421052,207.60192631578948,26.0,19.0,213.0
image_7363.jpg,238,250,0.952,59.90381512605042,51.72280672268908,243.95494117647058,29.0,5.0,255.0
image_3105.jpg,523,720,0.7263888888888889,0.3042118121946038,0.07930475886976843,236.49374601657107,0.0,0.0,255.0
image_5574.jpg,1136,720,1.5777777777777777,84.64750097809076,101.66362480438184,159.26798831181534,46.0,99.0,177.0
image_5212.jpg,225,225,1.0,22.66319012345679,75.32035555555555,190.48687407407408,21.0,81.0,198.0
image_3663.jpg,360,450,0.8,44.1076975308642,30.896956790123458,200.12665432098765,0.0,0.0,255.0
image_7405.jpg,427,640,0.6671875,107.5643369437939,5.300314695550352,220.62766759367682,112.0,4.0,231.0
image_1074.jpg,80,80,1.0,0.0,0.0,214.609375,0.0,0.0,255.0
image_9428.jpg,238,250,0.952,111.98305882352942,56.43902521008403,118.29579831932773,85.0,45.0,91.0
image_8722.jpg,427,285,1.4982456140350877,115.35776326061054,56.94475533095033,172.5428078392703,141.0,48.0,202.0
image_7411.jpg,236,157,1.5031847133757963,64.02545071790996,115.17985533844328,178.3616808809241,28.0,113.0,202.0
image_1060.jpg,820,401,2.0448877805486285,48.43753725442491,85.59812055227785,80.8779575451615,18.0,68.0,51.0
image_2569.jpg,480,720,0.6666666666666666,78.24951967592592,107.36709780092593,144.9110821759259,42.0,60.0,149.0
image_3677.jpg,912,516,1.7674418604651163,128.59282563239495,96.98813621991025,54.18656288249694,157.0,93.0,35.0
image_4118.jpg,240,160,1.5,107.57911458333334,39.678645833333334,134.689921875,136.0,28.0,144.0
image_3111.jpg,772,720,1.0722222222222222,61.259326424870466,93.85145905296488,152.69674726540012,24.0,110.0,161.0
image_6069.jpg,480,276,1.7391304347826086,64.29447463768116,20.963722826086958,173.66550422705313,0.0,0.0,254.0
image_1706.jpg,450,298,1.5100671140939597,84.14710663683817,76.19718866517525,192.7928038777032,57.0,69.0,191.0
image_8044.jpg,450,300,1.5,135.05594074074074,93.51283703703703,158.86253333333335,143.0,64.0,174.0
image_13.jpg,468,526,0.8897338403041825,25.67489275616652,65.02643316759287,198.68430908972735,26.0,44.0,207.0
image_7377.jpg,400,284,1.408450704225352,53.116029929577465,75.82463028169015,164.9056426056338,23.0,76.0,182.0
image_6082.jpg,320,240,1.3333333333333333,19.472747395833334,25.2940234375,230.57493489583334,0.0,0.0,255.0
image_4695.jpg,540,720,0.75,167.57764917695474,34.767759773662554,179.25331275720166,200.0,15.0,197.0
image_340.jpg,301,470,0.6404255319148936,52.11945995617445,171.3698310595886,164.04362055559483,47.0,185.0,175.0
image_2582.jpg,800,356,2.247191011235955,108.18279143258427,63.30307935393258,170.65331811797753,147.0,36.0,195.0
image_8911.jpg,350,350,1.0,174.1349387755102,40.91031020408163,178.92297959183674,178.0,7.0,183.0
image_8905.jpg,235,230,1.0217391304347827,45.172802960222015,62.55881591119334,123.14573543015726,24.0,40.0,119.0
image_6928.jpg,474,720,0.6583333333333333,78.00193975621191,26.31899320206282,206.65993319268637,42.0,15.0,216.0
image_3688.jpg,564,564,1.0,117.44224070720789,61.01629067954328,182.4189804335798,148.0,13.0,207.0
image_3850.jpg,499,289,1.726643598615917,119.40477494781952,70.80252546615723,119.29251582750275,148.0,47.0,103.0
image_354.jpg,800,402,1.9900497512437811,90.36820584577114,35.18960820895522,209.0169434079602,106.0,15.0,220.0
image_4859.jpg,500,500,1.0,78.162416,50.018128,213.550164,28.0,42.0,237.0
image_432.jpg,236,296,0.7972972972972973,20.040955680256527,164.28601694915255,109.54278802107191,20.0,166.0,108.0
image_4681.jpg,450,358,1.2569832402234637,36.69207324643079,77.79492861576661,152.14876474239603,27.0,61.0,157.0
image_7388.jpg,80,80,1.0,0.0,0.0,214.609375,0.0,0.0,255.0
image_1921.jpg,450,300,1.5,134.63366666666667,74.45736296296296,163.10967407407406,153.0,56.0,152.0
image_4871.jpg,929,720,1.2902777777777779,89.19715793565364,104.6236469919866,177.01547661762947,93.0,93.0,186.0
image_8093.jpg,480,360,1.3333333333333333,84.57438078703704,143.72036458333332,74.98039930555555,15.0,171.0,47.0
image_1909.jpg,225,300,0.75,49.75078518518519,130.4635111111111,110.54105185185185,28.0,136.0,114.0
image_6900.jpg,238,250,0.952,101.62709243697479,194.71273949579833,142.40981512605043,145.0,227.0,119.0
image_3878.jpg,531,720,0.7375,84.42830351537978,82.93151548441097,133.0029661016949,42.0,66.0,129.0
image_368.jpg,480,640,0.75,37.359020182291665,80.026337890625,144.31072265625,35.0,67.0,114.0
image_8939.jpg,1077,720,1.4958333333333333,154.9792969152997,26.200113483957495,201.88877540493138,155.0,25.0,204.0
image_6914.jpg,370,500,0.74,76.45763243243243,45.74295135135135,129.30878378378378,72.0,23.0,148.0
image_8087.jpg,300,199,1.5075376884422111,100.84713567839196,157.25904522613067,167.22658291457287,145.0,203.0,179.0
image_9399.jpg,300,250,1.2,49.529986666666666,85.75830666666667,106.26957333333333,19.0,57.0,115.0
image_4865.jpg,605,439,1.3781321184510251,101.04617933319528,35.956237880984204,123.3006268943316,134.0,30.0,124.0
image_591.jpg,190,190,1.0,42.01027700831025,63.84983379501385,193.17504155124655,27.0,30.0,209.0
image_4722.jpg,1024,680,1.5058823529411764,100.5115421070772,73.39116641773897,135.85055147058824,146.0,57.0,139.0
image_8118.jpg,330,270,1.2222222222222223,12.201560044893379,193.32343434343434,176.51309764309764,9.0,209.0,184.0
image_1882.jpg,800,533,1.5009380863039399,107.13697936210131,35.050255628517824,150.33276500938086,123.0,25.0,139.0
image_6135.jpg,1000,418,2.3923444976076556,49.705263157894734,153.71069856459332,138.71697368421053,18.0,155.0,139.0
image_9206.jpg,520,245,2.122448979591837,68.37747252747253,105.31795918367347,125.3329748822606,60.0,113.0,113.0
image_6653.jpg,191,286,0.6678321678321678,90.87679859407608,80.35479442023944,107.28534031413612,38.0,36.0,78.0
image_9560.jpg,190,264,0.7196969696969697,33.609110845295056,28.634529505582137,195.3570773524721,26.0,9.0,221.0
image_4044.jpg,599,350,1.7114285714285715,92.40941569282137,68.64381588361555,176.55991414261865,27.0,47.0,196.0
image_2435.jpg,500,720,0.6944444444444444,195.93464444444444,132.24161666666666,97.39686666666667,216.0,136.0,91.0
image_4050.jpg,340,270,1.2592592592592593,93.50281045751635,51.11798474945534,167.74988017429195,99.0,15.0,170.0
image_6647.jpg,620,349,1.7765042979942693,109.68545614197245,170.85300397448933,163.20399759682041,144.0,185.0,176.0
image_9574.jpg,474,337,1.4065281899109792,55.683769672839276,34.61170166147066,167.24739886564248,21.0,27.0,179.0
image_1128.jpg,340,270,1.2592592592592593,153.87851851851852,71.2181045751634,161.1955337690632,158.0,23.0,170.0
image_7559.jpg,511,720,0.7097222222222223,129.49528973689934,151.52218960643617,203.28336051315503,131.0,139.0,213.0
image_1896.jpg,455,346,1.3150289017341041,40.40098456456838,130.73262402337548,179.39519151368862,28.0,131.0,192.0
image_6121.jpg,450,286,1.5734265734265733,38.902144522144525,58.0519425019425,231.73647241647242,22.0,5.0,255.0
image_9212.jpg,236,314,0.7515923566878981,57.77173971715427,107.79260228867537,141.59371963726653,17.0,101.0,152.0
image_585.jpg,300,300,1.0,82.38578888888888,52.52034444444445,133.23494444444444,60.0,42.0,133.0
image_5428.jpg,400,533,0.7504690431519699,46.0671435272045,89.18315666041276,174.39491088180114,29.0,96.0,175.0
image_2347.jpg,450,300,1.5,54.19912592592593,59.11593333333333,159.63211851851852,16.0,37.0,155.0
image_7217.jpg,340,270,1.2592592592592593,76.02385620915032,54.009466230936816,191.47143790849674,42.0,28.0,200.0
image_1666.jpg,820,528,1.553030303030303,29.49354674796748,65.58202374353289,165.46917267184037,12.0,72.0,163.0
image_6109.jpg,500,683,0.7320644216691069,65.31679648609078,117.31695461200586,145.35352562225475,46.0,103.0,145.0
image_5400.jpg,450,393,1.1450381679389312,49.062618037885215,82.81491094147583,194.50999151823578,27.0,66.0,197.0
image_3071.jpg,480,720,0.6666666666666666,102.08233506944444,106.82279513888889,93.14212962962964,106.0,102.0,73.0
image_4078.jpg,480,720,0.6666666666666666,136.2406278935185,18.92502314814815,185.74839699074073,170.0,13.0,195.0
image_3717.jpg,327,450,0.7266666666666667,122.66758409785933,53.421406727828746,216.91592932381923,29.0,16.0,247.0
image_2409.jpg,743,720,1.0319444444444446,84.12878719904292,33.689399207417374,184.14461081202333,60.0,19.0,181.0
image_5366.jpg,640,360,1.7777777777777777,105.13982638888889,73.90447482638889,168.2938671875,108.0,66.0,163.0
image_1100.jpg,800,534,1.4981273408239701,68.6301334269663,42.03819288389513,152.99731273408239,10.0,22.0,162.0
image_8642.jpg,400,224,1.7857142857142858,66.56516741071428,63.60032366071429,112.02447544642857,34.0,54.0,97.0
image_7571.jpg,576,720,0.8,18.784425636574074,115.34876302083333,154.23195167824073,19.0,120.0,177.0
image_9548.jpg,336,400,0.84,46.73424107142857,133.98237351190477,148.1549181547619,21.0,139.0,153.0
image_1114.jpg,907,720,1.2597222222222222,108.84698333945853,132.4243124464045,129.29201427171384,42.0,173.0,150.0
image_7565.jpg,263,364,0.7225274725274725,0.0,0.0,137.05497639242887,0.0,0.0,153.0
image_3703.jpg,320,320,1.0,25.392265625,146.3658203125,157.9441796875,21.0,164.0,168.0
image_5372.jpg,500,667,0.7496251874062968,96.78746926536732,9.211880059970015,214.43417391304348,42.0,5.0,218.0
image_5414.jpg,236,236,1.0,107.09289715598966,57.10174877908647,133.06842502154552,106.0,47.0,134.0
image_3065.jpg,680,540,1.2592592592592593,62.515996732026146,93.69375,163.11737472766885,38.0,99.0,158.0
image_8130.jpg,213,160,1.33125,143.72655516431925,81.90322769953052,173.48691314553992,146.0,70.0,178.0
image_7203.jpg,450,252,1.7857142857142858,151.67157848324516,132.97630511463845,86.1162962962963,173.0,137.0,93.0
image_1672.jpg,236,236,1.0,83.96726874461362,44.01161663315139,204.8507074116633,113.0,8.0,249.0
image_1699.jpg,600,388,1.5463917525773196,83.62158505154639,54.47990549828179,140.61518470790378,54.0,42.0,121.0
image_1841.jpg,735,541,1.3585951940850278,98.38575075131716,41.86692569819055,136.119383354081,134.0,31.0,128.0
image_552.jpg,204,204,1.0,27.86031814686659,147.14701076509036,186.03659650134563,22.0,144.0,195.0
image_2390.jpg,720,720,1.0,123.93658950617284,25.939112654320986,217.02510223765432,150.0,15.0,229.0
image_4939.jpg,1000,683,1.4641288433382138,53.92321376281113,41.119865300146415,151.05032650073207,34.0,33.0,151.0
image_3930.jpg,660,440,1.5,77.24142906336088,71.05464531680441,113.4618044077135,49.0,72.0,107.0
image_234.jpg,400,315,1.2698412698412698,50.054698412698414,75.73538888888889,95.00738888888888,35.0,76.0,73.0
image_5399.jpg,545,720,0.7569444444444444,38.80640163098879,76.868374108053,127.49703363914374,23.0,80.0,126.0
image_4087.jpg,695,464,1.4978448275862069,35.94297010667328,121.37794281815927,76.28223455718184,27.0,126.0,51.0
image_6848.jpg,728,400,1.82,89.0770054945055,125.49091346153845,150.46749656593406,134.0,122.0,156.0
image_6690.jpg,400,265,1.509433962264151,61.73627358490566,48.01066037735849,173.20990566037736,30.0,43.0,190.0
image_6684.jpg,396,297,1.3333333333333333,73.22784239703432,113.91068088290311,119.487815869129,36.0,108.0,92.0
image_8871.jpg,613,720,0.8513888888888889,60.23071189052021,85.01803742976256,144.50096972992569,17.0,98.0,139.0
image_3924.jpg,1280,720,1.7777777777777777,53.333103298611114,93.61249348958333,162.6115549045139,34.0,70.0,211.0
image_220.jpg,480,720,0.6666666666666666,52.65775462962963,108.452890625,153.84311631944445,67.0,94.0,155.0
image_4093.jpg,236,354,0.6666666666666666,51.50490759360337,47.128004404864505,67.72902901465096,31.0,27.0,46.0
image_546.jpg,236,176,1.3409090909090908,154.20146379044684,101.72756163328197,123.4212249614792,206.0,111.0,111.0
image_2384.jpg,600,450,1.3333333333333333,70.52096296296297,26.526570370370372,126.53187037037037,42.0,18.0,118.0
image_4905.jpg,540,720,0.75,84.46932355967078,86.41635802469136,156.77500771604937,40.0,64.0,184.0
image_6874.jpg,450,300,1.5,63.18023703703704,124.7508,119.91995555555556,11.0,129.0,123.0
image_8681.jpg,620,348,1.7816091954022988,23.82349833147942,87.06856692621432,210.65873655913978,19.0,86.0,223.0
image_208.jpg,480,720,0.6666666666666666,52.29515335648148,99.70779513888888,94.94685763888889,37.0,104.0,70.0
image_3918.jpg,740,522,1.417624521072797,89.32258724241483,60.43592730661696,134.6254349176763,70.0,53.0,131.0
image_6860.jpg,768,568,1.352112676056338,52.36207315507629,106.82470473884976,119.81944597271126,20.0,92.0,126.0
image_8695.jpg,450,300,1.5,39.67402962962963,37.4268,210.87437037037037,29.0,32.0,217.0
image_1869.jpg,236,304,0.7763157894736842,41.78410738180196,81.55187890276538,179.53801014719002,25.0,60.0,193.0
image_4911.jpg,235,314,0.7484076433121019,145.17797804580567,64.0080905271717,92.92671093644125,176.0,63.0,85.0
image_5158.jpg,450,450,1.0,56.32034074074074,76.69741234567901,166.4487160493827,29.0,44.0,167.0
image_4246.jpg,474,355,1.3352112676056338,183.48459618470315,74.90633505675403,143.88411481547513,230.0,78.0,137.0
image_7997.jpg,1280,720,1.7777777777777777,49.17384765625,44.75013129340278,163.78212022569446,34.0,5.0,209.0
image_9762.jpg,400,528,0.7575757575757576,61.95453125,16.72383049242424,207.15225852272727,29.0,3.0,222.0
image_6451.jpg,340,270,1.2592592592592593,68.05194989106754,20.05028322440087,189.69587145969498,35.0,17.0,192.0
image_1458.jpg,715,450,1.5888888888888888,67.03467288267288,81.05552758352758,195.7193752913753,26.0,56.0,211.0
image_4520.jpg,454,302,1.5033112582781456,95.21293432914199,147.13158240219389,95.73729468739971,116.0,123.0,69.0
image_793.jpg,550,365,1.5068493150684932,80.592099626401,48.935805728518055,187.50203735990038,42.0,25.0,196.0
image_4534.jpg,736,589,1.2495755517826825,79.66571473388942,52.075650974385475,178.29275854432717,48.0,31.0,192.0
image_787.jpg,236,231,1.0216450216450217,61.18484481620075,16.024139702105803,167.4888656541199,28.0,2.0,208.0
image_9010.jpg,400,548,0.7299270072992701,71.37408759124088,72.51647354014598,149.72303832116788,42.0,2.0,187.0
image_6323.jpg,675,608,1.1101973684210527,37.28017056530214,48.04159600389863,209.48691033138402,27.0,27.0,217.0
image_7983.jpg,400,240,1.6666666666666667,70.00622916666667,74.49523958333333,181.03117708333335,24.0,13.0,195.0
image_9776.jpg,236,295,0.8,81.63628267739155,50.087604136742314,149.2511634587762,79.0,45.0,162.0
image_6445.jpg,232,400,0.58,55.136993534482755,114.94553879310345,95.37466594827586,58.0,109.0,92.0
image_2623.jpg,350,500,0.7,34.083731428571426,34.90718285714286,218.98601142857143,0.0,0.0,255.0
image_4252.jpg,340,270,1.2592592592592593,138.84696078431372,62.38474945533769,152.82711328976035,234.0,62.0,155.0
image_7773.jpg,640,640,1.0,50.02138671875,77.87970458984375,181.024130859375,16.0,79.0,181.0
image_8440.jpg,340,270,1.2592592592592593,41.78542483660131,47.077668845315905,156.09063180827886,35.0,25.0,208.0
image_9986.jpg,1080,720,1.5,51.49706532921811,104.73347222222222,166.9287075617284,21.0,106.0,172.0
image_1302.jpg,320,256,1.25,81.16668701171875,113.3390380859375,156.671240234375,53.0,110.0,157.0
image_5164.jpg,240,160,1.5,82.34635416666667,116.65325520833333,110.71377604166666,35.0,113.0,94.0
image_3515.jpg,626,434,1.4423963133640554,51.41185347683338,52.882396460593924,219.57650064044992,21.0,3.0,254.0
image_3273.jpg,345,378,0.9126984126984127,92.57981749865807,60.48147381335787,188.86506402883214,36.0,20.0,204.0
image_5602.jpg,320,530,0.6037735849056604,73.45288325471698,68.97438089622642,133.1773054245283,67.0,58.0,131.0
image_9038.jpg,780,470,1.6595744680851063,56.03202673213311,66.47849427168576,132.35498908892527,15.0,63.0,140.0
image_1464.jpg,600,338,1.7751479289940828,80.04276627218935,64.9217899408284,117.45826429980276,42.0,51.0,116.0
image_7015.jpg,250,328,0.7621951219512195,26.26098780487805,128.68108536585365,103.66240243902439,18.0,170.0,97.0
image_7001.jpg,259,194,1.3350515463917525,34.39901683716117,114.53419177645982,152.8910759065398,25.0,115.0,153.0
image_8332.jpg,667,446,1.4955156950672646,52.932567348612686,114.416922704567,120.00319010898139,37.0,104.0,122.0
image_4508.jpg,309,463,0.6673866090712743,52.30742239649954,99.41933499688957,159.27646487310142,36.0,60.0,175.0
image_3267.jpg,340,270,1.2592592592592593,144.09340958605665,26.820305010893247,129.36498910675382,164.0,27.0,135.0
image_963.jpg,400,332,1.2048192771084338,44.86655873493976,100.29259789156626,92.7419578313253,20.0,92.0,72.0
image_5616.jpg,500,281,1.7793594306049823,67.89757295373666,90.18803558718861,52.03230604982206,27.0,85.0,23.0
image_5170.jpg,300,202,1.4851485148514851,58.22174917491749,65.86047854785478,139.62948844884488,24.0,50.0,113.0
image_3501.jpg,850,478,1.7782426778242677,58.035675609155795,111.5024956928378,156.4086537041595,51.0,106.0,158.0
image_7767.jpg,300,300,1.0,41.9278,7.601466666666667,217.7437,29.0,4.0,229.0
image_8454.jpg,238,250,0.952,67.95287394957982,99.53690756302521,244.44768067226892,32.0,98.0,254.0
image_9992.jpg,226,226,1.0,100.44423995614379,68.31594095074007,171.35290547419532,138.0,17.0,195.0
image_1316.jpg,600,314,1.910828025477707,51.42321125265393,76.95674097664543,139.97022823779193,42.0,52.0,144.0
image_6479.jpg,259,194,1.3350515463917525,98.18698005811407,103.20475261712375,128.8771046451459,140.0,78.0,140.0
image_7954.jpg,236,314,0.7515923566878981,39.41216398574976,61.20476627442513,158.0795773507503,24.0,54.0,160.0
image_6492.jpg,250,333,0.7507507507507507,62.39327327327327,34.697225225225225,206.5117117117117,0.0,0.0,255.0
image_9979.jpg,450,450,1.0,137.82249382716049,172.68514567901235,143.25225185185184,165.0,169.0,96.0
image_4285.jpg,480,720,0.6666666666666666,83.40231770833333,48.549140625,178.13748842592594,27.0,36.0,188.0
image_2192.jpg,800,520,1.5384615384615385,119.67180288461539,86.98190625,144.43288942307692,144.0,86.0,136.0
image_750.jpg,400,246,1.6260162601626016,108.63291666666667,19.216128048780487,220.88900406504064,139.0,12.0,239.0
image_5825.jpg,80,80,1.0,0.0,0.0,214.609375,0.0,0.0,255.0
image_988.jpg,172,230,0.7478260869565218,122.99416076845299,49.75912537917088,167.81248736097066,159.0,39.0,171.0
image_2186.jpg,1000,670,1.492537313432836,139.27920597014926,52.69735223880597,142.2819895522388,153.0,38.0,135.0
image_744.jpg,600,336,1.7857142857142858,27.604464285714286,60.87478174603174,163.71965277777778,29.0,22.0,192.0
image_5831.jpg,952,720,1.3222222222222222,41.568799603174604,60.06284284547152,167.69160830999067,24.0,45.0,166.0
image_3298.jpg,80,80,1.0,0.0,0.0,214.609375,0.0,0.0,255.0
image_4291.jpg,480,720,0.6666666666666666,64.28069155092592,82.62598668981481,128.31612268518518,18.0,57.0,124.0
image_2838.jpg,700,700,1.0,19.53204285714286,8.775855102040817,240.29827346938777,0.0,0.0,255.0
image_6486.jpg,268,268,1.0,95.36788538650033,88.7295193807084,200.72204277121853,138.0,31.0,214.0
image_7798.jpg,249,202,1.2326732673267327,136.1516958924808,111.6321523718637,69.17151775418506,163.0,102.0,34.0
image_7968.jpg,747,500,1.494,126.62259170013387,97.28295850066934,147.94884605087015,129.0,82.0,147.0
image_8483.jpg,250,375,0.6666666666666666,105.88052266666666,46.270730666666665,189.98466133333332,116.0,28.0,201.0
image_9945.jpg,306,205,1.4926829268292683,69.82971465008768,103.41445879164674,112.87216642754663,66.0,97.0,105.0
image_5819.jpg,480,720,0.6666666666666666,66.11280381944445,43.40394097222222,145.6315798611111,18.0,27.0,119.0
image_778.jpg,540,406,1.3300492610837438,103.42604907863529,91.89953931764276,143.02374566684912,85.0,74.0,144.0
image_9789.jpg,480,720,0.6666666666666666,38.28263020833333,229.88256365740742,143.93510706018517,17.0,243.0,139.0
image_8497.jpg,238,250,0.952,97.47105882352942,56.44403361344538,217.67126050420168,53.0,9.0,254.0
image_9951.jpg,236,421,0.5605700712589073,175.73301058818794,60.643594750191234,167.66032247675028,225.0,41.0,172.0
image_779.jpg,1000,668,1.4970059880239521,133.14699401197603,166.70940419161676,76.55433383233533,140.0,181.0,68.0
image_2805.jpg,418,450,0.9288888888888889,54.56104199893674,64.73957469431154,217.76407230196705,17.0,30.0,252.0
image_9950.jpg,235,300,0.7833333333333333,25.94994326241135,158.90241134751773,111.89095035460993,18.0,162.0,104.0
image_8496.jpg,238,250,0.952,85.77956302521008,70.5467731092437,220.16973109243696,49.0,22.0,249.0
image_9944.jpg,340,270,1.2592592592592593,80.63981481481481,124.60938997821351,191.95209150326798,29.0,109.0,208.0
image_5818.jpg,298,450,0.6622222222222223,109.62077554064132,112.81537658463833,49.76514541387024,23.0,105.0,8.0
image_3299.jpg,340,270,1.2592592592592593,175.6600871459695,69.099302832244,185.97389978213508,212.0,22.0,191.0
image_745.jpg,566,720,0.7861111111111111,119.88576020808794,69.52579014526894,156.5565788182175,139.0,62.0,170.0
image_2187.jpg,1080,720,1.5,114.6746412037037,73.14353137860083,207.43427597736627,137.0,30.0,238.0
image_7941.jpg,329,308,1.0681818181818181,127.18304188213003,66.2097560494217,136.95417044961118,176.0,59.0,137.0
image_2839.jpg,398,579,0.687392055267703,75.8702406679338,49.60368769581934,124.50446967132727,27.0,56.0,130.0
image_4290.jpg,800,450,1.7777777777777777,94.37932222222223,45.9871,120.39889444444445,106.0,27.0,132.0
image_4284.jpg,780,520,1.5,103.10659763313609,69.85603057199211,219.80350345167653,43.0,18.0,235.0
image_9978.jpg,350,218,1.6055045871559632,102.86682830930538,99.92788990825689,116.86249017038008,70.0,63.0,108.0
image_6493.jpg,573,720,0.7958333333333333,139.78606990498352,105.43456224549156,116.15331588132635,148.0,120.0,140.0
image_7955.jpg,570,428,1.3317757009345794,90.463211182161,129.7543039842597,181.43243564518772,42.0,133.0,217.0
image_989.jpg,236,314,0.7515923566878981,40.09604069955738,141.02968800604555,190.93329644823493,28.0,142.0,198.0
image_5824.jpg,236,313,0.7539936102236422,31.08396057832891,76.64118427465208,193.69028537391023,25.0,67.0,214.0
image_751.jpg,520,347,1.4985590778097984,99.5179838173354,43.70565284859233,159.35311460873422,136.0,18.0,194.0
image_2193.jpg,438,338,1.2958579881656804,107.25486341898355,100.2769784658615,141.748622031288,102.0,94.0,152.0
image_5617.jpg,710,720,0.9861111111111112,135.9439769170579,119.34610328638497,97.05955594679186,152.0,112.0,76.0
image_2178.jpg,236,176,1.3409090909090908,29.827956471494605,147.69229102465331,142.5337057010786,9.0,159.0,131.0
image_962.jpg,400,266,1.5037593984962405,83.87796052631579,100.355507518797,107.25425751879699,68.0,79.0,88.0
image_3266.jpg,400,400,1.0,64.97915,21.06105,227.89603125,85.0,9.0,234.0
image_4509.jpg,520,650,0.8,109.12865088757397,143.0082869822485,170.854724852071,143.0,193.0,185.0
image_8333.jpg,859,720,1.1930555555555555,58.862736062605094,99.91412333462682,81.00151500452723,32.0,94.0,49.0
image_6478.jpg,450,450,1.0,90.43066172839507,82.47482962962962,230.16917037037038,127.0,51.0,235.0
image_1317.jpg,236,297,0.7946127946127947,85.22357758374707,31.291445528733664,144.3722108086515,75.0,25.0,148.0
image_7766.jpg,260,195,1.3333333333333333,77.44641025641026,63.569526627218934,159.5991124260355,42.0,39.0,189.0
image_3500.jpg,260,195,1.3333333333333333,107.80112426035502,80.39357001972387,163.49078895463512,70.0,45.0,181.0
image_3514.jpg,540,720,0.75,105.89997942386832,48.09679012345679,178.24898148148148,57.0,28.0,174.0
image_5165.jpg,627,626,1.0015974440894568,71.73331346082313,54.3446912372421,175.3842782966711,28.0,39.0,182.0
image_1303.jpg,369,500,0.738,55.46689972899729,167.82147425474255,192.3551002710027,27.0,184.0,219.0
image_9987.jpg,500,421,1.187648456057007,94.12820902612826,104.00542042755345,169.69861757719715,14.0,112.0,183.0
image_8441.jpg,400,266,1.5037593984962405,69.63382518796992,111.71758458646616,122.4146522556391,56.0,112.0,109.0
image_7772.jpg,180,135,1.3333333333333333,93.29971193415638,21.232921810699587,155.80711934156378,50.0,12.0,166.0
image_7014.jpg,403,720,0.5597222222222222,82.79587124345188,94.75730631375792,106.86207954232148,28.0,76.0,104.0
image_1465.jpg,450,300,1.5,104.4902,102.37834814814815,174.17378518518518,49.0,88.0,189.0
image_9039.jpg,640,640,1.0,83.8501123046875,96.3767822265625,167.727109375,33.0,89.0,184.0
image_5603.jpg,250,300,0.8333333333333334,86.3446,10.577106666666667,189.86602666666667,42.0,6.0,194.0
image_976.jpg,640,480,1.3333333333333333,41.74457682291666,131.76564127604166,118.362587890625,28.0,123.0,106.0
image_3272.jpg,235,184,1.2771739130434783,95.70506475485661,91.5040934320074,120.07018963922295,35.0,49.0,137.0
image_6322.jpg,480,360,1.3333333333333333,49.66652777777778,102.39567708333334,119.85076967592593,26.0,93.0,140.0
image_9011.jpg,450,298,1.5100671140939597,37.19493661446682,74.19497390007457,152.00726323639074,24.0,57.0,163.0
image_786.jpg,476,317,1.501577287066246,109.9154892240808,45.19169339660154,145.48133764546827,149.0,27.0,146.0
image_2144.jpg,450,321,1.4018691588785046,9.617009345794392,14.591644167532017,217.65897542402215,0.0,0.0,226.0
image_4535.jpg,1001,720,1.3902777777777777,114.06862165612165,69.96689699189699,137.1352133977134,142.0,63.0,170.0
image_4253.jpg,800,533,1.5009380863039399,40.40615384615385,140.1017917448405,147.10891181988742,22.0,152.0,153.0
image_2622.jpg,1400,500,2.8,94.81391285714285,67.61484285714286,145.65404,60.0,38.0,154.0
image_6444.jpg,460,344,1.3372093023255813,68.84752906976745,76.2923470677452,100.44780080889788,46.0,73.0,81.0
image_9777.jpg,140,190,0.7368421052631579,81.68488721804512,108.4875939849624,119.18338345864662,48.0,93.0,122.0
image_7982.jpg,450,317,1.4195583596214512,41.79157378198388,41.116235541535225,229.70168944970206,11.0,23.0,252.0
image_6450.jpg,1280,719,1.7802503477051461,123.99052720792768,58.87673961230876,114.61235874478442,151.0,39.0,94.0
image_9763.jpg,697,432,1.6134259259259258,35.49412495350444,114.47305582124449,169.59310736489718,24.0,115.0,190.0
image_7996.jpg,325,471,0.6900212314225053,52.159294463498284,164.47630899885678,82.45631226522946,20.0,165.0,64.0
image_4247.jpg,1003,629,1.5945945945945945,88.89705763472698,67.4313783609426,103.77938204464508,71.0,56.0,100.0
image_3528.jpg,501,501,1.0,42.417018258891396,85.59557930048088,137.72218437376745,19.0,73.0,147.0
image_2636.jpg,499,305,1.6360655737704919,120.11296691744144,70.76490029238805,170.78028187522585,127.0,22.0,198.0
image_792.jpg,484,240,2.0166666666666666,133.0527720385675,140.0868371212121,208.46209538567493,143.0,135.0,225.0
image_2150.jpg,615,667,0.9220389805097451,110.20887117416902,78.31782157701637,99.7444765422167,106.0,66.0,86.0
image_4521.jpg,300,300,1.0,86.16895555555556,123.40521111111111,69.87437777777778,51.0,145.0,30.0
image_7028.jpg,334,151,2.2119205298013247,90.39199746202958,68.3434786057025,164.5396756156561,42.0,52.0,211.0
image_1459.jpg,236,314,0.7515923566878981,55.848591169167655,53.98323977113246,212.68308053546366,26.0,26.0,225.0
image_6336.jpg,626,417,1.501199040767386,37.539882471019986,118.02234123244536,154.2242206235012,21.0,115.0,165.0
image_9005.jpg,338,240,1.4083333333333334,117.64927268244575,126.87034023668639,215.8931459566075,140.0,141.0,234.0
image_6861.jpg,595,240,2.4791666666666665,106.93232492997198,80.81155462184874,103.55885854341737,54.0,65.0,95.0
image_3919.jpg,265,199,1.3316582914572865,115.27632502133308,140.49250023703422,69.72648146392339,142.0,139.0,52.0
image_1868.jpg,439,285,1.5403508771929824,42.114031091395915,94.19916077208968,133.65708348319546,22.0,86.0,124.0
image_4904.jpg,300,300,1.0,114.39452222222222,54.20098888888889,198.52204444444445,130.0,64.0,195.0
image_209.jpg,640,427,1.4988290398126465,37.81336724238876,76.04482947892272,126.96238290398126,16.0,76.0,104.0
image_8680.jpg,451,600,0.7516666666666667,87.54511456023651,93.81031781226903,121.08575388026607,31.0,90.0,120.0
image_6875.jpg,350,350,1.0,84.73817959183674,53.25548571428571,129.99668571428572,93.0,32.0,139.0
image_4092.jpg,570,570,1.0,78.46136349646045,60.32952908587258,182.5627485380117,30.0,56.0,194.0
image_221.jpg,450,300,1.5,79.25975555555556,98.00242222222222,117.84884444444444,60.0,95.0,118.0
image_8870.jpg,361,240,1.5041666666666667,39.35847183748846,96.29366343490305,139.27016389658357,14.0,90.0,128.0
image_6685.jpg,640,480,1.3333333333333333,44.045709635416664,58.216565755208336,200.549599609375,31.0,35.0,227.0
image_1854.jpg,717,720,0.9958333333333333,73.00615217728189,78.42922865333954,95.98632225321556,36.0,63.0,81.0
image_547.jpg,900,600,1.5,96.10585,35.351962962962965,88.91586666666667,106.0,12.0,82.0
image_4938.jpg,481,720,0.6680555555555555,134.5632363132363,59.05913028413028,129.27188438438438,155.0,54.0,199.0
image_2391.jpg,540,720,0.75,84.74873456790124,138.40364197530863,100.61803497942387,36.0,137.0,90.0
image_553.jpg,450,348,1.293103448275862,57.42616858237548,126.14053001277139,156.68478927203066,25.0,117.0,216.0
image_1840.jpg,300,245,1.2244897959183674,19.549156462585035,135.65248979591837,150.0142857142857,20.0,132.0,147.0
image_1698.jpg,570,364,1.565934065934066,41.91429053402737,110.35585598611914,140.01805957200693,42.0,97.0,141.0
image_6849.jpg,736,552,1.3333333333333333,51.81238431395715,69.25983823645242,147.08592273156899,43.0,62.0,133.0
image_4086.jpg,450,300,1.5,69.07158518518519,30.238525925925927,211.9118814814815,60.0,24.0,226.0
image_5398.jpg,280,210,1.3333333333333333,98.86001700680272,29.81542517006803,198.0037074829932,146.0,6.0,193.0
image_235.jpg,225,225,1.0,35.160395061728394,89.6075061728395,156.43405432098766,20.0,90.0,149.0
image_3931.jpg,640,480,1.3333333333333333,113.711630859375,75.50608723958334,143.20345703125,140.0,59.0,151.0
image_5373.jpg,236,192,1.2291666666666667,47.35447563559322,105.64614230225989,122.81009445621469,29.0,114.0,119.0
image_3702.jpg,236,316,0.7468354430379747,128.29386129585924,100.59831581205749,153.84399806908388,187.0,115.0,160.0
image_7564.jpg,627,450,1.3933333333333333,87.25133794081162,86.67581782739677,157.59293638135745,70.0,68.0,145.0
image_1115.jpg,474,355,1.3352112676056338,42.806703512212515,94.6364117192607,92.27743507458251,13.0,71.0,99.0
image_9549.jpg,1079,720,1.4986111111111111,128.80347544022243,38.456535114818244,185.47976907630522,159.0,15.0,221.0
image_1673.jpg,450,450,1.0,13.188795061728396,7.666079012345679,199.13927901234567,0.0,0.0,255.0
image_7202.jpg,669,446,1.5,81.58022817001482,110.46074725009552,218.77574788688023,22.0,123.0,228.0
image_8131.jpg,400,300,1.3333333333333333,74.10135833333334,55.39714166666667,152.03475,42.0,41.0,159.0
image_3064.jpg,720,720,1.0,218.8394675925926,51.03145833333333,225.49600308641976,231.0,14.0,228.0
image_5415.jpg,800,530,1.509433962264151,119.47901179245282,112.81362735849056,162.86070518867925,146.0,95.0,178.0
image_3070.jpg,340,270,1.2592592592592593,147.2674945533769,66.02151416122004,203.11159041394336,187.0,54.0,204.0
image_5401.jpg,236,352,0.6704545454545454,69.99648497688752,19.237552966101696,141.42183888674884,18.0,18.0,130.0
image_1667.jpg,560,387,1.4470284237726099,95.30207641196013,91.6250276854928,173.68304263565892,124.0,84.0,168.0
image_7216.jpg,480,720,0.6666666666666666,132.9700347222222,125.07451678240741,137.07392071759259,146.0,110.0,132.0
image_8125.jpg,240,160,1.5,107.542265625,97.69447916666667,191.29546875,60.0,74.0,204.0
image_7570.jpg,400,338,1.183431952662722,34.86380917159763,95.20819526627218,140.58477810650888,24.0,75.0,140.0
image_8643.jpg,1086,720,1.5083333333333333,101.84671961325967,43.65383798854103,171.99102465725394,138.0,29.0,188.0
image_1101.jpg,720,540,1.3333333333333333,42.44421553497942,48.75570473251029,189.18187242798354,22.0,34.0,211.0
image_5367.jpg,400,267,1.4981273408239701,73.89428838951311,117.25779962546817,129.24710674157302,72.0,112.0,122.0
image_2408.jpg,236,243,0.9711934156378601,106.71024272860431,146.23261491246424,89.73259747506452,143.0,147.0,90.0
image_3716.jpg,720,720,1.0,13.851523919753086,14.273524305555556,224.6761226851852,0.0,0.0,234.0
image_4079.jpg,482,720,0.6694444444444444,64.77390790686952,64.60429921622868,99.48924331489165,28.0,40.0,90.0
image_7558.jpg,474,355,1.3352112676056338,61.731300885481666,42.583003506269684,192.5048077494503,22.0,30.0,212.0
image_1129.jpg,200,200,1.0,56.3843,92.622825,138.132175,26.0,86.0,165.0
image_2420.jpg,270,270,1.0,143.18809327846364,130.46046639231824,162.37754458161865,145.0,125.0,175.0
image_4737.jpg,305,240,1.2708333333333333,43.11941256830601,61.50304644808743,208.6220355191257,26.0,34.0,233.0
image_3058.jpg,640,480,1.3333333333333333,66.76243489583334,87.79632486979166,195.80005859375,41.0,66.0,215.0
image_2346.jpg,400,274,1.4598540145985401,22.767965328467152,86.61019160583942,151.31174270072992,22.0,71.0,161.0
image_5429.jpg,400,267,1.4981273408239701,141.54838014981274,103.18950374531835,166.06434456928838,154.0,98.0,194.0
image_584.jpg,300,200,1.5,155.92346666666666,172.11173333333332,125.78765,163.0,162.0,118.0
image_6120.jpg,400,265,1.509433962264151,49.78707547169812,42.1172641509434,165.1178962264151,0.0,0.0,181.0
image_1897.jpg,220,220,1.0,35.81355371900826,32.55388429752066,244.6890702479339,0.0,0.0,255.0
image_9207.jpg,720,720,1.0,107.94514853395061,35.46188850308642,173.408180941358,145.0,11.0,187.0
image_6134.jpg,960,720,1.3333333333333333,97.7480295138889,54.08471788194444,127.12368055555555,94.0,56.0,138.0
image_1883.jpg,634,423,1.4988179669030732,23.072346391629566,54.756240165260905,219.78931099029762,18.0,44.0,236.0
image_4723.jpg,600,600,1.0,150.68011666666666,78.88685555555556,196.35911388888888,146.0,55.0,230.0
image_2352.jpg,500,330,1.5151515151515151,30.495024242424243,70.86453333333333,170.70819393939394,30.0,61.0,182.0
image_2434.jpg,349,450,0.7755555555555556,75.80669850366125,68.49646609360076,225.54774912448264,23.0,23.0,247.0
image_4045.jpg,780,438,1.7808219178082192,36.633277719236624,107.55696054326191,42.75175916169067,24.0,106.0,34.0
image_9561.jpg,587,720,0.8152777777777778,128.37304325194017,74.6203104296801,123.60865275411697,158.0,56.0,119.0
image_6652.jpg,293,300,0.9766666666666667,93.41866894197952,74.92784982935153,81.91543799772468,27.0,68.0,14.0
image_6915.jpg,360,480,0.75,159.62725115740741,121.09891203703704,82.69833333333334,213.0,134.0,60.0
image_8938.jpg,450,300,1.5,126.26333333333334,85.99228148148148,201.10412592592593,136.0,79.0,223.0
image_4864.jpg,300,300,1.0,91.70534444444445,72.85558888888889,134.11092222222223,17.0,67.0,128.0
image_9398.jpg,237,270,0.8777777777777778,26.57207376152524,166.96513517737145,147.7836224410064,25.0,181.0,150.0
image_8086.jpg,236,236,1.0,106.71974648089629,81.9307311117495,107.04316288422866,127.0,79.0,84.0
image_1908.jpg,480,720,0.6666666666666666,134.69008969907406,72.39995081018519,145.07171875,149.0,63.0,191.0
image_4870.jpg,800,534,1.4981273408239701,26.38884831460674,130.35797284644195,152.2315941011236,17.0,149.0,182.0
image_6901.jpg,382,240,1.5916666666666666,94.59072862129145,93.1543630017452,182.49968368237347,122.0,79.0,193.0
image_2597.jpg,669,446,1.5,57.049159779337344,80.33081970949212,146.50246335136438,21.0,72.0,153.0
image_355.jpg,800,534,1.4981273408239701,23.770304307116106,93.7045388576779,94.24788155430711,16.0,85.0,96.0
image_3851.jpg,510,340,1.5,39.86323529411764,104.92382352941176,171.07304498269897,26.0,95.0,177.0
image_3689.jpg,262,193,1.3575129533678756,26.08940790254321,21.49600522089942,158.7776371474904,0.0,0.0,204.0
image_1920.jpg,333,500,0.666,55.20137537537538,74.11882882882882,139.82136336336336,38.0,68.0,130.0
image_7389.jpg,240,160,1.5,150.38388020833332,140.67927083333333,164.76747395833334,154.0,152.0,177.0
image_4680.jpg,480,720,0.6666666666666666,51.00445891203704,44.084392361111114,37.82435474537037,23.0,23.0,19.0
image_433.jpg,236,315,0.7492063492063492,57.493691148775895,88.14954264191552,131.17033898305084,32.0,96.0,132.0
image_4694.jpg,190,250,0.76,39.72804210526316,44.859557894736845,130.23132631578946,30.0,53.0,115.0
image_427.jpg,220,220,1.0,36.40028925619835,34.01330578512397,204.78973140495867,21.0,2.0,255.0
image_6083.jpg,450,450,1.0,72.33850864197531,54.23798024691358,213.63853827160494,71.0,16.0,255.0
image_8910.jpg,675,451,1.4966740576496673,82.67540116613287,40.6836987763817,199.96478278722182,47.0,8.0,213.0
image_2583.jpg,480,720,0.6666666666666666,128.38022569444445,60.20626736111111,165.02841145833332,154.0,11.0,221.0
image_341.jpg,740,435,1.7011494252873562,89.8375302889096,77.03563529046288,131.39989437713575,51.0,49.0,115.0
image_4119.jpg,934,700,1.3342857142857143,97.54031508106455,89.93708626491282,131.39956408687672,134.0,91.0,116.0
image_3676.jpg,750,563,1.3321492007104796,62.51433984606276,99.75222024866785,134.21908111308466,16.0,102.0,145.0
image_2568.jpg,400,278,1.4388489208633093,45.83755395683453,9.745863309352519,215.1181654676259,28.0,3.0,225.0
image_5207.jpg,169,225,0.7511111111111111,71.14995397764629,108.52778435239973,141.51171597633137,28.0,76.0,136.0
image_1061.jpg,400,266,1.5037593984962405,33.85049812030075,30.346776315789473,247.04790413533834,0.0,0.0,255.0
image_7410.jpg,570,452,1.261061946902655,71.0259587020649,24.974786523831703,142.29081664337835,31.0,14.0,164.0
image_8723.jpg,400,400,1.0,31.07241875,29.697175,236.92149375,0.0,0.0,253.0
image_7376.jpg,340,270,1.2592592592592593,146.0889651416122,37.580174291938995,182.2474836601307,162.0,12.0,203.0
image_8045.jpg,400,294,1.3605442176870748,22.130850340136053,80.16297619047619,164.89505952380952,18.0,73.0,166.0
image_12.jpg,720,540,1.3333333333333333,88.6146116255144,97.41565843621399,124.33265432098766,66.0,102.0,119.0
image_1707.jpg,165,180,0.9166666666666666,33.05993265993266,74.65296296296296,111.54239057239057,31.0,68.0,86.0
image_6068.jpg,236,354,0.6666666666666666,127.48421191228574,14.084566216604424,216.0183974911424,155.0,5.0,219.0
image_5561.jpg,540,720,0.75,34.403395061728396,89.45654320987654,111.0479938271605,20.0,81.0,101.0
image_3110.jpg,266,189,1.4074074074074074,46.41615944623464,32.09778414289693,199.00658392011775,32.0,20.0,206.0
image_5575.jpg,720,720,1.0,101.99876157407408,106.05861882716049,124.8490374228395,49.0,70.0,97.0
image_7362.jpg,930,697,1.33428981348637,62.76847163727804,97.92025423859552,110.0327208774934,20.0,99.0,107.0
image_1713.jpg,500,625,0.8,78.8886336,160.3307072,196.1532928,140.0,186.0,195.0
image_9429.jpg,400,617,0.6482982171799028,148.48058752025932,77.72649108589951,183.53498784440842,157.0,71.0,193.0
image_1075.jpg,1079,720,1.4986111111111111,79.68469647822057,49.458054010915454,140.17673772011122,67.0,43.0,149.0
image_7404.jpg,350,240,1.4583333333333333,141.98666666666668,83.83870238095238,225.96435714285715,148.0,80.0,229.0
image_8737.jpg,275,206,1.3349514563106797,94.36953221535745,61.465913503971755,122.17544571932922,23.0,43.0,112.0
image_3662.jpg,600,400,1.5,132.4380375,162.3973875,180.32698333333335,247.0,189.0,200.0
image_5213.jpg,602,720,0.8361111111111111,106.92141934293097,46.73235972683647,203.1768180140273,127.0,12.0,223.0
image_9401.jpg,320,250,1.28,29.11825,98.6206125,144.0594875,24.0,104.0,134.0
image_6732.jpg,168,299,0.5618729096989966,113.20403328555503,63.497969421882466,140.33809125656953,146.0,32.0,151.0
image_4125.jpg,250,227,1.1013215859030836,77.85191189427313,88.2913832599119,111.47469603524229,42.0,52.0,132.0
image_2554.jpg,450,375,1.2,57.784877037037035,34.096693333333334,210.97341037037037,18.0,2.0,237.0
image_396.jpg,474,248,1.9112903225806452,133.38577820879271,73.87153770246358,151.37694807404384,144.0,46.0,156.0
image_3892.jpg,218,238,0.9159663865546218,49.10721995220106,32.37899930614448,234.17963148562177,34.0,11.0,236.0
image_2232.jpg,320,213,1.5023474178403755,33.536340962441315,103.85886150234742,189.53641431924882,17.0,99.0,210.0
image_4643.jpg,570,570,1.0,100.98183441058788,65.35248076331179,187.25231455832565,74.0,35.0,205.0
image_8079.jpg,667,500,1.334,48.52732233883059,77.74363118440779,84.15972413793104,31.0,75.0,75.0
image_6054.jpg,434,720,0.6027777777777777,128.75050563236047,57.63796722990271,227.2332053251408,138.0,62.0,228.0
image_9373.jpg,236,367,0.6430517711171662,73.10110608229806,70.4562300835912,177.16710155636633,35.0,52.0,182.0
image_6040.jpg,827,478,1.7301255230125523,129.06486620491467,127.16191507338618,96.99580072146641,155.0,116.0,79.0
image_5549.jpg,750,375,2.0,81.07227377777778,162.61911466666666,100.51571911111111,19.0,160.0,96.0
image_2226.jpg,480,720,0.6666666666666666,84.44216435185186,77.2658275462963,164.30966435185186,51.0,66.0,173.0
image_3138.jpg,300,300,1.0,68.92932222222223,30.62178888888889,105.94586666666666,26.0,27.0,84.0
image_4657.jpg,301,251,1.199203187250996,121.86271525194901,57.46610898598298,86.16850868949452,148.0,51.0,71.0
image_4131.jpg,527,352,1.4971590909090908,104.60293578575126,63.30652708297395,164.46577432292565,120.0,54.0,171.0
image_2540.jpg,710,473,1.5010570824524312,90.52608760384719,175.98858946490785,98.24875383378495,19.0,185.0,86.0
image_3886.jpg,960,720,1.3333333333333333,51.583506944444444,93.44006655092592,152.82338975694444,29.0,98.0,160.0
image_9415.jpg,480,319,1.5047021943573669,99.64949712643678,88.21101097178683,106.1248236677116,127.0,69.0,90.0
image_6726.jpg,450,337,1.3353115727002967,58.519597757995385,150.88909990108803,163.9437190900099,36.0,166.0,159.0
image_1049.jpg,80,80,1.0,0.0,0.0,214.609375,0.0,0.0,255.0
image_8284.jpg,480,261,1.839080459770115,104.35805395913154,132.52136813537675,89.69251277139209,120.0,110.0,75.0
image_5978.jpg,936,527,1.776091081593928,148.29597260740525,86.92937973369662,74.1249817544884,162.0,81.0,35.0
image_2971.jpg,336,220,1.5272727272727273,58.68497023809524,58.87117153679654,160.56310876623377,30.0,56.0,168.0
image_9824.jpg,504,720,0.7,98.28484898589065,45.17307098765432,182.59788910934745,131.0,26.0,198.0
image_9830.jpg,474,356,1.3314606741573034,148.17285947944816,81.60837718674442,152.2966268430285,150.0,68.0,154.0
image_2965.jpg,600,450,1.3333333333333333,97.9218925925926,87.06816666666667,122.31017037037037,106.0,87.0,141.0
image_8290.jpg,340,270,1.2592592592592593,91.51373638344226,32.15265795206972,193.61056644880173,131.0,15.0,206.0
image_631.jpg,730,547,1.3345521023765996,32.960384162680626,57.54881670882272,167.73928025844583,28.0,60.0,172.0
image_4482.jpg,640,480,1.3333333333333333,50.56894856770833,121.261708984375,133.560849609375,33.0,121.0,133.0
image_5944.jpg,450,450,1.0,35.57341234567901,87.23921975308642,244.26268148148148,0.0,0.0,255.0
image_6295.jpg,450,450,1.0,111.86136790123457,173.93622222222223,165.05004938271605,130.0,190.0,172.0
image_7835.jpg,800,600,1.3333333333333333,86.35639791666667,90.09936666666667,176.28198958333334,45.0,54.0,222.0
image_9818.jpg,340,310,1.096774193548387,85.0030834914611,71.57582542694497,227.67681214421253,0.0,0.0,255.0
image_2795.jpg,236,354,0.6666666666666666,38.31694675859428,151.3921406683903,88.38197835870918,17.0,154.0,64.0
image_2959.jpg,80,80,1.0,0.0,0.0,214.609375,0.0,0.0,255.0
image_143.jpg,474,363,1.3057851239669422,74.34450372540131,99.53739349769269,167.61892224895678,73.0,93.0,172.0
image_2781.jpg,227,222,1.0225225225225225,29.225483192443544,84.06635710600469,106.69794023097988,18.0,82.0,95.0
image_7821.jpg,218,160,1.3625,60.22009747706422,79.75622133027522,138.68317087155964,37.0,82.0,145.0
image_1288.jpg,400,282,1.4184397163120568,64.5023315602837,152.71562943262413,156.32561170212767,26.0,163.0,169.0
image_6281.jpg,520,293,1.7747440273037542,119.0763061170911,42.815266474140195,97.89317406143344,146.0,38.0,96.0
image_625.jpg,220,220,1.0,0.0,0.0,78.53737603305785,0.0,0.0,49.0
image_816.jpg,474,266,1.781954887218045,162.6152802893309,50.65568985755528,60.37114146124806,166.0,51.0,66.0
image_3312.jpg,450,300,1.5,74.29264444444445,53.34079259259259,189.76136296296298,23.0,61.0,194.0
image_5763.jpg,340,270,1.2592592592592593,110.82955337690632,51.44720043572985,212.21736383442266,155.0,43.0,217.0
image_9159.jpg,300,400,0.75,97.62855833333333,117.83005,151.59335,53.0,113.0,162.0
image_1505.jpg,800,534,1.4981273408239701,100.40299625468165,125.38591526217229,202.8974906367041,141.0,119.0,200.0
image_8521.jpg,320,240,1.3333333333333333,95.55260416666667,46.145885416666665,113.2026171875,79.0,17.0,102.0
image_1263.jpg,294,294,1.0,152.18277106761073,188.41686334397704,90.27507057244667,152.0,231.0,67.0
image_5005.jpg,720,720,1.0,35.64608603395062,96.89248070987654,180.04709297839506,18.0,51.0,204.0
image_3474.jpg,500,500,1.0,32.885488,53.954884,229.99456,16.0,10.0,242.0
image_5011.jpg,500,333,1.5015015015015014,59.770606606606606,45.17715915915916,196.89304504504506,52.0,35.0,208.0
image_8535.jpg,236,394,0.5989847715736041,34.920373397573776,174.49566592101866,115.42599802116493,9.0,193.0,106.0
image_7606.jpg,620,338,1.834319526627219,112.31788509257493,97.91081313227716,142.83461538461538,127.0,72.0,159.0
image_1277.jpg,300,200,1.5,110.77103333333334,54.96628333333334,184.09555,155.0,33.0,215.0
image_1511.jpg,236,236,1.0,115.53341353059466,67.27249712726228,143.2766985061764,120.0,57.0,143.0
image_8253.jpg,384,273,1.4065934065934067,86.26124656593407,44.7839114010989,126.68882593101343,49.0,25.0,126.0
image_7160.jpg,500,605,0.8264462809917356,23.447771900826446,54.241001652892564,68.1797785123967,16.0,18.0,10.0
image_4469.jpg,900,600,1.5,57.466574074074074,117.85415,175.6371462962963,17.0,120.0,182.0
image_802.jpg,430,615,0.6991869918699187,23.078290792210247,103.51697863490263,169.1900207978824,23.0,110.0,186.0
image_3306.jpg,474,565,0.8389380530973451,51.4941824427766,90.0932788170718,197.95092789664315,21.0,64.0,206.0
image_2018.jpg,332,332,1.0,0.0,0.0,79.45500072579475,0.0,0.0,75.0
image_6256.jpg,480,640,0.75,107.90564127604166,129.810087890625,165.04972981770834,49.0,103.0,172.0
image_9165.jpg,375,500,0.75,85.61866666666667,63.435664,85.568384,51.0,50.0,71.0
image_7148.jpg,260,195,1.3333333333333333,99.83479289940828,78.19753451676529,113.95236686390533,141.0,80.0,130.0
image_5987.jpg,650,433,1.5011547344110854,80.30669035352638,129.19059868537929,118.50265411263102,77.0,131.0,102.0
image_2030.jpg,1000,665,1.5037593984962405,32.74099398496241,53.780875187969926,177.29105263157894,18.0,23.0,202.0
image_194.jpg,300,450,0.6666666666666666,86.74802222222222,88.48106666666666,179.23422222222223,36.0,65.0,205.0
image_5039.jpg,244,244,1.0,19.26486495565708,14.636623219564633,223.9336703843053,0.0,0.0,254.0
image_2756.jpg,720,478,1.506276150627615,55.07842863784286,124.06602742910275,123.2837110646211,31.0,125.0,117.0
image_3448.jpg,480,270,1.7777777777777777,135.3464274691358,68.39204475308642,121.84066358024691,139.0,68.0,128.0
image_4327.jpg,718,720,0.9972222222222222,70.53347260909935,58.23394266480965,222.08240869699785,0.0,0.0,255.0
image_6530.jpg,190,139,1.3669064748201438,79.78277167739492,71.12817114729269,142.55293449450966,59.0,73.0,136.0
image_9603.jpg,170,112,1.5178571428571428,29.082195378151262,109.45693277310924,181.53702731092437,22.0,124.0,186.0
image_8509.jpg,400,600,0.6666666666666666,154.52925833333333,111.77488333333334,122.30907083333334,170.0,107.0,120.0
image_6524.jpg,360,240,1.5,87.11993055555556,51.16040509259259,128.62699074074075,42.0,30.0,109.0
image_9617.jpg,340,270,1.2592592592592593,119.15729847494553,90.53624183006536,160.9668845315904,128.0,88.0,146.0
image_180.jpg,720,720,1.0,196.17719907407408,32.76977816358025,211.9224961419753,221.0,18.0,224.0
image_2742.jpg,800,533,1.5009380863039399,88.51439727954971,72.30538461538461,175.39535178236397,32.0,64.0,192.0
image_4455.jpg,540,720,0.75,111.63509002057613,136.28510802469137,141.9150462962963,71.0,139.0,144.0
image_5993.jpg,579,720,0.8041666666666667,94.23426645557474,95.6371257915947,192.8763553060833,30.0,43.0,217.0
image_2024.jpg,479,720,0.6652777777777777,181.8085131060079,25.717113198793783,138.65775342147992,221.0,9.0,187.0
image_6242.jpg,250,190,1.3157894736842106,92.15267368421053,90.95206315789474,150.0663157894737,77.0,88.0,164.0
image_9171.jpg,506,323,1.5665634674922602,103.54536276753264,97.4099536215568,104.36158053818573,139.0,98.0,96.0
image_9601.jpg,640,480,1.3333333333333333,91.99339192708334,56.98422200520833,162.16672526041665,49.0,15.0,180.0
image_4325.jpg,960,720,1.3333333333333333,77.17230034722222,124.92579137731481,151.3172728587963,124.0,119.0,154.0
image_2754.jpg,569,720,0.7902777777777777,79.93905975395431,46.223869849638746,111.7304115407147,51.0,21.0,96.0
image_196.jpg,488,720,0.6777777777777778,41.3772683287796,48.52812784608379,230.35167918943534,7.0,34.0,238.0
image_2032.jpg,480,480,1.0,108.43111111111111,128.43043836805555,170.26914930555554,55.0,132.0,188.0
image_5985.jpg,507,720,0.7041666666666667,138.9756191102345,84.32157571772956,184.966989918913,147.0,50.0,185.0
image_828.jpg,427,640,0.6671875,27.46871706674473,79.13717432669789,167.2063524590164,25.0,64.0,187.0
image_4443.jpg,300,300,1.0,86.45128888888888,114.86077777777778,131.47973333333334,21.0,128.0,132.0
image_6254.jpg,1054,720,1.4638888888888888,81.06111638203669,86.29255218216319,99.41058401855366,49.0,74.0,79.0
image_9167.jpg,450,300,1.5,64.76348888888889,65.57270370370371,127.56194074074074,26.0,32.0,128.0
image_6240.jpg,320,240,1.3333333333333333,38.82528645833333,82.61212239583334,158.81272135416665,22.0,69.0,165.0
image_9173.jpg,620,414,1.497584541062802,67.9282881408758,41.29835982546361,161.47595449587035,36.0,12.0,187.0
image_5749.jpg,175,175,1.0,113.33113469387754,54.581061224489794,221.1046530612245,146.0,12.0,227.0
image_2026.jpg,236,314,0.7515923566878981,117.0935172190435,68.53655673108064,142.9434578430314,145.0,18.0,164.0
image_3338.jpg,262,262,1.0,0.0,0.0,245.8886428529806,0.0,0.0,248.0
image_5991.jpg,450,342,1.3157894736842106,54.39474333983106,82.81490578297596,216.06749837556856,52.0,80.0,226.0
image_2998.jpg,478,720,0.6638888888888889,34.72056311018131,89.82942526731753,109.91506276150628,23.0,88.0,108.0
image_4331.jpg,509,720,0.7069444444444445,69.2853034271993,86.24016317397948,68.43455304518665,36.0,75.0,61.0
image_2740.jpg,238,250,0.952,28.97435294117647,22.797126050420168,244.23919327731093,0.0,0.0,255.0
image_182.jpg,300,450,0.6666666666666666,75.25483703703703,78.76877777777777,169.47034074074074,47.0,74.0,188.0
image_6526.jpg,577,720,0.8013888888888889,0.0,0.0,211.29164259580205,0.0,0.0,255.0
image_9615.jpg,500,619,0.8077544426494345,67.94949919224555,99.09155088852988,141.96051373182553,60.0,36.0,171.0
image_1249.jpg,236,236,1.0,164.3014938236139,35.06399023269176,227.4014650962367,212.0,2.0,255.0
image_7638.jpg,480,720,0.6666666666666666,72.314765625,75.06065104166667,166.7679832175926,45.0,49.0,190.0
image_4319.jpg,250,250,1.0,48.946288,97.540992,84.100096,42.0,25.0,2.0
image_3476.jpg,239,211,1.132701421800948,57.54155347121696,51.88375736183545,171.91280810644668,24.0,14.0,187.0
image_5007.jpg,399,600,0.665,122.68660401002506,50.377552213868,159.27905179615706,136.0,32.0,172.0
image_1261.jpg,668,377,1.7718832891246685,41.058041741450786,129.3235637478359,92.32546180847854,28.0,145.0,69.0
image_8523.jpg,453,340,1.3323529411764705,51.337826256330345,34.72302298402805,205.04346188806647,0.0,0.0,255.0
image_7610.jpg,236,354,0.6666666666666666,87.79687350378244,112.3704754380925,47.47578521497654,60.0,102.0,39.0
image_8245.jpg,300,500,0.6,58.88066,79.62139333333333,174.50176666666667,26.0,46.0,196.0
image_7176.jpg,276,183,1.5081967213114753,88.81616773580423,79.82600776114676,148.0559515324305,30.0,62.0,148.0
image_1507.jpg,450,450,1.0,45.55233086419753,52.41816790123457,213.2444148148148,26.0,50.0,223.0
image_6268.jpg,550,413,1.3317191283292977,49.60126348228043,95.11302223200528,125.65178956636584,25.0,100.0,138.0
image_5761.jpg,450,300,1.5,36.76573333333333,107.38245925925926,87.83564444444444,15.0,105.0,84.0
image_814.jpg,500,334,1.4970059880239521,22.0088622754491,188.31180239520958,102.86086826347305,13.0,190.0,95.0
image_3310.jpg,300,300,1.0,43.414677777777776,153.38451111111112,138.90542222222223,41.0,144.0,131.0
image_5775.jpg,458,301,1.521594684385382,55.524285859362536,103.73570630648929,137.17607248037837,21.0,112.0,137.0
image_800.jpg,361,240,1.5041666666666667,78.8328485687904,51.909118190212375,175.3316597414589,42.0,34.0,194.0
image_3304.jpg,426,640,0.665625,79.75536971830986,91.6625,183.05633069248827,25.0,57.0,195.0
image_8251.jpg,640,480,1.3333333333333333,59.877431640625,17.388723958333333,87.42697265625,18.0,3.0,29.0
image_7162.jpg,474,266,1.781954887218045,66.40115319945433,78.57799562196631,124.00138003235938,55.0,61.0,118.0
image_1513.jpg,1080,720,1.5,43.13252829218107,62.503396347736626,178.3754732510288,28.0,6.0,228.0
image_9629.jpg,800,531,1.5065913370998116,32.767942561205274,72.3864806967985,198.87493644067797,14.0,37.0,213.0
image_1275.jpg,810,607,1.3344316309719935,49.31137958386723,68.31076128297435,188.13446824089328,31.0,61.0,185.0
image_8537.jpg,600,390,1.5384615384615385,76.68075213675213,82.29338034188034,119.13581623931624,53.0,80.0,100.0
image_3462.jpg,483,720,0.6708333333333333,114.1570910973085,67.91104784909133,122.37634575569358,146.0,61.0,129.0
image_5013.jpg,640,512,1.25,65.24596862792968,136.81876525878906,100.64771423339843,58.0,145.0,77.0
image_2797.jpg,1360,474,2.869198312236287,116.39058389178456,85.74235076942169,146.30717920079425,143.0,86.0,165.0
image_155.jpg,600,400,1.5,98.8060375,26.900075,148.81261666666666,120.0,17.0,158.0
image_3489.jpg,450,450,1.0,54.26762962962963,57.91091851851852,228.72036543209876,4.0,3.0,255.0
image_7837.jpg,496,331,1.498489425981873,30.340031429685215,55.90043611733749,227.41669306110515,12.0,54.0,234.0
image_6297.jpg,1020,720,1.4166666666666667,120.54595724400872,62.21651688453159,179.70654139433552,152.0,51.0,194.0
image_7189.jpg,750,552,1.358695652173913,136.29339130434784,87.7280072463768,101.9639541062802,148.0,68.0,96.0
image_5946.jpg,480,720,0.6666666666666666,184.6201099537037,85.2109693287037,152.5724537037037,231.0,69.0,145.0
image_4480.jpg,256,256,1.0,68.84014892578125,142.54052734375,135.7560577392578,42.0,155.0,128.0
image_5952.jpg,847,720,1.176388888888889,74.14942443919716,95.86005509641873,107.27220746425292,37.0,95.0,102.0
image_627.jpg,340,270,1.2592592592592593,49.54429193899782,10.887516339869281,219.26149237472768,28.0,3.0,233.0
image_6283.jpg,450,450,1.0,16.07325925925926,22.40725925925926,241.93741728395062,0.0,0.0,255.0
image_141.jpg,300,200,1.5,39.419466666666665,79.81871666666666,157.20026666666666,25.0,72.0,166.0
image_9826.jpg,550,372,1.478494623655914,67.97995112414468,46.17999511241447,95.6656549364614,37.0,31.0,98.0
image_169.jpg,700,484,1.4462809917355373,64.3842414403778,107.00089728453365,149.9282054309327,54.0,106.0,141.0
image_2973.jpg,600,400,1.5,53.261725,106.75709583333334,141.1646375,26.0,87.0,146.0
image_9198.jpg,600,400,1.5,64.16724166666667,13.157683333333333,101.07114583333333,42.0,6.0,87.0
image_8286.jpg,450,300,1.5,124.23797037037038,83.37477777777778,199.2359925925926,141.0,79.0,214.0
image_8292.jpg,439,339,1.294985250737463,58.24327883833599,90.5710014043717,125.4397564859798,49.0,74.0,124.0
image_2967.jpg,300,300,1.0,101.07677777777778,99.29645555555555,117.77376666666666,127.0,68.0,102.0
image_9832.jpg,480,720,0.6666666666666666,70.96569444444444,105.83161747685185,221.93993344907406,36.0,97.0,237.0
image_9365.jpg,1024,576,1.7777777777777777,64.84762064615886,88.2579345703125,162.32687717013889,23.0,94.0,178.0
image_1739.jpg,250,250,1.0,31.567664,131.612416,119.918112,26.0,137.0,113.0
image_7348.jpg,1000,561,1.7825311942959001,72.65116577540107,108.90023351158645,152.64270944741534,59.0,112.0,154.0
image_4641.jpg,960,720,1.3333333333333333,86.08344328703704,30.361634837962963,141.4564163773148,30.0,21.0,151.0
image_4899.jpg,400,450,0.8888888888888888,78.31960555555555,166.0105888888889,126.02190555555555,57.0,171.0,111.0
image_2230.jpg,300,300,1.0,29.070255555555555,77.12227777777778,135.11726666666667,21.0,65.0,132.0
image_394.jpg,240,160,1.5,133.41041666666666,80.28393229166667,127.12984375,147.0,49.0,127.0
image_5239.jpg,954,720,1.325,54.138559864896344,118.40739430468204,136.52865274866062,45.0,116.0,138.0
image_3890.jpg,477,720,0.6625,48.01493710691824,122.577821453529,114.09702422548334,51.0,173.0,157.0
image_2556.jpg,626,461,1.3579175704989155,137.23220807662187,57.304248993367665,165.93188165746085,233.0,7.0,192.0
image_3648.jpg,800,600,1.3333333333333333,83.11028958333333,141.20501875,128.59485625,90.0,131.0,118.0
image_9403.jpg,240,160,1.5,186.13302083333335,37.98658854166667,214.015,198.0,6.0,220.0
image_6730.jpg,960,720,1.3333333333333333,105.59664496527778,79.35210792824074,172.28412037037037,147.0,91.5,178.0
image_8709.jpg,699,493,1.4178498985801218,82.46816518526902,101.59890541979705,114.28962267162304,28.0,92.0,104.0
image_9417.jpg,640,348,1.839080459770115,21.1269845545977,157.38098958333333,95.97641882183908,18.0,155.0,70.0
image_6724.jpg,200,200,1.0,47.422275,157.0859,186.02245,28.0,167.0,196.0
image_380.jpg,236,314,0.7515923566878981,118.68301306272267,85.40664471553492,86.2227140235345,113.0,77.0,36.0
image_3884.jpg,400,300,1.3333333333333333,91.86053333333334,80.43934166666666,131.02734166666667,60.0,65.0,127.0
image_2542.jpg,600,422,1.4218009478672986,54.310422590837284,40.21781595576619,85.61221563981043,24.0,31.0,63.0
image_4133.jpg,312,235,1.327659574468085,90.51412984178941,92.43798417894162,171.00231860338243,99.0,81.0,210.0
image_4655.jpg,500,334,1.4970059880239521,64.41110179640718,76.75459880239521,168.0654251497006,19.0,41.0,184.0
image_2224.jpg,600,400,1.5,79.66556666666666,97.22432083333334,116.60746666666667,24.0,85.0,114.0
image_9371.jpg,1054,712,1.4803370786516854,72.13923416412597,78.00868014839136,105.18545988529519,46.0,75.0,100.0
image_3112.jpg,80,80,1.0,0.0,0.0,214.609375,0.0,0.0,255.0
image_5563.jpg,261,338,0.772189349112426,100.09858532272325,80.22353714661406,105.96847582126097,138.0,38.0,106.0
image_9359.jpg,1000,665,1.5037593984962405,123.25472330827067,63.8079037593985,129.97256240601504,153.0,30.0,136.0
image_7374.jpg,600,600,1.0,38.623375,153.60580277777777,227.7838888888889,10.0,188.0,239.0
image_10.jpg,319,240,1.3291666666666666,74.19237199582027,64.80411442006269,116.76427638453501,26.0,58.0,109.0
image_8047.jpg,427,285,1.4982456140350877,92.43402769218127,36.77636714737664,145.9086979744443,72.0,22.0,158.0
image_7412.jpg,283,396,0.7146464646464646,80.69294535460614,61.92517043223757,175.98745404575794,42.0,17.0,201.0
image_5205.jpg,340,270,1.2592592592592593,83.3266339869281,69.13401960784314,87.01985838779956,42.0,54.0,67.0
image_3674.jpg,515,343,1.501457725947522,86.3273910951343,73.13196524102013,146.95192617962581,36.0,54.0,161.0
image_5211.jpg,1044,652,1.6012269938650308,118.5610632183908,40.01999006887149,107.93077151352749,161.0,18.0,90.0
image_3660.jpg,236,174,1.3563218390804597,71.28796512760569,69.16074907461524,128.17294954217806,39.0,42.0,140.0
image_7406.jpg,450,317,1.4195583596214512,78.26643533123028,40.67158079214862,190.8400350508237,77.0,30.0,207.0
image_8735.jpg,1000,574,1.7421602787456445,78.93268641114983,80.08850348432055,176.26600522648084,34.0,88.0,191.0
image_1077.jpg,523,720,0.7263888888888889,61.153696622052266,55.796396324622904,99.14613607393244,24.0,28.0,93.0
image_6718.jpg,248,300,0.8266666666666667,36.490698924731184,18.166155913978496,115.78627688172043,22.0,19.0,112.0
image_1711.jpg,240,160,1.5,98.88794270833333,47.683359375,148.87841145833335,104.0,33.0,165.0
image_8053.jpg,229,171,1.3391812865497077,51.843790699456065,98.99328379172093,128.22661457136292,24.0,132.0,119.0
image_3106.jpg,540,720,0.75,50.539393004115226,96.64328189300412,143.22270833333334,24.0,92.0,148.0
image_5577.jpg,340,270,1.2592592592592593,150.3581045751634,49.39032679738562,132.91072984749457,161.0,10.0,147.0
image_431.jpg,263,185,1.4216216216216215,71.5656150447025,108.37946768060837,74.76062069674236,25.0,100.0,50.0
image_4682.jpg,569,720,0.7902777777777777,88.14345586799453,92.82208064831087,95.16481888303066,62.0,84.0,93.0
image_1922.jpg,10,10,1.0,0.0,0.0,255.0,0.0,0.0,255.0
image_6095.jpg,480,480,1.0,51.295651041666666,94.56404513888889,202.42097222222222,26.0,92.0,218.0
image_357.jpg,1080,720,1.5,50.976014660493824,110.44484953703704,168.52082433127572,19.0,119.0,185.0
image_3853.jpg,724,483,1.4989648033126295,61.80109067407891,96.86569323862142,109.82122839527355,53.0,95.0,87.0
image_2595.jpg,350,240,1.4583333333333333,20.266809523809524,153.3532619047619,158.63441666666668,20.0,147.0,169.0
image_2581.jpg,1081,720,1.5013888888888889,28.215696628636035,130.59749717339912,115.96690435810464,23.0,132.0,124.0
image_1088.jpg,577,720,0.8013888888888889,108.75112651646447,134.27730839591757,141.15367321394186,99.0,139.0,144.0
image_8912.jpg,800,400,2.0,1.357578125,0.820840625,79.409090625,0.0,0.0,64.0
image_1936.jpg,300,199,1.5075376884422111,71.94490787269682,117.94695142378559,167.9296984924623,31.0,130.0,165.0
image_6081.jpg,220,220,1.0,74.17477272727272,70.8101652892562,160.8252685950413,42.0,56.0,181.0
image_5588.jpg,236,282,0.8368794326241135,72.4382137276115,93.84730736867412,174.2520885923789,60.0,77.0,174.0
image_4696.jpg,940,720,1.3055555555555556,38.71685431442081,117.93777482269503,140.66648049645391,32.0,121.0,141.0
image_8084.jpg,260,208,1.25,27.176349852071006,111.68761094674556,59.97311390532544,17.0,129.0,7.0
image_4866.jpg,270,295,0.9152542372881356,41.01472693032015,60.99672316384181,178.47043314500942,23.0,57.0,188.0
image_6917.jpg,720,720,1.0,213.08578317901234,197.11555941358026,228.2669386574074,246.0,242.0,245.0
image_419.jpg,474,484,0.9793388429752066,89.52798845764899,96.18938086271228,207.7534435261708,13.0,88.0,229.0
image_8090.jpg,508,720,0.7055555555555556,85.65871609798775,25.328256233595802,95.78806321084865,59.0,25.0,90.0
image_9211.jpg,450,306,1.4705882352941178,104.97607843137254,132.85479302832243,180.60943355119826,150.0,145.0,214.0
image_586.jpg,480,720,0.6666666666666666,82.47044270833334,100.08848668981481,127.56306712962963,29.0,88.0,120.0
image_4735.jpg,686,720,0.9527777777777777,22.45876862649822,124.05101230968577,93.97089609653385,23.0,113.0,95.0
image_2422.jpg,368,276,1.3333333333333333,63.85623424700693,92.87588610586012,134.77530324511656,60.0,83.0,100.0
image_9577.jpg,400,400,1.0,58.33753125,103.46466875,181.627825,27.0,124.0,190.0
image_6644.jpg,536,600,0.8933333333333333,53.01930348258706,95.53411069651742,129.03242537313432,28.0,89.0,116.0
image_8669.jpg,640,427,1.4988290398126465,64.49199355971896,22.375925790398128,129.9019430620609,51.0,7.0,146.0
image_9563.jpg,446,640,0.696875,60.10912626121076,137.56343189461884,114.87557104820628,53.0,137.0,114.0
image_6650.jpg,724,483,1.4989648033126295,95.78435308786017,98.94123114054653,122.37069192317811,33.0,101.0,109.0
image_6888.jpg,1200,600,2.0,83.51338055555556,35.45134861111111,233.6718013888889,60.0,15.0,240.0
image_4047.jpg,300,281,1.0676156583629892,105.8091340450771,175.51576512455517,170.15641755634638,130.0,179.0,180.0
image_3728.jpg,80,80,1.0,0.0,0.0,214.609375,0.0,0.0,255.0
image_2436.jpg,474,288,1.6458333333333333,63.951139826535396,89.26480455930614,201.70758614627286,20.0,60.0,210.0
image_5359.jpg,340,270,1.2592592592592593,58.447265795206974,63.65294117647059,228.25314814814814,19.0,47.0,235.0
image_592.jpg,543,720,0.7541666666666667,150.87356251278902,118.74288162471863,194.9350138121547,159.0,108.0,203.0
image_2350.jpg,499,268,1.8619402985074627,101.1947252714384,69.47521161726438,144.6587054706428,150.0,66.0,139.0
image_4721.jpg,80,80,1.0,0.0,0.0,214.609375,0.0,0.0,255.0
image_1881.jpg,961,720,1.3347222222222221,121.25494276795006,37.804384899988435,162.23380448606775,148.0,22.0,187.0
image_7228.jpg,338,400,0.845,30.61189349112426,103.41390532544379,139.09397928994082,26.0,107.0,142.0
image_1659.jpg,862,575,1.4991304347826087,137.46566730555836,11.565830727327752,176.77174619186925,134.0,9.0,171.0
image_9205.jpg,150,150,1.0,72.87431111111111,47.52968888888889,188.1868,34.0,42.0,197.0
image_6136.jpg,820,564,1.4539007092198581,103.91944948970766,77.05640676353572,128.08843841895865,107.0,76.0,119.0
image_5417.jpg,720,720,1.0,71.65351466049383,15.552204861111111,237.1684124228395,0.0,1.0,244.0
image_2378.jpg,800,533,1.5009380863039399,90.43478189493433,77.31076923076922,178.9336632270169,68.0,37.0,186.0
image_3066.jpg,529,529,1.0,74.49518476563478,88.38001579468342,165.21605483113626,46.0,74.0,170.0
image_4709.jpg,200,200,1.0,55.882175,95.3462,144.54755,14.0,88.0,151.0
image_7200.jpg,219,328,0.6676829268292683,55.663186323644055,82.79766677803764,158.38654081746296,23.0,76.0,163.0
image_1671.jpg,659,435,1.5149425287356322,64.82561177681265,74.67230739713602,130.78447316554167,29.0,72.0,124.0
image_1117.jpg,238,250,0.952,82.7790756302521,98.03912605042017,225.2528067226891,42.0,6.0,255.0
image_7566.jpg,200,200,1.0,10.251125,2.4903,77.508275,0.0,0.0,39.0
image_8655.jpg,480,600,0.8,78.4745625,132.57559375,164.8845625,41.0,123.0,173.0
image_3700.jpg,400,284,1.408450704225352,127.58650528169014,25.667121478873238,187.6125792253521,151.0,18.0,190.0
image_5371.jpg,720,720,1.0,32.89007908950617,40.29099729938272,208.42465856481482,0.0,0.0,255.0
image_3714.jpg,368,223,1.6502242152466369,119.19894228894522,61.39372928446091,138.75138915968026,146.0,63.0,148.0
image_5365.jpg,1058,704,1.5028409090909092,139.74842917597525,200.53702177135247,122.86338530030933,148.0,249.0,133.0
image_1103.jpg,300,300,1.0,28.3559,133.38365555555555,180.67224444444443,25.0,137.0,187.0
image_8899.jpg,720,405,1.7777777777777777,55.70696159122085,49.78193072702332,78.78244170096022,56.0,42.0,63.0
image_7572.jpg,200,300,0.6666666666666666,70.91245,71.85365,159.3243,42.0,63.0,165.0
image_8641.jpg,535,720,0.7430555555555556,35.29166926272067,47.27916666666667,231.0501349948079,28.0,35.0,249.0
image_7214.jpg,550,367,1.4986376021798364,90.16703492692594,89.41706712905624,138.94450829824126,85.0,75.0,117.0
image_8127.jpg,238,160,1.4875,33.58826155462185,44.785924369747896,226.3626575630252,34.0,31.0,237.0
image_1665.jpg,474,365,1.2986301369863014,25.280087856193283,87.87213455869603,136.30575689266516,23.0,81.0,146.0
image_9239.jpg,447,450,0.9933333333333333,40.36780014914243,112.34730300770569,159.8423017648521,28.0,137.0,158.0
image_5403.jpg,80,80,1.0,0.0,0.0,214.609375,0.0,0.0,255.0
image_3072.jpg,190,140,1.3571428571428572,53.621428571428574,62.052368421052634,205.42342105263157,33.0,50.0,222.0
image_3099.jpg,480,319,1.5047021943573669,84.7269461859979,71.92639106583071,59.48669017763845,16.0,55.0,53.0
image_545.jpg,498,500,0.996,121.36613654618473,47.987939759036145,220.5265421686747,161.0,12.0,232.0
image_2387.jpg,340,270,1.2592592592592593,20.03863834422658,76.84936819172113,229.3758605664488,12.0,35.0,251.0
image_7599.jpg,240,160,1.5,30.98609375,88.496796875,204.49161458333333,28.0,64.0,213.0
image_6687.jpg,940,720,1.3055555555555556,134.6964391252955,110.2456870567376,118.78646719858156,150.0,94.0,120.0
image_223.jpg,454,302,1.5033112582781456,26.12686349447151,124.39175686320273,171.12272806838405,18.0,131.0,174.0
image_4090.jpg,500,375,1.3333333333333333,68.87854933333334,111.69082133333333,108.96637333333334,51.0,105.0,97.0
image_237.jpg,450,299,1.5050167224080269,26.42937198067633,136.65353400222966,154.30231140839837,22.0,129.0,160.0
image_3933.jpg,800,536,1.492537313432836,110.59405550373134,64.81767257462687,158.74300606343283,136.0,60.0,158.0
image_4084.jpg,236,356,0.6629213483146067,84.70728194629595,60.80831032184346,146.64334174442962,42.0,41.0,153.0
image_6693.jpg,400,574,0.6968641114982579,79.10327961672473,147.79268292682926,182.28449041811848,28.0,155.0,222.0
image_8866.jpg,576,720,0.8,87.49616608796296,124.7916160300926,142.96714409722222,28.0,121.0,138.0
image_1842.jpg,225,225,1.0,67.96719012345679,26.228148148148147,197.16515555555554,47.0,15.0,210.0
image_551.jpg,403,565,0.7132743362831858,116.20869584312348,33.18371944926327,160.13762269702892,151.0,28.0,173.0
image_2393.jpg,450,300,1.5,45.36762962962963,147.01850370370371,98.21422962962963,33.0,170.0,86.0
image_6863.jpg,481,720,0.6680555555555555,24.302584315084314,27.18005601755602,228.8755082005082,6.0,2.0,252.0
image_8696.jpg,480,720,0.6666666666666666,28.633489583333333,137.5506394675926,97.75986400462963,22.0,166.0,97.0
image_9588.jpg,1000,500,2.0,43.144276,81.99126,98.685986,36.0,73.0,89.0
image_6877.jpg,340,270,1.2592592592592593,84.63297385620915,5.01239651416122,242.3872331154684,34.0,3.0,251.0
image_8682.jpg,800,534,1.4981273408239701,46.18564138576779,86.71720739700375,132.752343164794,33.0,43.0,144.0
image_4906.jpg,708,398,1.778894472361809,53.199436447775604,38.460444879766065,63.800879396984925,0.0,0.0,40.0
image_7758.jpg,800,600,1.3333333333333333,104.07061875,83.14011666666667,120.36161875,143.0,42.0,124.0
image_7980.jpg,450,300,1.5,116.20085185185185,79.73384444444444,106.90667407407408,134.0,65.0,104.0
image_1329.jpg,537,720,0.7458333333333333,52.162368094351336,172.05448479205464,193.27865197599834,43.0,181.0,225.0
image_6446.jpg,400,300,1.3333333333333333,117.64635,73.97824166666666,151.08624166666667,144.0,49.0,150.0
image_9775.jpg,1076,720,1.4944444444444445,70.0690146117307,136.18260661916563,105.63271762701363,33.0,128.0,106.0
image_2620.jpg,456,570,0.8,0.0,0.0,218.34126269621422,0.0,0.0,249.0
image_4251.jpg,450,305,1.4754098360655739,41.7975810564663,34.83163570127505,167.74604735883423,22.0,17.0,218.0
image_2146.jpg,480,344,1.3953488372093024,50.01699370155039,120.1976683624031,97.2345445736434,34.0,119.0,86.0
image_5629.jpg,220,200,1.1,76.86386363636363,165.72972727272727,154.47281818181818,68.0,159.0,163.0
image_6320.jpg,456,720,0.6333333333333333,48.04060367933723,35.368753045808965,200.71739461500974,23.0,16.0,208.0
image_9013.jpg,160,160,1.0,84.981875,107.04984375,140.7559375,71.0,100.0,146.0
image_6334.jpg,450,338,1.331360946745562,60.71630506245891,88.91238001314925,149.3428862590401,42.0,80.0,130.0
image_9007.jpg,444,296,1.5,29.365465972729485,24.410115351838325,231.57229273192112,26.0,8.0,241.0
image_8319.jpg,960,720,1.3333333333333333,76.98018952546296,75.17112557870371,170.59612847222223,41.0,54.0,182.0
image_4523.jpg,483,720,0.6708333333333333,55.31024269611226,154.4123878536922,85.46544168391995,51.0,153.0,75.0
image_948.jpg,780,520,1.5,53.452480276134125,27.718533037475346,135.60299309664694,24.0,14.0,139.0
image_2152.jpg,550,307,1.791530944625407,48.640195439739415,52.45911163754812,152.01043529760142,27.0,48.0,155.0
image_790.jpg,480,610,0.7868852459016393,103.78428278688524,41.0951912568306,183.18298155737705,47.0,15.0,188.0
image_2634.jpg,450,300,1.5,29.52405925925926,102.23070370370371,193.50738518518517,19.0,85.0,222.0
image_4245.jpg,450,360,1.25,27.458092592592592,26.66503086419753,223.0284814814815,0.0,0.0,255.0
image_7994.jpg,445,334,1.3323353293413174,136.35262060149364,67.00595438336809,125.55926798089214,154.0,45.0,110.0
image_6452.jpg,646,470,1.374468085106383,41.5054838284698,82.17595020090903,164.166425136684,30.0,68.0,168.0
image_3502.jpg,750,500,1.5,101.77484533333333,53.51476,183.03757866666666,135.0,26.0,195.0
image_8457.jpg,80,80,1.0,0.0,0.0,214.609375,0.0,0.0,255.0
image_7764.jpg,480,720,0.6666666666666666,115.25859953703704,84.97156539351852,106.66104166666666,158.0,86.0,99.0
image_9991.jpg,340,400,0.85,37.69628676470588,95.22258823529411,202.5599705882353,17.0,93.0,211.0
image_1315.jpg,540,720,0.75,65.08463477366256,42.248112139917694,145.06251028806585,34.0,32.0,154.0
image_9749.jpg,224,336,0.6666666666666666,19.364543473639454,33.44165869472789,239.8181600765306,0.0,0.0,255.0
image_8331.jpg,236,314,0.7515923566878981,50.69132570441542,34.5517920760013,178.4397063586311,49.0,18.0,191.0
image_7002.jpg,477,587,0.8126064735945485,83.01240004428587,70.73784549230533,82.1668255958057,42.0,60.0,64.0
image_960.jpg,320,240,1.3333333333333333,92.80001302083333,119.33954427083333,113.3287890625,94.0,46.0,150.0
image_3264.jpg,450,300,1.5,18.27617037037037,205.75367407407407,170.34908148148148,18.0,215.0,182.0
image_5615.jpg,225,225,1.0,28.911446913580246,103.63377777777778,143.36774320987655,26.0,94.0,140.0
image_3270.jpg,550,550,1.0,79.82853223140496,116.23418842975207,126.1700694214876,42.0,109.0,133.0
image_5601.jpg,260,195,1.3333333333333333,116.4767258382643,55.23623274161736,130.70516765285996,146.0,34.0,114.0
image_6308.jpg,720,405,1.7777777777777777,130.41026406035667,48.0204561042524,50.316742112482856,143.0,46.0,43.0
image_8325.jpg,550,367,1.4986376021798364,59.960153579390635,83.24720336883824,127.0755164726282,26.0,87.0,120.0
image_8443.jpg,474,702,0.6752136752136753,92.90187469195908,129.6473367232861,148.87666342096722,52.0,139.0,167.0
image_7770.jpg,500,240,2.0833333333333335,78.73841666666667,54.40795,183.52220833333334,59.0,41.0,200.0
image_9985.jpg,200,313,0.6389776357827476,34.53343450479233,76.3373322683706,176.40931309904153,28.0,79.0,183.0
image_1301.jpg,474,264,1.7954545454545454,148.89317222861527,200.2817574478967,136.6782460682777,150.0,228.0,120.0
image_5167.jpg,626,417,1.501199040767386,19.595080485132662,142.71524505635108,165.18674389561832,18.0,121.0,174.0
image_2608.jpg,295,295,1.0,21.978247629991383,77.99755242746338,184.51390979603562,16.0,72.0,183.0
image_3516.jpg,480,300,1.6,124.067125,45.600972222222225,72.55560416666667,170.0,36.0,39.0
image_4279.jpg,300,300,1.0,58.435877777777776,14.256911111111112,201.1346,19.0,13.0,204.0
image_4292.jpg,500,335,1.492537313432836,98.1089671641791,179.23703880597014,101.17187462686567,145.0,191.0,97.0
image_7943.jpg,258,258,1.0,65.92488432185566,91.17145904693227,139.55154437834264,25.0,80.0,140.0
image_6485.jpg,699,268,2.6082089552238807,66.33910917515428,71.0204663378387,125.80762496530224,29.0,62.0,121.0
image_747.jpg,300,299,1.0033444816053512,52.924905239687845,68.24471571906355,172.51539576365664,15.0,40.0,178.0
image_5832.jpg,480,360,1.3333333333333333,62.6775462962963,26.623443287037038,35.83865740740741,0.0,0.0,12.0
image_2191.jpg,300,450,0.6666666666666666,18.187792592592594,48.736162962962965,222.27395555555555,0.0,0.0,255.0
image_753.jpg,474,632,0.75,50.398126635688726,80.57633659135823,113.8687643540031,23.0,73.0,112.0
image_5826.jpg,200,267,0.7490636704119851,118.60161048689139,35.593333333333334,161.11037453183522,146.0,29.0,158.0
image_1498.jpg,300,225,1.3333333333333333,18.07871111111111,192.89201481481481,171.11917037037037,19.0,189.0,182.0
image_6491.jpg,936,700,1.3371428571428572,78.02941544566545,90.77080891330891,152.15446886446887,34.0,69.0,178.0
image_4286.jpg,1221,720,1.6958333333333333,73.2582992082992,58.362162162162164,119.79030394030394,35.0,51.0,100.0
image_5198.jpg,510,341,1.4956011730205279,74.85970329480766,117.22435167615433,119.54781208671152,16.0,148.0,111.0
image_8494.jpg,450,300,1.5,96.7491111111111,98.29610370370371,195.40560740740742,65.0,39.0,207.0
image_9952.jpg,433,650,0.6661538461538462,49.379662462249065,109.82594421744537,135.06021673476639,46.0,105.0,129.0
image_2807.jpg,640,480,1.3333333333333333,122.64367838541666,92.52298828125,154.64699869791667,148.0,97.0,162.0
image_2813.jpg,437,328,1.3323170731707317,102.35990260646314,87.39559496567506,144.74833258916112,142.0,82.0,152.0
image_8480.jpg,474,355,1.3352112676056338,46.96770071908243,187.68745468592144,126.15877458845902,48.0,200.0,119.0
image_9947.jpg,500,333,1.5015015015015014,121.35573573573573,69.76108108108109,166.8825045045045,26.0,61.0,173.0
image_2806.jpg,235,175,1.3428571428571427,78.92274772036474,100.56746504559271,88.44437689969605,73.0,97.0,68.0
image_752.jpg,500,337,1.4836795252225519,61.60642729970326,67.58981602373888,122.8899643916914,53.0,67.0,134.0
image_2190.jpg,500,333,1.5015015015015014,149.33352552552552,39.00586786786787,181.12952552552554,158.0,26.0,235.0
image_5199.jpg,653,600,1.0883333333333334,69.32478815722307,64.47215160796324,135.966651352731,57.0,65.0,152.0
image_4287.jpg,480,720,0.6666666666666666,53.90618634259259,83.68068576388889,124.33969907407408,35.0,75.0,135.0
image_6490.jpg,768,513,1.4970760233918128,88.38418565220923,144.4379873294347,108.54479877355426,19.0,144.0,86.0
image_7956.jpg,554,720,0.7694444444444445,120.81233453670276,87.19312825912556,168.7309215804252,42.0,40.0,194.0
image_6484.jpg,400,267,1.4981273408239701,91.36366104868914,115.58298689138577,141.19951310861424,34.0,97.0,140.0
image_7942.jpg,300,200,1.5,70.82961666666667,44.75281666666667,245.65643333333333,42.0,5.0,255.0
image_5833.jpg,252,200,1.26,37.87849206349206,118.66599206349207,180.95531746031747,31.0,122.0,226.0
image_746.jpg,720,720,1.0,112.11595293209876,116.53477816358024,137.39750771604938,88.0,91.0,112.0
image_2184.jpg,540,720,0.75,60.31398405349794,109.57918209876543,142.52691615226337,18.0,104.0,154.0
image_7017.jpg,250,374,0.6684491978609626,58.77425668449198,40.61475935828877,165.60413903743316,22.0,6.0,183.0
image_8324.jpg,500,500,1.0,56.97516,65.777056,217.99682,27.0,2.0,255.0
image_1466.jpg,760,720,1.0555555555555556,78.11045687134504,71.81606176900584,121.03156067251462,82.0,72.0,114.0
image_6309.jpg,300,450,0.6666666666666666,74.4408074074074,67.8139037037037,129.59467407407408,22.0,47.0,127.0
image_5600.jpg,236,295,0.8,52.69800344728526,65.08787704682562,190.6530020109164,30.0,29.0,212.0
image_3271.jpg,720,720,1.0,92.07974344135802,49.01079089506173,109.97515817901234,68.0,33.0,84.0
image_975.jpg,480,720,0.6666666666666666,61.59568865740741,130.86969618055556,210.23662905092593,27.0,138.0,215.0
image_4278.jpg,135,135,1.0,142.8477914951989,145.72115226337448,145.74106995884773,145.0,170.0,146.0
image_3517.jpg,800,533,1.5009380863039399,124.63715759849906,21.67453799249531,156.73924015009382,157.0,22.0,137.0
image_2609.jpg,790,527,1.4990512333965844,48.35134388585978,89.96307736651214,179.585403405952,26.0,42.0,224.0
image_5166.jpg,1200,630,1.9047619047619047,66.22106878306879,100.96631481481481,162.93523148148148,25.0,103.0,218.0
image_9984.jpg,450,300,1.5,67.91952592592592,54.61897777777778,170.58997037037037,22.0,39.0,166.0
image_7771.jpg,480,720,0.6666666666666666,29.13243923611111,79.76448206018519,106.95628182870371,17.0,61.0,111.0
image_8442.jpg,250,250,1.0,139.946816,48.146656,163.871488,161.0,40.0,161.0
image_9748.jpg,477,720,0.6625,36.666023177265316,79.53606452364313,147.0770906126252,25.0,67.0,153.0
image_1314.jpg,980,653,1.5007656967840735,84.14323217801669,55.579630902897144,96.16571397318499,24.0,43.0,64.0
image_9990.jpg,640,480,1.3333333333333333,57.22902669270833,105.743486328125,107.88454427083333,46.0,96.0,109.0
image_7765.jpg,300,300,1.0,61.945933333333336,53.57474444444444,125.41535555555555,42.0,18.0,131.0
image_8456.jpg,480,356,1.348314606741573,76.86580056179776,34.16847495318352,120.62771535580525,58.0,17.0,116.0
image_3503.jpg,608,342,1.7777777777777777,95.58296302708526,149.03081717451525,171.81557787011388,87.0,184.0,213.0
image_5172.jpg,236,352,0.6704545454545454,68.35366910631741,111.58377070493066,106.37342305469954,66.0,97.0,94.0
image_5614.jpg,1280,720,1.7777777777777777,143.59559136284722,96.82414605034722,119.35572808159722,152.0,85.0,95.0
image_3265.jpg,80,80,1.0,0.0,0.0,214.609375,0.0,0.0,255.0
image_961.jpg,900,603,1.492537313432836,96.69605122535471,58.91400221116639,150.04527547447947,81.0,46.0,150.0
image_7003.jpg,320,480,0.6666666666666666,22.693606770833334,44.68103515625,171.99341796875,21.0,38.0,193.0
image_8330.jpg,284,223,1.2735426008968609,172.4556622244679,41.11272342575633,142.19056716983516,175.0,19.0,146.0
image_1472.jpg,400,293,1.3651877133105803,98.56266211604095,22.762252559726964,176.10077645051194,51.0,15.0,200.0
image_791.jpg,720,720,1.0,90.07525655864198,132.39404706790123,157.19241319444444,134.0,148.0,159.0
image_2153.jpg,320,320,1.0,98.949345703125,41.966845703125,94.2020703125,51.0,30.0,103.0
image_949.jpg,380,380,1.0,13.200138504155124,74.64562326869806,144.4374238227147,13.0,51.0,144.0
image_8318.jpg,538,720,0.7472222222222222,112.21592059066502,122.8976017141677,159.93979760429573,145.0,123.0,173.0
image_9006.jpg,1016,720,1.4111111111111112,107.10395614610674,27.802706692913386,151.98114473972004,147.0,24.0,170.0
image_6335.jpg,361,240,1.5041666666666667,123.50242382271468,203.01605493998153,127.0040512465374,123.0,228.0,117.0
image_9760.jpg,500,281,1.7793594306049823,120.30635587188613,71.25125978647687,177.8600284697509,138.0,47.0,180.0
image_6453.jpg,570,602,0.946843853820598,74.1548755609955,40.18725010199918,202.53159934720523,49.0,13.0,216.0
image_4244.jpg,270,338,0.7988165680473372,47.756585579662506,124.8126013587552,139.16881437650667,32.0,125.0,143.0
image_2635.jpg,480,720,0.6666666666666666,0.0,0.0,101.57854456018518,0.0,0.0,86.0
image_4250.jpg,365,500,0.73,64.09990684931506,82.05756712328767,157.03577534246574,29.0,60.0,188.0
image_2621.jpg,720,451,1.5964523281596452,103.69029625523528,73.27609324956886,121.06604767184035,53.0,58.0,110.0
image_9774.jpg,396,244,1.6229508196721312,20.33512377877132,66.09935419771486,199.10424946183142,16.0,60.0,218.0
image_6447.jpg,720,720,1.0,32.22799961419753,136.6097125771605,137.46908179012345,25.0,149.0,138.0
image_1328.jpg,567,720,0.7875,40.666272290809324,115.95595238095238,162.05136684303352,16.0,123.0,169.0
image_7981.jpg,1024,683,1.499267935578331,82.50217903550512,66.82768890693632,142.5927677182467,51.0,64.0,154.0
image_7759.jpg,450,300,1.5,98.34922222222222,121.06415555555556,144.7477111111111,51.0,109.0,145.0
image_6321.jpg,450,345,1.3043478260869565,54.886183574879226,140.56562962962963,99.68964895330113,30.0,132.0,64.0
image_785.jpg,236,226,1.0442477876106195,100.83877681115945,64.46055197240138,170.82394630268487,127.0,32.0,170.0
image_5628.jpg,790,528,1.496212121212121,159.81831127733025,64.03525604142693,87.71833045646336,226.0,60.0,55.0
image_3259.jpg,535,720,0.7430555555555556,92.78553478712357,138.19433800623054,183.61280893042576,130.0,120.0,190.0
image_4536.jpg,570,355,1.6056338028169015,68.9436520879664,97.91301210773412,119.25166790214973,48.0,64.0,118.0
image_6876.jpg,480,720,0.6666666666666666,22.392410300925928,149.0787789351852,161.34453703703704,20.0,163.0,165.0
image_4913.jpg,480,720,0.6666666666666666,138.14734664351852,45.40269965277778,205.41071180555556,152.0,23.0,239.0
image_578.jpg,300,200,1.5,71.39805,62.326233333333334,138.3917,28.0,41.0,142.0
image_9589.jpg,300,299,1.0033444816053512,198.28003344481604,25.131939799331104,227.3128762541806,220.0,22.0,242.0
image_6862.jpg,479,720,0.6652777777777777,89.3178235908142,119.02156982138715,71.07267745302714,28.0,102.0,50.0
image_8867.jpg,475,720,0.6597222222222222,53.09616081871345,85.45708479532163,120.09445321637426,21.0,77.0,113.0
image_6692.jpg,333,500,0.666,90.20206606606607,91.26987387387388,210.68669669669669,32.0,48.0,231.0
image_4085.jpg,450,300,1.5,226.02985925925927,218.2167037037037,196.5713111111111,247.0,253.0,201.0
image_3932.jpg,960,720,1.3333333333333333,54.5965234375,107.7031004050926,134.88720341435186,41.0,99.0,133.0
image_236.jpg,226,185,1.2216216216216216,27.90535756995934,85.90016742406122,208.73886629992825,23.0,89.0,208.0
image_2392.jpg,320,317,1.0094637223974763,41.81954850157729,41.61826695583596,212.4593454258675,39.0,40.0,229.0
image_550.jpg,240,179,1.3407821229050279,14.232728119180633,165.7733472998138,188.55430633147114,13.0,171.0,193.0
image_1843.jpg,616,462,1.3333333333333333,148.32318547253612,121.52160636982066,161.0260407882161,225.0,122.0,159.0
image_1857.jpg,195,165,1.1818181818181819,131.58747474747474,106.20711732711733,185.95151515151514,116.0,90.0,199.0
image_2386.jpg,440,267,1.647940074906367,80.52056520258768,85.98114572693224,110.88843207354444,88.0,51.0,105.0
image_544.jpg,236,236,1.0,169.8604029014651,96.48673154266015,108.60088695777075,176.0,86.0,95.0
image_3098.jpg,750,575,1.3043478260869565,81.69920463768116,69.31983768115943,177.0040347826087,28.0,48.0,204.0
image_4091.jpg,235,314,0.7484076433121019,110.74491123458463,97.18162352622306,206.0087816777341,141.0,84.0,234.0
image_3926.jpg,300,300,1.0,80.67032222222223,115.55053333333333,206.27913333333333,20.0,59.0,207.0
image_8873.jpg,300,243,1.2345679012345678,102.01545953360768,104.12131687242798,147.90986282578876,126.0,103.0,175.0
image_7598.jpg,570,654,0.8715596330275229,50.74856215462203,53.85597671548903,170.6757631847202,51.0,35.0,180.0
image_8640.jpg,480,320,1.5,181.15059895833335,113.19046223958334,76.19794270833333,187.0,115.0,59.0
image_7573.jpg,540,720,0.75,70.55876543209877,101.18898919753086,76.33955761316872,79.0,69.0,46.0
image_1102.jpg,250,250,1.0,41.058176,131.131728,97.491616,17.0,134.0,89.0
image_8898.jpg,1280,715,1.7902097902097902,92.67690668706294,61.708303103146854,124.35189576048951,92.0,51.0,129.0
image_5364.jpg,770,578,1.3321799307958477,32.05214802498539,80.76349256280052,169.37529771266796,24.0,37.0,179.0
image_3715.jpg,946,706,1.339943342776204,71.51319855781612,40.617840736903254,127.96715258521043,42.0,36.0,115.0
image_5402.jpg,580,580,1.0,141.12412009512485,66.64878418549345,229.8330172413793,150.0,70.0,236.0
image_9238.jpg,550,458,1.2008733624454149,58.20519253672092,54.098535132989284,220.43048034934498,51.0,19.0,248.0
image_1664.jpg,450,312,1.4423076923076923,95.58841168091168,110.30009259259259,212.80688746438747,138.0,94.0,227.0
image_8126.jpg,250,333,0.7507507507507507,63.44517717717718,103.13799399399399,150.89263663663664,23.0,104.0,156.0
image_7215.jpg,474,337,1.4065281899109792,152.19687863877098,66.58694236812781,54.43354117367189,199.0,69.0,47.0
image_1670.jpg,570,570,1.0,20.085967990150817,57.71061249615266,200.80498307171436,20.0,33.0,221.0
image_8132.jpg,235,305,0.7704918032786885,28.677265434251833,41.10370422043948,153.1865643529822,28.0,31.0,162.0
image_4708.jpg,720,720,1.0,26.973769290123457,134.23874228395061,171.821456404321,23.0,142.0,179.0
image_3067.jpg,450,450,1.0,60.19783703703704,62.19303703703704,208.2961185185185,8.0,5.0,255.0
image_2379.jpg,640,480,1.3333333333333333,80.25034830729167,107.49275390625,111.65034830729167,85.0,94.0,111.0
image_5416.jpg,697,464,1.5021551724137931,70.42507915697819,79.59802478602879,149.23102396972246,51.0,68.0,154.0
image_5370.jpg,300,400,0.75,29.830083333333334,25.97545,189.08471666666668,29.0,17.0,190.0
image_3701.jpg,300,450,0.6666666666666666,158.1844888888889,158.41034074074074,20.766096296296297,157.0,162.0,10.0
image_8654.jpg,450,450,1.0,42.63276049382716,54.062488888888886,230.41427160493828,18.0,2.0,238.0
image_7567.jpg,600,450,1.3333333333333333,80.63108888888888,134.61575555555555,154.45506666666665,56.0,152.0,135.0
image_1116.jpg,547,720,0.7597222222222222,49.377176010562664,47.310674385537276,211.55162502539102,6.0,3.0,255.0
image_6679.jpg,620,372,1.6666666666666667,114.80301768990634,57.610735345126606,184.58636836628511,146.0,47.0,207.0
image_5358.jpg,1280,720,1.7777777777777777,165.6201117621528,39.58890299479167,162.01518880208334,177.0,8.0,162.0
image_2437.jpg,491,720,0.6819444444444445,94.9759957003847,18.588159085766012,222.72201572754017,49.0,11.0,229.0
image_3729.jpg,235,355,0.6619718309859155,60.39334731795025,51.30318249925082,160.97527120167814,24.0,41.0,180.0
image_6889.jpg,300,225,1.3333333333333333,60.13167407407408,152.85223703703704,125.43585185185185,37.0,157.0,132.0
image_6651.jpg,128,128,1.0,78.77703857421875,50.3636474609375,25.33892822265625,42.0,14.0,7.0
image_9562.jpg,275,183,1.5027322404371584,65.2153999006458,153.04256333830105,171.06378539493295,11.0,162.0,193.0
image_6137.jpg,475,281,1.690391459074733,62.323139164637574,47.19554972841356,142.8048997939689,29.0,33.0,171.0
image_9204.jpg,350,350,1.0,24.6281306122449,47.74591020408163,204.7023673469388,22.0,40.0,222.0
image_1658.jpg,596,380,1.568421052631579,37.24933768986224,172.6515100671141,145.3011744966443,23.0,155.0,161.0
image_7229.jpg,539,720,0.7486111111111111,128.744431560503,55.08415532879818,200.23083900226757,221.0,23.0,214.0
image_1880.jpg,250,250,1.0,28.690224,105.628608,172.830256,23.0,90.0,173.0
image_4720.jpg,466,720,0.6472222222222223,108.82213876967096,40.267337267525036,149.36110813066284,166.0,27.0,155.0
image_2351.jpg,240,173,1.3872832369942196,106.98901734104047,118.00982658959538,95.8544556840077,103.0,113.0,18.0
image_593.jpg,496,720,0.6888888888888889,118.99318996415771,148.2255320340502,196.23189124103942,128.0,205.0,188.0
image_4734.jpg,576,720,0.8,83.17940779320988,99.66754918981482,193.6309871720679,106.0,108.0,232.0
image_587.jpg,427,640,0.6671875,30.12017710772834,103.0775431791569,121.34598946135831,23.0,84.0,127.0
image_6123.jpg,258,207,1.2463768115942029,45.75725573905554,86.05162341309965,70.88795266449462,29.0,71.0,62.0
image_9210.jpg,1200,569,2.10896309314587,85.80829818394845,87.14632981839485,148.31357205623902,63.0,71.0,164.0
image_1894.jpg,400,250,1.6,81.629,130.40087,95.21437,59.0,143.0,88.0
image_9576.jpg,80,80,1.0,0.0,0.0,214.609375,0.0,0.0,255.0
image_2423.jpg,480,270,1.7777777777777777,110.35867283950617,47.44418209876543,125.95515432098766,146.0,42.0,134.0
image_4052.jpg,640,359,1.7827298050139275,66.26835393454039,65.39957346796658,78.69813283426184,26.0,57.0,61.0
image_6902.jpg,751,532,1.4116541353383458,97.35134357197921,79.24449856331908,124.03088863970846,93.0,63.0,135.0
image_8091.jpg,480,360,1.3333333333333333,104.5500636574074,105.56580439814815,133.94069444444443,93.0,93.0,135.0
image_418.jpg,450,300,1.5,85.70578518518519,93.97762222222222,152.9182,54.0,85.0,202.0
image_4873.jpg,338,338,1.0,98.99524701516053,160.2746665032737,203.06108854731977,125.0,167.0,213.0
image_4867.jpg,239,160,1.49375,90.64395920502092,52.357374476987445,207.41992677824268,127.0,26.0,222.0
image_8085.jpg,221,300,0.7366666666666667,75.28823529411764,92.629592760181,223.5523378582202,27.0,74.0,239.0
image_8913.jpg,501,450,1.1133333333333333,32.844440008871146,89.97434020847194,198.92500776225327,30.0,46.0,204.0
image_2580.jpg,490,368,1.3315217391304348,51.166664818101154,61.52810004436557,120.07590949423248,19.0,57.0,112.0
image_3846.jpg,238,250,0.952,49.37900840336135,70.0604537815126,233.8356974789916,42.0,53.0,254.0
image_5589.jpg,249,328,0.7591463414634146,13.46394113037516,169.2685253207954,161.90281859143892,16.0,174.0,175.0
image_424.jpg,250,250,1.0,141.92544,128.450016,143.154256,165.0,136.0,141.0
image_6080.jpg,634,437,1.4508009153318078,104.95830475929228,65.59143572825907,187.08022868857785,90.0,62.0,186.0
image_1937.jpg,276,183,1.5081967213114753,26.040686623901163,95.12813811673398,197.21788627544151,12.0,86.0,230.0
image_6094.jpg,236,353,0.6685552407932012,90.1536347049503,95.56377538771787,81.27519565948049,41.0,87.0,63.0
image_4683.jpg,480,270,1.7777777777777777,125.59814814814816,66.51795524691359,191.20817129629629,140.0,41.0,213.0
image_2594.jpg,507,450,1.1266666666666667,107.4924567170721,49.55073416611878,142.4712426035503,143.0,35.0,173.0
image_356.jpg,650,433,1.5011547344110854,51.99297210872269,132.3396269319595,149.4435850062178,31.0,126.0,147.0
image_8907.jpg,648,648,1.0,43.701877095717116,84.49502505334553,152.28967335390948,25.0,63.0,152.0
image_6719.jpg,540,360,1.5,154.45672839506173,71.28550411522633,176.08562242798354,157.0,71.0,188.0
image_1076.jpg,10,10,1.0,0.0,0.0,255.0,0.0,0.0,255.0
image_8734.jpg,320,320,1.0,11.63591796875,31.19037109375,212.48005859375,0.0,0.0,255.0
image_7407.jpg,600,448,1.3392857142857142,73.68119791666666,60.573221726190475,101.46752976190476,59.0,49.0,106.0
image_3661.jpg,300,224,1.3392857142857142,95.20744047619047,105.56037202380952,137.79674107142858,122.0,77.0,133.0
image_5576.jpg,80,80,1.0,0.0,0.0,214.609375,0.0,0.0,255.0
image_2219.jpg,490,326,1.5030674846625767,126.17751345937148,54.14174909227495,140.3098973331664,146.0,26.0,148.0
image_3107.jpg,1081,720,1.5013888888888889,64.69708988590811,118.14934731215952,121.64173990132593,33.0,109.0,119.0
image_4668.jpg,720,720,1.0,107.72654320987654,46.35130787037037,245.62005787037037,127.0,30.0,254.0
image_8052.jpg,480,320,1.5,41.78690104166667,91.8676953125,75.76020182291667,37.0,95.0,72.0
image_7361.jpg,240,210,1.1428571428571428,194.06339285714284,65.90123015873016,206.76099206349207,231.0,36.0,230.0
image_1710.jpg,569,529,1.0756143667296787,149.112664077528,68.73705735196893,96.34629785283106,148.0,54.0,80.0
image_11.jpg,1001,667,1.5007496251874064,92.63689084528664,56.68658777504355,224.99713030597587,135.0,50.0,237.0
image_8046.jpg,480,720,0.6666666666666666,125.45021701388889,80.91786168981481,72.17581886574074,178.0,75.0,22.0
image_7375.jpg,480,720,0.6666666666666666,42.443645833333335,56.79054976851852,88.50875578703703,8.0,18.0,61.0
image_1704.jpg,400,250,1.6,97.81792,56.43843,107.71574,104.0,51.0,102.0
image_9358.jpg,690,388,1.7783505154639174,102.56577020767966,101.45899447183625,212.74667936650232,136.0,26.0,232.0
image_5562.jpg,259,194,1.3350515463917525,125.98475500537356,64.50527405166581,153.82605580543725,120.0,63.0,161.0
image_3113.jpg,340,270,1.2592592592592593,45.618986928104576,51.436623093681916,236.2435403050109,0.0,0.0,255.0
image_3675.jpg,400,600,0.6666666666666666,142.53915416666666,122.17255833333333,172.70084166666666,152.0,93.0,190.0
image_5204.jpg,360,240,1.5,86.6220949074074,65.38853009259259,138.34693287037038,60.0,56.0,145.0
image_1062.jpg,1135,600,1.8916666666666666,28.650892804698973,47.225879588839945,227.33699412628488,28.0,6.0,239.0
image_8720.jpg,335,240,1.3958333333333333,51.52230099502488,43.179216417910446,237.14410447761193,17.0,4.0,255.0
image_7413.jpg,1046,720,1.4527777777777777,23.0229764181007,118.02712449543233,84.77582324198004,18.0,127.0,24.0
image_4132.jpg,360,360,1.0,167.610100308642,54.10182098765432,99.94833333333334,161.0,27.0,74.0
image_2543.jpg,720,720,1.0,25.44146797839506,48.54523533950617,220.8363850308642,0.0,0.0,255.0
image_3885.jpg,400,400,1.0,45.07843125,95.17906875,133.40244375,36.0,104.0,135.0
image_381.jpg,645,516,1.25,55.30207619734391,161.95694068866052,117.33231776936482,14.0,164.0,120.0
image_6725.jpg,600,339,1.7699115044247788,49.86390363815143,117.74908062930187,148.68479842674532,36.0,102.0,158.0
image_9416.jpg,450,321,1.4018691588785046,19.952426445136727,68.7926272066459,229.52378677743164,12.0,6.0,255.0
image_8708.jpg,510,611,0.8346972176759411,201.86459998074517,94.70748050447675,183.19318699656623,230.0,42.0,192.0
image_39.jpg,1920,700,2.742857142857143,139.2945163690476,49.07175,193.30964955357143,150.0,15.0,232.0
image_6043.jpg,529,720,0.7347222222222223,101.91984614576769,21.48580392774627,156.50071676118463,146.0,18.0,172.0
image_9370.jpg,450,450,1.0,45.08467654320987,30.88399012345679,245.5834913580247,0.0,0.0,255.0
image_2225.jpg,626,626,1.0,153.17783686676398,51.08753023915728,86.6206759280997,233.0,9.0,58.0
image_4654.jpg,499,332,1.5030120481927711,112.26117294830625,14.362502112659053,161.61822440060845,159.0,8.0,170.0
image_2231.jpg,400,342,1.1695906432748537,41.59515350877193,125.66339912280702,153.6859941520468,16.0,127.0,146.0
image_4898.jpg,80,80,1.0,0.0,0.0,214.609375,0.0,0.0,255.0
image_4640.jpg,300,225,1.3333333333333333,43.6945037037037,122.29694814814815,93.4469925925926,21.0,105.0,54.0
image_7349.jpg,454,333,1.3633633633633633,98.36607532642775,84.74554510457594,140.05939199111006,113.0,48.0,146.0
image_1738.jpg,238,250,0.952,133.57023529411765,146.0392100840336,209.1361848739496,150.0,175.0,235.0
image_9364.jpg,800,533,1.5009380863039399,93.18079502814258,88.59004221388368,134.91146810506567,67.0,85.0,132.0
image_6731.jpg,750,465,1.6129032258064515,76.54075698924731,52.70769892473118,136.14311971326165,35.0,34.0,129.0
image_9402.jpg,270,270,1.0,91.9068998628258,114.700109739369,91.53626886145405,71.0,102.0,83.0
image_3649.jpg,660,371,1.778975741239892,51.30382259250184,97.19708404802745,140.48780936045088,41.0,87.0,142.0
image_2557.jpg,235,151,1.5562913907284768,44.079977455262785,61.959165844723124,151.7685782725095,20.0,55.0,155.0
image_3891.jpg,446,550,0.8109090909090909,23.291634732980025,42.892070933550755,248.4297187117815,26.0,9.0,250.0
image_5238.jpg,320,320,1.0,118.645283203125,89.183642578125,169.980458984375,153.0,68.0,177.0
image_395.jpg,236,198,1.1919191919191918,45.488507960965585,89.65436141071734,112.21762112651943,28.0,85.0,115.0
image_8293.jpg,236,314,0.7515923566878981,96.57782305948398,65.65789970851776,166.9968827593652,141.0,29.0,168.0
image_9833.jpg,275,183,1.5027322404371584,57.17067064083457,135.05836065573772,155.74036761053154,39.0,145.0,160.0
image_2966.jpg,480,720,0.6666666666666666,120.81993055555556,117.48622974537037,60.78048032407408,161.0,110.0,27.0
image_2972.jpg,1170,429,2.727272727272727,38.25287191441038,101.98327256788795,55.10636343713267,28.0,92.0,26.0
image_168.jpg,700,467,1.4989293361884368,29.961970021413276,144.08357295809117,137.89700214132762,18.0,152.0,144.0
image_9827.jpg,480,640,0.75,31.223102213541665,59.70954752604167,164.5003515625,24.0,53.0,190.0
image_8287.jpg,450,450,1.0,139.11858765432098,18.19032098765432,217.3730765432099,147.0,17.0,220.0
image_9199.jpg,540,720,0.75,44.22707561728395,15.712952674897119,222.84391203703703,28.0,7.0,228.0
image_626.jpg,300,300,1.0,98.55036666666666,57.596944444444446,194.01033333333334,31.0,48.0,230.0
image_5953.jpg,300,168,1.7857142857142858,126.43960317460318,58.68801587301587,97.54779761904761,138.0,59.0,94.0
image_140.jpg,360,371,0.9703504043126685,102.12536687631027,147.5302710392333,154.78081012279125,133.0,143.0,178.0
image_2782.jpg,478,720,0.6638888888888889,116.41308984193398,55.10178114830312,150.66956938633194,144.0,45.0,162.0
image_7822.jpg,438,720,0.6083333333333333,69.25381151699645,70.07394406392694,120.60115740740741,42.0,42.0,146.0
image_7836.jpg,715,720,0.9930555555555556,80.27337412587413,91.07116938616939,171.28222999223,62.0,58.0,211.0
image_154.jpg,80,80,1.0,0.0,0.0,214.609375,0.0,0.0,255.0
image_2796.jpg,500,281,1.7793594306049823,100.11323131672597,55.58195729537366,141.22240569395018,122.0,44.0,136.0
image_632.jpg,400,300,1.3333333333333333,38.606925,85.00736666666667,148.5665,28.0,91.0,162.0
image_4481.jpg,600,400,1.5,99.96213333333333,17.780179166666667,202.36662916666666,122.0,10.0,214.0
image_7188.jpg,474,355,1.3352112676056338,83.8847328697926,75.77547988352053,115.53886610804065,72.0,58.0,102.0
image_1512.jpg,450,300,1.5,137.60513333333333,185.77395555555555,164.55478518518518,146.0,215.0,178.0
image_7163.jpg,447,600,0.745,50.5120879940343,121.03867263236391,104.45177106636838,25.0,115.0,107.0
image_8250.jpg,340,270,1.2592592592592593,58.973779956427016,108.04774509803921,198.00745098039215,31.0,105.0,212.0
image_3305.jpg,340,270,1.2592592592592593,28.39674291938998,61.4858605664488,157.41818082788672,27.0,53.0,155.0
image_5774.jpg,450,300,1.5,11.341740740740741,88.9133037037037,137.26614074074075,8.0,89.0,122.0
image_5012.jpg,1000,562,1.7793594306049823,96.16729003558719,83.26404270462633,57.35025622775801,22.0,67.0,45.0
image_3463.jpg,337,450,0.7488888888888889,42.94385756676558,84.64918562479393,89.96749752720079,42.0,76.0,75.0
image_7605.jpg,500,375,1.3333333333333333,128.46477333333334,63.922512,158.93748266666665,150.0,32.0,163.0
image_8536.jpg,576,720,0.8,75.04687741126543,78.16286892361111,111.03682966820988,62.0,54.0,93.0
image_1274.jpg,80,80,1.0,0.0,0.0,214.609375,0.0,0.0,255.0
image_7611.jpg,220,220,1.0,39.04820247933884,41.88245867768595,229.8831611570248,0.0,0.0,255.0
image_8522.jpg,800,600,1.3333333333333333,118.236525,63.13186875,140.23813333333334,113.0,62.0,143.0
image_1260.jpg,680,449,1.5144766146993318,35.801152888772435,91.0516441766016,193.8980086466658,28.0,88.0,227.0
image_5006.jpg,249,350,0.7114285714285714,90.31983935742971,22.10651749856569,205.4317039586919,51.0,13.0,215.0
image_2769.jpg,300,213,1.408450704225352,52.89829420970266,31.267840375586854,169.34333333333333,34.0,13.0,202.0
image_3477.jpg,500,375,1.3333333333333333,127.34061333333334,82.45926933333334,185.85821333333334,129.0,43.0,183.0
image_4318.jpg,500,332,1.5060240963855422,95.31065060240964,44.791536144578316,147.0936626506024,104.0,31.0,147.0
image_3311.jpg,350,352,0.9943181818181818,21.92172077922078,151.16564935064935,183.62832792207791,23.0,149.0,191.0
image_815.jpg,1152,720,1.6,40.291915027006176,122.82481553819444,98.12223307291667,21.0,121.0,79.0
image_5760.jpg,479,720,0.6652777777777777,97.89632915796798,73.57898399443285,102.68155590350267,85.0,60.0,111.0
image_6269.jpg,720,720,1.0,102.42724344135803,65.11664544753087,100.1625675154321,123.0,37.0,95.0
image_1506.jpg,1200,481,2.494802494802495,151.40472453222452,141.55783264033263,90.79499653499653,163.0,139.0,71.0
image_8244.jpg,863,431,2.0023201856148494,113.46962116181345,62.737133455033295,140.3348514462849,60.0,44.0,150.0
image_4456.jpg,720,720,1.0,198.08802854938273,39.81084490740741,164.52427083333333,191.0,14.0,183.0
image_5990.jpg,432,650,0.6646153846153846,28.68411680911681,92.70882834757835,166.4703027065527,24.0,84.0,171.0
image_3339.jpg,960,720,1.3333333333333333,71.0457103587963,60.494330150462964,180.51553819444445,88.0,55.0,179.0
image_2027.jpg,340,270,1.2592592592592593,54.858366013071894,36.238322440087146,161.89374727668846,36.0,19.0,179.0
image_5748.jpg,861,720,1.1958333333333333,67.84576074332172,50.84865627822945,183.58177345463932,42.0,7.0,227.0
image_9172.jpg,474,355,1.3352112676056338,81.57913472395555,94.65147679324895,127.21908836988173,49.0,93.0,117.0
image_6241.jpg,238,250,0.952,89.6893781512605,73.9941512605042,197.17401680672268,115.0,72.0,194.0
image_7639.jpg,300,418,0.7177033492822966,106.68751196172249,56.27608452950558,207.95382775119617,134.0,31.0,221.0
image_1248.jpg,254,380,0.6684210526315789,94.59103812681309,181.79995855781186,160.37691670120182,90.0,199.0,192.0
image_9614.jpg,577,720,0.8013888888888889,24.093888407471596,138.72869006354708,145.47633352590026,23.0,143.0,157.0
image_6527.jpg,600,438,1.36986301369863,46.782477168949775,116.04766742770167,163.40380898021309,28.0,99.0,169.0
image_2741.jpg,250,250,1.0,33.053056,34.028208,244.130576,0.0,0.0,255.0
image_4330.jpg,562,720,0.7805555555555556,43.05997924080664,20.96074782522736,214.4884835903519,34.0,6.0,227.0
image_2999.jpg,900,720,1.25,162.77785648148148,20.74405401234568,180.98821913580247,162.0,12.0,186.0
image_197.jpg,185,273,0.6776556776556777,32.363627363627366,42.023740223740226,144.4933372933373,24.0,34.0,149.0
image_2755.jpg,240,180,1.3333333333333333,139.74050925925926,43.25326388888889,91.1776388888889,152.0,41.0,75.0
image_4324.jpg,236,236,1.0,118.83907282390118,29.150818730249927,227.1767810973858,170.0,6.0,243.0
image_9600.jpg,365,365,1.0,32.33832989303809,148.30767498592607,132.5099193094389,21.0,145.0,135.0
image_6533.jpg,720,405,1.7777777777777777,43.57388888888889,45.67548353909465,171.74121742112482,28.0,18.0,197.0
image_9166.jpg,300,450,0.6666666666666666,76.29362962962963,71.57427407407407,158.96204444444444,31.0,39.0,176.0
image_6255.jpg,960,720,1.3333333333333333,41.602861689814816,159.9153125,106.96078703703704,27.0,174.0,102.0
image_8278.jpg,580,326,1.7791411042944785,29.587322826316903,172.7170086735773,148.9427173683097,24.0,185.0,138.0
image_4442.jpg,582,720,0.8083333333333333,63.090900630011454,94.87709765177549,196.2654663039328,30.0,113.0,210.0
image_829.jpg,540,720,0.75,55.75279063786008,49.68558899176955,145.6476311728395,26.0,36.0,157.0
image_5984.jpg,640,480,1.3333333333333333,21.856595052083332,131.323984375,145.83049479166667,23.0,121.0,150.0
image_2033.jpg,500,400,1.25,85.12695,75.73392,60.989915,68.0,58.0,54.0
image_1207.jpg,720,720,1.0,50.4325887345679,145.33043788580247,96.7465875771605,36.0,144.0,87.0
image_6568.jpg,188,268,0.7014925373134329,30.503949666560814,45.2092330898698,194.99861067005398,23.0,29.0,203.0
image_7676.jpg,236,177,1.3333333333333333,75.4243991190271,81.1255865172843,103.33235181461266,34.0,80.0,99.0
image_8545.jpg,600,399,1.5037593984962405,48.805835421888055,20.70563074352548,227.5014411027569,34.0,14.0,240.0
image_9883.jpg,165,125,1.32,105.24203636363636,125.54545454545455,197.10792727272727,91.0,105.0,212.0
image_3410.jpg,380,387,0.9819121447028424,58.123065415476674,108.91020671834626,128.12953216374268,43.0,94.0,118.0
image_2068.jpg,320,240,1.3333333333333333,130.10178385416665,61.514973958333336,196.47901041666665,154.0,41.0,225.0
image_5707.jpg,750,372,2.0161290322580645,139.40571326164874,34.557648745519714,147.43185663082437,176.0,23.0,157.0
image_4419.jpg,300,301,0.9966777408637874,51.464163898117384,36.223211517165005,222.77252491694352,52.0,28.0,230.0
image_3376.jpg,128,128,1.0,48.94427490234375,146.46356201171875,120.7779541015625,34.0,190.0,71.0
image_872.jpg,500,500,1.0,51.75778,33.148564,246.35022,0.0,0.0,255.0
image_7110.jpg,676,450,1.5022222222222221,35.64184089414859,135.64862261669953,152.84484220907297,16.0,124.0,136.0
image_8223.jpg,480,720,0.6666666666666666,73.57642361111111,102.16425925925925,188.15403645833334,17.0,92.0,209.0
image_1561.jpg,380,253,1.5019762845849802,36.251341793218224,103.75107135427501,183.72181194091948,38.0,98.0,195.0
image_7104.jpg,236,270,0.8740740740740741,26.353578154425612,64.3032172002511,130.05409604519775,20.0,60.0,134.0
image_9129.jpg,702,336,2.0892857142857144,58.17821106362773,119.9930470763804,43.11943766110433,49.0,127.0,35.0
image_1575.jpg,340,270,1.2592592592592593,32.963202614379085,56.41945533769063,127.98337690631809,22.0,45.0,128.0
image_5713.jpg,498,334,1.4910179640718564,34.39413943197941,91.73922035447178,98.64535988264436,22.0,90.0,83.0
image_3362.jpg,500,519,0.9633911368015414,17.838435452793835,169.7824585741811,164.01624662813103,18.0,173.0,170.0
image_866.jpg,800,445,1.797752808988764,82.27770224719102,127.42252247191011,106.38887640449438,68.0,126.0,92.0
image_5075.jpg,236,313,0.7539936102236422,103.49771213516001,23.96411165863432,188.14619320950885,152.0,14.0,196.0
image_1213.jpg,467,700,0.6671428571428571,80.87868767207097,49.23171918017742,62.497916794126645,75.0,40.0,58.0
image_7662.jpg,340,270,1.2592592592592593,132.91565359477124,97.11057734204793,145.67417211328976,158.0,116.0,143.0
image_8551.jpg,720,720,1.0,31.17747299382716,61.55608989197531,235.31963541666667,0.0,0.0,255.0
image_9897.jpg,423,282,1.5,28.920736716798285,102.82015492178462,198.02559395067317,16.0,51.0,197.0
image_4343.jpg,225,169,1.331360946745562,76.84265614727153,106.77609467455622,118.95750164365549,36.0,102.0,116.0
image_7892.jpg,1000,666,1.5015015015015014,97.3446951951952,51.321063063063065,146.71206156156157,70.0,23.0,159.0
image_9667.jpg,80,80,1.0,0.0,0.0,214.609375,0.0,0.0,255.0
image_6554.jpg,750,407,1.8427518427518428,174.1746863226863,117.89340212940213,125.01412612612613,162.0,118.0,125.0
image_8579.jpg,599,400,1.4975,67.12151085141903,126.32275876460768,146.87529215358933,28.0,129.0,162.0
image_9101.jpg,406,480,0.8458333333333333,35.97339901477832,47.18503694581281,220.4156301313629,42.0,2.0,255.0
image_6232.jpg,960,720,1.3333333333333333,166.65478732638888,101.0637962962963,125.22865596064815,188.0,106.0,115.0
image_2054.jpg,750,503,1.4910536779324055,75.3755069582505,60.81575878064944,161.70030218687873,34.0,44.0,187.0
image_696.jpg,540,720,0.75,85.99062757201646,69.62968878600823,129.25886574074073,26.0,51.0,142.0
image_4425.jpg,480,480,1.0,48.376354166666665,92.67764322916666,176.58315538194444,32.0,90.0,187.0
image_2040.jpg,450,600,0.75,105.40396666666666,38.04135925925926,214.4309111111111,0.0,0.0,253.0
image_682.jpg,733,720,1.0180555555555555,158.6534996968319,92.41223283310596,108.76717636804608,174.0,107.0,87.0
image_4431.jpg,736,587,1.253833049403748,72.98898924153767,85.32352696096585,109.08240824753722,42.0,82.0,95.0
image_7138.jpg,800,450,1.7777777777777777,95.73686111111111,60.024205555555554,119.8454111111111,70.0,56.0,109.0
image_9115.jpg,620,330,1.878787878787879,25.020131964809384,196.42309872922777,209.00385630498533,28.0,200.0,221.0
image_6226.jpg,450,450,1.0,75.14411358024691,112.79002469135803,192.39629135802468,107.0,175.0,182.0
image_7886.jpg,628,720,0.8722222222222222,24.715072098372257,114.58783174097664,153.75582979476292,24.0,104.0,176.0
image_9673.jpg,540,720,0.75,54.016658950617284,29.2323816872428,237.06787037037037,0.0,0.0,255.0
image_6540.jpg,600,423,1.4184397163120568,94.60041765169424,101.69477541371158,191.54731678486996,36.0,81.0,201.0
image_3438.jpg,720,720,1.0,71.72364583333334,20.158092206790123,225.7336863425926,8.0,2.0,234.0
image_5049.jpg,520,245,2.122448979591837,23.084788069073785,121.41128728414442,149.47652276295133,22.0,112.0,152.0
image_2726.jpg,340,270,1.2592592592592593,108.97763616557734,84.87324618736383,155.9782897603486,42.0,66.0,148.0
image_8586.jpg,400,267,1.4981273408239701,70.82334269662921,79.51080524344569,155.63963483146068,20.0,81.0,158.0
image_9840.jpg,720,720,1.0,8.085050154320987,40.75849151234568,87.38105709876544,0.0,0.0,65.0
image_9698.jpg,625,468,1.3354700854700854,71.00847521367521,99.54862905982905,133.49369914529913,58.0,99.0,136.0
image_669.jpg,540,720,0.75,75.09816358024692,69.00770833333333,126.860920781893,54.0,49.0,138.0
image_8592.jpg,338,450,0.7511111111111111,99.29518080210389,79.74357659434583,109.08930966469428,123.0,63.0,97.0
image_7879.jpg,300,300,1.0,74.50953333333334,107.1256,94.74455555555555,61.0,85.0,63.0
image_2901.jpg,236,177,1.3333333333333333,30.80106291295605,169.524083117878,115.903619649526,24.0,188.0,113.0
image_7689.jpg,240,240,1.0,166.22215277777778,75.41463541666667,202.65784722222222,228.0,10.0,191.0
image_6597.jpg,253,316,0.8006329113924051,108.93409466153,142.94408865762745,173.05898834242257,156.0,124.0,197.0
image_133.jpg,1080,720,1.5,48.80878858024691,97.57965534979424,135.12583076131688,35.0,87.0,125.0
image_4380.jpg,620,464,1.3362068965517242,113.40798456618465,65.03773289766407,185.66666782536151,118.0,23.0,197.0
image_2929.jpg,260,195,1.3333333333333333,83.54295857988166,35.75228796844181,148.95747534516767,58.0,26.0,154.0
image_5920.jpg,80,80,1.0,0.0,0.0,214.609375,0.0,0.0,255.0
image_3389.jpg,960,720,1.3333333333333333,57.2098828125,25.456760706018517,80.63143373842593,42.0,10.0,64.0
image_2097.jpg,315,237,1.3291139240506329,81.12698412698413,67.9753934766593,176.32521599357042,23.0,76.0,215.0
image_655.jpg,660,352,1.875,36.358298898071624,92.460111053719,109.64608729338843,29.0,88.0,110.0
image_5934.jpg,450,371,1.2129380053908356,75.84772686433064,66.98319257262654,234.4109793351303,42.0,5.0,251.0
image_899.jpg,451,676,0.6671597633136095,170.947280205723,106.13197168684974,130.2984820057991,188.0,88.0,116.0
image_2083.jpg,501,720,0.6958333333333333,25.493629407850964,90.21113883344422,177.40228154801508,19.0,66.0,201.0
image_641.jpg,640,480,1.3333333333333333,77.48194661458334,97.83961588541666,120.37767578125,35.0,88.0,121.0
image_127.jpg,308,308,1.0,78.66614311013662,41.48893152302243,133.3021483386743,42.0,25.0,132.0
image_4394.jpg,1081,720,1.5013888888888889,76.23101166615274,74.74198915613115,175.80505576112654,25.0,61.0,187.0
image_9868.jpg,1024,576,1.7777777777777777,85.12733968098958,63.83502875434028,213.09332105848523,18.0,47.0,230.0
image_7845.jpg,576,720,0.8,126.99944540895062,69.34344859182099,184.5983531057099,143.0,55.0,208.0
image_6583.jpg,600,292,2.0547945205479454,72.81644406392694,79.00841324200913,145.07033675799087,44.0,66.0,144.0
image_1763.jpg,736,620,1.1870967741935483,29.026718092566618,56.35916462131837,200.55755171809255,29.0,57.0,205.0
image_76.jpg,467,720,0.6486111111111111,34.10195098738996,40.78856471567928,211.8932429217226,0.0,0.0,255.0
image_8021.jpg,474,720,0.6583333333333333,80.9462464838256,128.98562470698548,123.65649027191749,37.0,130.0,98.0
image_7312.jpg,1280,720,1.7777777777777777,99.128818359375,83.31972981770834,164.5076095920139,126.0,70.0,172.0
image_5505.jpg,640,640,1.0,85.914404296875,115.94509033203126,133.4260009765625,44.0,105.0,123.0
image_8747.jpg,500,375,1.3333333333333333,69.29291733333334,83.26612266666666,120.45045333333333,28.0,14.0,138.0
image_7474.jpg,480,480,1.0,47.84437065972222,28.593919270833332,184.47614583333333,28.0,13.0,198.0
image_9459.jpg,238,250,0.952,36.08826890756303,13.564705882352941,246.4563025210084,0.0,1.0,255.0
image_1005.jpg,550,413,1.3317191283292977,111.15130090248735,43.47120845256438,128.78136473695795,150.0,34.0,130.0
image_7460.jpg,154,180,0.8555555555555555,32.74130591630592,97.94004329004329,147.8241341991342,16.0,98.0,152.0
image_1011.jpg,360,360,1.0,20.87675925925926,109.92773919753087,159.80746913580248,10.0,79.0,188.0
image_2518.jpg,200,200,1.0,39.955325,34.492325,218.77,0.0,0.0,255.0
image_5277.jpg,960,720,1.3333333333333333,74.6305931712963,76.80067708333333,82.87022858796297,48.0,70.0,72.0
image_4169.jpg,500,667,0.7496251874062968,62.80981409295352,35.58340029985008,199.37428185907046,19.0,17.0,205.0
image_3606.jpg,400,500,0.8,121.81543,90.104335,130.357145,141.0,77.0,123.0
image_3160.jpg,487,720,0.6763888888888889,70.5613649326945,86.27611795573807,131.04757586128224,50.0,70.0,137.0
image_5511.jpg,505,720,0.7013888888888888,127.02978272827282,61.2484598459846,133.9188503850385,150.0,28.0,130.0
image_1777.jpg,247,300,0.8233333333333334,38.19985155195681,40.562375168690956,119.3780701754386,37.0,36.0,118.0
image_6018.jpg,240,180,1.3333333333333333,59.623449074074074,83.54483796296296,163.74175925925925,21.0,93.0,201.0
image_8035.jpg,450,300,1.5,72.40628148148149,78.05582962962963,123.58457777777778,45.0,69.0,122.0
image_62.jpg,660,372,1.7741935483870968,132.2957192896709,137.84961713913327,139.9815982404692,151.0,147.0,127.0
image_7306.jpg,336,240,1.4,88.09191468253968,89.52136656746032,118.5234126984127,56.0,70.0,117.0
image_3148.jpg,960,578,1.6608996539792387,33.10375216262976,123.00833693771627,144.8025663206459,20.0,121.0,151.0
image_4627.jpg,300,300,1.0,90.87636666666667,71.5479,164.98126666666667,106.0,28.0,187.0
image_494.jpg,576,720,0.8,73.18223620756173,67.34617332175925,168.79918258101853,29.0,25.0,176.0
image_5539.jpg,1000,670,1.492537313432836,76.17823582089552,43.390882089552235,195.46930895522388,41.0,23.0,205.0
image_2256.jpg,661,720,0.9180555555555555,117.27780089090604,91.2142881156497,229.59766557404606,138.0,40.0,255.0
image_6030.jpg,600,289,2.0761245674740483,77.88982698961938,22.704959630911187,175.07340830449826,60.0,19.0,193.0
image_7448.jpg,800,534,1.4981273408239701,82.28909878277153,83.28464887640449,189.06970739700375,57.0,57.0,188.0
image_6756.jpg,480,360,1.3333333333333333,34.74171875,31.325706018518517,203.19134837962963,0.0,0.0,255.0
image_9465.jpg,370,278,1.330935251798561,79.65952751312463,50.84742368267548,110.44803616566206,60.0,41.0,94.0
image_1039.jpg,400,268,1.492537313432836,67.25680037313433,28.02195895522388,126.65365671641791,34.0,16.0,135.0
image_2530.jpg,450,269,1.6728624535315986,59.80120611317637,113.78568360181742,136.55918215613383,30.0,102.0,128.0
image_2524.jpg,580,700,0.8285714285714286,32.48462315270936,158.04714039408867,95.5104827586207,23.0,153.0,76.0
image_4155.jpg,578,720,0.8027777777777778,42.45864571318724,50.54054690503652,185.52549980776624,18.0,34.0,216.0
image_6742.jpg,280,300,0.9333333333333333,40.053154761904764,67.20542857142857,107.76523809523809,39.0,56.0,99.0
image_9471.jpg,230,230,1.0,69.65017013232514,102.80550094517959,197.1465595463138,30.0,58.0,205.0
image_6024.jpg,340,720,0.4722222222222222,62.17436683006536,66.71211601307189,153.23827205882353,30.0,52.0,162.0
image_9317.jpg,223,288,0.7743055555555556,19.356751370204286,72.85592613353263,194.63963627304435,20.0,70.0,197.0
image_8009.jpg,312,312,1.0,46.147096893491124,69.26891231097962,128.42735042735043,19.0,61.0,140.0
image_4633.jpg,405,720,0.5625,33.230953360768176,112.30380315500686,149.36163923182443,27.0,97.0,155.0
image_480.jpg,500,375,1.3333333333333333,94.405488,153.18676266666668,171.26373866666665,49.0,172.0,155.0
image_2242.jpg,525,350,1.5,77.93002448979591,94.51546666666667,172.18648163265306,30.0,79.0,199.0
image_4800.jpg,240,240,1.0,57.70880208333333,71.28435763888889,223.85368055555554,31.0,43.0,241.0
image_6971.jpg,300,450,0.6666666666666666,140.8309851851852,89.34433333333334,202.81588888888888,154.0,86.0,236.0
image_8784.jpg,300,397,0.7556675062972292,43.95989924433249,81.61376994122585,180.39018471872376,32.0,91.0,180.0
image_319.jpg,720,720,1.0,72.88443479938272,164.3733738425926,42.37013117283951,0.0,204.0,25.0
image_8948.jpg,210,315,0.6666666666666666,54.61950113378685,117.92583522297808,168.98523053665912,21.0,100.0,179.0
image_6965.jpg,477,720,0.6625,93.29529757745166,75.02051013277428,137.824606918239,42.0,69.0,168.0
image_8790.jpg,200,200,1.0,62.233225,115.321425,123.471675,48.0,115.0,131.0
image_4814.jpg,448,599,0.7479131886477463,35.125760195564034,32.68012163129025,153.72740281421417,14.0,26.0,173.0
image_89.jpg,960,640,1.5,101.1994873046875,92.73807454427083,115.50548177083333,56.0,79.0,117.0
image_1944.jpg,1009,720,1.4013888888888888,75.43138696178835,15.681987115956392,230.29029291928202,42.0,3.0,234.0
image_457.jpg,1000,500,2.0,18.159124,17.872294,229.750306,11.0,14.0,243.0
image_4182.jpg,240,160,1.5,67.29791666666667,81.97236979166667,141.33794270833334,27.0,59.0,158.0
image_3835.jpg,290,419,0.6921241050119332,76.85462101884619,12.500724220228788,196.58093161056703,54.0,6.0,204.0
image_331.jpg,500,359,1.392757660167131,91.53879108635097,123.9724791086351,120.23411699164346,36.0,116.0,127.0
image_6795.jpg,270,160,1.6875,84.99430555555556,81.29898148148148,189.35104166666667,97.0,29.0,195.0
image_8960.jpg,306,160,1.9125,75.79080882352942,110.45206290849673,181.96413398692812,24.0,122.0,181.0
image_6781.jpg,238,250,0.952,20.628504201680673,18.944823529411764,249.4463025210084,0.0,0.0,255.0
image_8974.jpg,374,664,0.5632530120481928,70.3686738934347,135.15592986920944,149.91700357580052,31.0,121.0,161.0
image_6959.jpg,400,224,1.7857142857142858,94.03463169642858,35.65253348214286,149.9924107142857,87.0,24.0,159.0
image_3821.jpg,227,151,1.5033112582781456,98.55206114887534,53.972693059485955,144.78612480672172,74.0,32.0,142.0
image_443.jpg,335,500,0.67,26.16502089552239,72.5012,183.3460537313433,25.0,64.0,190.0
image_2281.jpg,590,394,1.49746192893401,85.43377355243913,48.43454357738966,170.3441022111331,40.0,47.0,174.0
image_4828.jpg,720,720,1.0,25.344542824074075,30.799837962962965,237.91789158950618,0.0,0.0,255.0
image_1788.jpg,734,720,1.0194444444444444,89.98388964577657,67.47530843172873,217.15473811686346,21.0,16.0,251.0
image_8155.jpg,236,316,0.7468354430379747,72.82324072087535,33.06334477579919,150.51252413645142,42.0,12.0,172.0
image_7266.jpg,236,157,1.5031847133757963,90.93142070603476,79.3049767893771,144.7851937817122,49.0,63.0,161.0
image_6178.jpg,266,400,0.665,110.93206766917294,58.46071428571429,142.59771616541354,131.0,45.0,142.0
image_1617.jpg,576,720,0.8,159.95285976080248,66.90079089506173,195.7095992476852,158.0,46.0,222.0
image_5471.jpg,800,450,1.7777777777777777,142.3676111111111,49.29172777777778,199.40799444444445,148.0,38.0,209.0
image_3000.jpg,400,250,1.6,105.84148,99.43252,143.04248,103.0,93.0,138.0
image_3766.jpg,450,423,1.0638297872340425,128.63823483057524,132.01579721565537,154.97374310480694,144.0,124.0,147.0
image_4009.jpg,400,300,1.3333333333333333,99.57783333333333,56.873333333333335,124.4619,85.0,47.0,123.0
image_5317.jpg,150,150,1.0,145.4455111111111,44.27111111111111,201.27097777777777,153.0,29.0,205.0
image_2478.jpg,640,426,1.5023474178403755,124.9490243544601,145.57081866197183,171.43955399061034,124.0,137.0,200.0
image_1171.jpg,238,250,0.952,33.36442016806723,34.995193277310925,235.93793277310925,0.0,0.0,255.0
image_8633.jpg,450,253,1.7786561264822134,53.15677646025472,45.019903381642514,205.70905577514273,30.0,26.0,223.0
image_7500.jpg,1076,720,1.4944444444444445,83.73068076208179,88.53498683395291,183.4782747315159,54.0,94.0,183.0
image_1165.jpg,288,390,0.7384615384615385,43.805306267806266,90.82832086894587,198.2028400997151,18.0,97.0,197.0
image_9539.jpg,316,400,0.79,95.1510838607595,41.20605221518987,161.43486550632912,104.0,30.0,151.0
image_8627.jpg,329,219,1.5022831050228311,122.38020291182634,49.55421853964553,74.43623266852646,112.0,40.0,66.0
image_7514.jpg,259,194,1.3350515463917525,123.6691676949409,50.05178521673367,155.17798431715957,151.0,46.0,136.0
image_3772.jpg,281,180,1.5611111111111111,61.779557137208386,171.96010280743377,82.06132858837485,11.0,180.0,69.0
image_5303.jpg,600,400,1.5,113.67954583333334,135.31088333333332,86.35938333333333,164.0,131.0,81.0
image_5465.jpg,500,500,1.0,94.749788,65.736548,205.741856,49.0,23.0,218.0
image_3014.jpg,600,600,1.0,20.802416666666666,130.79808055555554,216.32096388888888,25.0,208.0,218.0
image_8141.jpg,80,80,1.0,0.0,0.0,214.609375,0.0,0.0,255.0
image_1603.jpg,360,240,1.5,51.63789351851852,68.98910879629629,207.3934375,25.0,39.0,228.0
image_2322.jpg,600,338,1.7751479289940828,122.12028106508876,62.748417159763314,142.39763313609467,148.0,53.0,141.0
image_4753.jpg,528,720,0.7333333333333333,61.6525726010101,42.93536931818182,162.051320496633,34.0,32.0,175.0
image_8169.jpg,236,354,0.6666666666666666,94.95561620224073,98.86629799865939,109.29708895911136,65.0,112.0,95.0
image_6144.jpg,236,314,0.7515923566878981,103.21425294181151,37.74268595487423,241.7323221418547,127.0,19.0,249.0
image_9277.jpg,600,400,1.5,90.91549583333334,111.337125,165.395,54.0,112.0,171.0
image_6622.jpg,360,360,1.0,83.48008487654322,87.38952932098765,143.1446913580247,34.0,76.0,163.0
image_4035.jpg,550,412,1.3349514563106797,104.53588702559577,78.25019417475728,160.50379964695497,151.0,77.0,166.0
image_286.jpg,450,300,1.5,98.00694814814815,63.635296296296296,113.54597037037037,65.0,56.0,94.0
image_2444.jpg,596,720,0.8277777777777777,32.621173564504105,63.60003262490679,164.24780714019388,20.0,50.0,164.0
image_4021.jpg,720,720,1.0,28.124270833333334,53.12340856481482,147.87583526234567,24.0,35.0,152.0
image_3996.jpg,480,360,1.3333333333333333,103.5752662037037,19.7803125,172.34149305555556,98.0,16.0,174.0
image_292.jpg,481,308,1.5616883116883118,134.0244282744283,74.77953127953128,189.22937872937874,149.0,67.0,212.0
image_2450.jpg,300,300,1.0,24.1251,78.43652222222222,167.9345111111111,21.0,47.0,176.0
image_1159.jpg,737,596,1.2365771812080537,105.68705890923661,86.1734129838908,128.71591250580533,106.0,77.0,111.0
image_7528.jpg,236,261,0.9042145593869731,70.56541009156439,77.10857847912202,81.26576401065005,51.0,56.0,80.0
image_9263.jpg,330,220,1.5,39.17362258953168,93.48764462809918,97.99137741046832,22.0,87.0,94.0
image_2336.jpg,280,215,1.302325581395349,17.268787375415283,18.05752491694352,34.57234219269103,0.0,0.0,0.0
image_5459.jpg,450,300,1.5,120.7742962962963,122.65672592592593,187.63736296296295,144.0,117.0,194.0
image_4747.jpg,500,334,1.4970059880239521,45.214407185628744,20.139095808383235,234.0409760479042,42.0,2.0,249.0
image_3028.jpg,960,720,1.3333333333333333,79.50145543981482,39.34814814814815,124.63974971064815,49.0,14.0,131.0
image_4974.jpg,640,480,1.3333333333333333,77.19700520833334,69.75503255208334,163.80680013020833,28.0,12.0,203.0
image_9288.jpg,720,720,1.0,91.3444849537037,56.25710455246914,203.40831404320988,106.0,5.0,225.0
image_8196.jpg,380,285,1.3333333333333333,56.470951061865186,39.09555863342567,169.48730378578023,26.0,26.0,176.0
image_6805.jpg,1213,720,1.6847222222222222,128.65598035174497,53.24795731428048,128.68346500870203,132.0,46.0,132.0
image_8828.jpg,392,555,0.7063063063063063,20.43727707299136,87.9602546423975,172.63749770178342,16.0,92.0,193.0
image_279.jpg,290,400,0.725,151.7953448275862,91.49927586206897,116.81633620689655,155.0,86.0,105.0
image_3969.jpg,236,236,1.0,90.90033395575983,102.6296861534042,164.47118284975582,18.0,88.0,164.0
image_6811.jpg,460,720,0.6388888888888888,40.67669685990338,76.29361714975846,186.3807397342995,22.0,47.0,202.0
image_8182.jpg,600,600,1.0,118.04808888888888,47.122730555555556,132.33473055555555,148.0,31.0,117.0
image_1818.jpg,320,320,1.0,83.858779296875,86.8024609375,182.38177734375,18.0,89.0,194.0
image_4960.jpg,1000,696,1.4367816091954022,112.2956408045977,123.53446695402299,153.64588505747128,30.0,128.0,150.0
image_6187.jpg,450,300,1.5,146.8324074074074,76.60716296296296,122.64531111111111,156.0,56.0,110.0
image_7299.jpg,485,600,0.8083333333333333,52.00930240549828,22.150374570446736,216.7893024054983,23.0,2.0,249.0
image_1830.jpg,285,214,1.3317757009345794,53.87891457616003,107.5868175110674,132.50295130349238,30.0,90.0,142.0
image_4790.jpg,175,175,1.0,90.85224489795918,99.80630204081632,109.91856326530612,42.0,85.0,95.0
image_4948.jpg,720,480,1.5,47.62572048611111,67.42734664351852,146.5034085648148,21.0,65.0,153.0
image_523.jpg,450,450,1.0,103.9306024691358,68.73576296296297,208.48628148148148,122.0,34.0,234.0
image_3941.jpg,300,241,1.2448132780082988,0.0,0.0,135.68026279391424,0.0,0.0,135.0
image_2487.jpg,300,229,1.3100436681222707,113.73458515283843,81.77398835516739,151.0380058224163,68.0,66.0,155.0
image_6839.jpg,720,720,1.0,55.7591300154321,134.13423032407408,126.14387924382716,50.0,139.0,110.0
image_8814.jpg,416,234,1.7777777777777777,58.848496055226825,104.52880506245891,86.02539447731755,40.0,95.0,79.0
image_8800.jpg,474,376,1.2606382978723405,49.060278077026666,103.34506575994254,106.96985815602837,33.0,101.0,99.0
image_251.jpg,450,450,1.0,26.42857777777778,157.69517530864198,247.1309975308642,14.0,163.0,254.0
image_2493.jpg,541,720,0.7513888888888889,219.88047340316288,104.45824861367838,230.0051011501335,240.0,105.0,226.0
image_4784.jpg,236,236,1.0,85.66649310542948,83.09555443837978,244.16819879345016,127.0,5.0,255.0
image_537.jpg,400,295,1.3559322033898304,113.1752966101695,52.02215254237288,189.64320338983052,139.0,37.0,211.0
image_6193.jpg,1000,563,1.7761989342806395,165.88919360568383,185.56511545293074,114.8768294849023,150.0,217.0,104.0
image_1824.jpg,570,627,0.9090909090909091,27.24945018047511,73.34735722879768,204.78948487646548,21.0,36.0,226.0
image_7702.jpg,241,250,0.964,64.53284647302904,53.27968464730291,223.7649294605809,13.0,4.0,254.0
image_3564.jpg,720,720,1.0,133.06917438271606,76.30504050925926,120.19249421296297,135.0,46.0,111.0
image_3202.jpg,236,314,0.7515923566878981,85.45602126740796,67.94001673323977,112.40194861276045,54.0,57.0,102.0
image_5673.jpg,1,1,1.0,0.0,0.0,255.0,0.0,0.0,255.0
image_1415.jpg,1080,720,1.5,20.801166409465022,209.47637474279836,113.50763631687242,20.0,233.0,110.0
image_9049.jpg,236,157,1.5031847133757963,63.9118536111411,122.12736154593544,122.13810320630465,38.0,119.0,113.0
image_7064.jpg,620,315,1.9682539682539681,33.41146441372248,80.72935995903738,201.9416385048643,22.0,65.0,223.0
image_1401.jpg,80,80,1.0,0.0,0.0,214.609375,0.0,0.0,255.0
image_7070.jpg,80,80,1.0,0.0,0.0,214.609375,0.0,0.0,255.0
image_8343.jpg,199,200,0.995,119.6077135678392,131.425,150.01173366834172,146.0,121.0,158.0
image_3216.jpg,238,250,0.952,27.008957983193277,39.207781512605045,244.3890756302521,0.0,0.0,255.0
image_4579.jpg,290,181,1.6022099447513811,69.90661078300629,87.91505048580682,160.3153172032768,65.0,68.0,173.0
image_5667.jpg,600,600,1.0,73.07856666666666,109.15304722222223,183.4551361111111,6.0,68.0,172.0
image_2108.jpg,300,418,0.7177033492822966,60.0114673046252,76.71787081339713,153.9210606060606,19.0,56.0,173.0
image_3570.jpg,236,306,0.7712418300653595,43.10011631771353,52.082239392932316,145.95301595214357,21.0,22.0,147.0
image_7716.jpg,614,412,1.4902912621359223,78.4789143290851,98.1706342304165,140.64866702507828,71.0,97.0,131.0
image_8425.jpg,478,480,0.9958333333333333,154.6706110529986,75.26908124128312,110.43622297768479,176.0,71.0,92.0
image_6408.jpg,160,160,1.0,57.9162109375,69.36734375,135.121015625,27.0,65.0,133.0
image_1367.jpg,1080,720,1.5,62.523414351851855,18.329237397119343,224.77249742798355,11.0,10.0,233.0
image_2646.jpg,446,681,0.6549192364170338,63.722137716231074,111.23757597308101,101.32521746574216,51.0,101.0,94.0
image_5129.jpg,540,720,0.75,43.25816100823045,50.67960648148148,178.88092335390945,18.0,45.0,186.0
image_4237.jpg,400,300,1.3333333333333333,41.338366666666666,103.781275,160.157625,19.0,95.0,174.0
image_3558.jpg,450,300,1.5,25.21008148148148,21.817866666666667,226.25672592592593,0.0,0.0,243.0
image_9713.jpg,720,720,1.0,33.252170138888886,96.31857445987654,210.6066512345679,23.0,76.0,219.0
image_6420.jpg,236,322,0.7329192546583851,129.4921175913254,55.26713338246131,116.66808348247184,170.0,43.0,120.0
image_1429.jpg,500,500,1.0,137.875176,20.414844,195.400504,233.0,3.0,202.0
image_9075.jpg,236,157,1.5031847133757963,73.76238799524992,77.45876066069307,127.96909748461621,63.0,69.0,114.0
image_6346.jpg,1000,667,1.4992503748125936,52.46647526236882,54.45780209895052,161.37052773613195,18.0,25.0,185.0
image_7058.jpg,617,400,1.5425,109.7512358184765,37.4027471636953,159.14331442463532,147.0,36.0,166.0
image_5897.jpg,711,720,0.9875,57.52881895608689,81.80026957337084,217.9322667604313,30.0,9.0,255.0
image_4551.jpg,340,270,1.2592592592592593,82.82267973856209,20.5368954248366,154.41799564270153,42.0,12.0,157.0
image_2120.jpg,960,720,1.3333333333333333,32.758917824074075,94.38113715277778,180.58448640046296,24.0,75.0,199.0
image_4545.jpg,480,400,1.2,42.243510416666666,112.550203125,142.042390625,30.0,108.0,170.0
image_2134.jpg,1087,720,1.5097222222222222,127.7423272513544,44.139865072063785,137.60802667893284,158.0,33.0,134.0
image_9061.jpg,240,240,1.0,154.85859375,182.0042013888889,124.1177951388889,165.0,181.0,115.0
image_6352.jpg,480,720,0.6666666666666666,26.89066261574074,100.56239583333333,169.0028443287037,23.0,111.0,181.0
image_8419.jpg,960,720,1.3333333333333333,101.23808304398148,90.62478298611111,160.2851707175926,78.0,66.0,174.0
image_9707.jpg,650,433,1.5011547344110854,30.597427607034998,88.81236454077101,161.0364398649849,26.0,67.0,178.0
image_6434.jpg,533,720,0.7402777777777778,42.9282337919533,116.65418490723368,197.3293933708568,29.0,122.0,215.0
image_2652.jpg,320,240,1.3333333333333333,30.819700520833333,152.00498697916666,142.1775390625,19.0,172.0,143.0
image_4223.jpg,280,209,1.3397129186602872,83.63004101161997,113.8649008885851,117.83080997949419,101.0,96.0,111.0
image_2861.jpg,478,720,0.6638888888888889,84.55593619246862,81.45582868433287,198.82284112040912,53.0,53.0,212.0
image_7919.jpg,160,160,1.0,22.80515625,132.0440625,187.84984375,21.0,142.0,201.0
image_8394.jpg,642,300,2.14,63.26048286604362,32.01455867082035,154.64253374870196,25.0,22.0,157.0
image_5868.jpg,238,250,0.952,91.71255462184874,31.45068907563025,244.24941176470588,123.0,17.0,255.0
image_2875.jpg,800,533,1.5009380863039399,119.33790337711069,98.14048311444652,100.1955839587242,124.0,104.0,80.0
image_9908.jpg,300,300,1.0,106.00595555555556,78.378,132.7372,103.0,51.0,128.0
image_721.jpg,960,720,1.3333333333333333,145.37748987268517,111.81105034722222,120.93438078703704,170.0,98.0,114.0
image_5854.jpg,210,160,1.3125,44.08047619047619,153.26258928571428,153.36797619047618,19.0,206.0,149.5
image_4592.jpg,450,253,1.7786561264822134,28.46040404040404,132.9508124725516,178.19126921387792,22.0,121.0,206.0
image_6385.jpg,460,320,1.4375,52.6773777173913,30.808783967391303,227.88580842391303,0.0,0.0,246.0
image_5698.jpg,590,453,1.3024282560706402,85.11941856549556,112.3795861862536,143.8203951060725,54.0,104.0,146.0
image_5840.jpg,450,300,1.5,30.005814814814816,92.20532592592592,148.48395555555555,15.0,82.0,155.0
image_4586.jpg,550,387,1.421188630490956,136.25477096546865,70.60821705426356,210.63245008221753,127.0,42.0,219.0
image_2849.jpg,474,264,1.7954545454545454,88.21542162127605,73.45481715893108,107.44598676639816,67.0,65.0,105.0
image_2691.jpg,600,461,1.3015184381778742,80.83232827187274,45.497277657266814,203.06548083875632,56.0,28.0,206.0
image_1398.jpg,720,720,1.0,117.20036844135802,150.55234182098766,143.4229938271605,82.0,158.0,142.0
image_4587.jpg,400,260,1.5384615384615385,117.15102884615385,39.590682692307695,208.8119326923077,116.0,6.0,223.0
image_734.jpg,875,720,1.2152777777777777,101.7401507936508,149.35018412698412,199.20255396825397,129.0,124.0,207.0
image_5699.jpg,544,720,0.7555555555555555,79.18455882352941,105.63027982026144,161.6885263480392,34.0,90.0,185.0
image_6390.jpg,960,720,1.3333333333333333,79.50181568287037,32.01747251157408,207.30558015046296,45.0,21.0,206.0
image_7930.jpg,236,314,0.7515923566878981,56.58848375256397,76.94475331965886,154.09007610925187,21.0,82.0,159.0
image_1399.jpg,375,375,1.0,102.34498133333334,68.36152888888888,163.99845688888888,85.0,84.0,164.0
image_2690.jpg,300,300,1.0,48.82257777777778,72.2794,244.6665,0.0,0.0,255.0
image_2848.jpg,800,531,1.5065913370998116,45.62337099811676,33.09576271186441,201.03133709981168,19.0,23.0,220.0
image_2684.jpg,474,355,1.3352112676056338,81.18406727283532,159.5169786652404,182.31337136744517,48.0,163.0,209.0
image_7924.jpg,240,240,1.0,56.866840277777776,59.356510416666666,195.67381944444443,30.0,22.0,221.0
image_4593.jpg,349,350,0.9971428571428571,90.9603847728203,41.30268522308637,190.07732296356937,70.0,11.0,211.0
image_5855.jpg,427,240,1.7791666666666666,77.53554839968774,57.08786104605777,198.33809523809524,16.0,38.0,224.0
image_720.jpg,230,230,1.0,35.91689981096408,129.77844990548203,183.92576559546313,15.0,145.0,203.0
image_8381.jpg,448,720,0.6222222222222222,13.621199156746032,14.771056547619047,244.86803385416667,0.0,0.0,255.0
image_708.jpg,400,275,1.4545454545454546,91.2532090909091,162.0921090909091,148.8669181818182,59.0,158.0,166.0
image_2874.jpg,832,468,1.7777777777777777,111.637807671762,78.974384656476,138.64059674967126,64.0,87.0,148.0
image_9921.jpg,960,720,1.3333333333333333,102.037109375,38.70722945601852,153.1901027199074,150.0,30.0,170.0
image_9935.jpg,376,476,0.7899159663865546,26.90860227069551,116.96790072411943,176.19950719649563,15.0,107.0,181.0
image_2860.jpg,400,600,0.6666666666666666,161.04803333333334,82.08067916666667,139.95030416666665,181.0,75.0,153.0
image_5869.jpg,1200,628,1.910828025477707,100.01099654989385,123.54190684713376,57.52977176220807,52.0,123.0,41.0
image_8395.jpg,238,250,0.952,85.41327731092437,38.0630756302521,248.76900840336134,42.0,4.0,255.0
image_9060.jpg,236,250,0.944,84.04881355932203,127.85396610169491,136.2813220338983,29.0,148.0,135.0
image_2135.jpg,960,720,1.3333333333333333,107.09767795138889,139.57328703703703,128.79567708333335,63.0,153.0,123.0
image_4544.jpg,236,466,0.5064377682403434,93.35720520840911,68.29272750418274,152.63126500327346,113.0,65.0,181.0
image_2653.jpg,80,80,1.0,0.0,0.0,214.609375,0.0,0.0,255.0
image_9706.jpg,240,160,1.5,71.5884375,56.31401041666667,160.06057291666667,37.0,38.0,163.0
image_8418.jpg,340,270,1.2592592592592593,83.52553376906319,104.07117647058824,141.69922657952068,22.0,85.0,134.0
image_6421.jpg,464,720,0.6444444444444445,30.540460368773946,96.19218151340996,152.98527298850576,26.0,85.0,161.0
image_9712.jpg,238,250,0.952,141.00312605042018,149.33689075630252,141.1189411764706,145.0,169.0,128.0
image_3559.jpg,259,194,1.3350515463917525,0.0,0.0,146.42837240775384,0.0,0.0,168.0
image_4236.jpg,180,147,1.2244897959183674,51.12108843537415,100.09191232048374,152.6407029478458,38.0,99.0,145.0
image_5128.jpg,320,480,0.6666666666666666,37.40971354166667,23.891471354166665,90.55983723958333,0.0,0.0,87.0
image_2647.jpg,270,270,1.0,61.02031550068587,138.26825788751714,166.77159122085047,18.0,131.0,171.0
image_2121.jpg,720,720,1.0,12.578126929012345,14.21715663580247,236.35935570987655,0.0,0.0,255.0
image_4550.jpg,268,402,0.6666666666666666,92.8206077819856,93.52335338234202,166.41217420360883,49.0,45.0,176.0
image_6347.jpg,400,394,1.015228426395939,13.43105964467005,33.069454314720815,150.3740799492386,11.0,19.0,143.0
image_9074.jpg,700,350,2.0,57.58000408163265,100.49335918367348,164.58691020408162,28.0,99.0,189.0
image_1428.jpg,384,479,0.8016701461377871,64.78579505915101,117.95130915100904,151.8435597164231,34.0,115.0,155.0
image_2109.jpg,288,299,0.9632107023411371,24.22948021181717,53.6890445001858,228.41773504273505,17.0,2.0,255.0
image_5666.jpg,600,493,1.2170385395537526,98.37084178498986,53.56438810006761,219.4144929006085,127.0,40.0,232.0
image_4578.jpg,500,500,1.0,70.41294,71.124376,144.161064,17.0,75.5,167.0
image_913.jpg,210,300,0.7,36.5061746031746,72.29763492063492,151.9062857142857,28.0,49.0,155.0
image_3217.jpg,400,300,1.3333333333333333,141.83073333333334,174.48143333333334,196.832675,147.0,196.0,209.0
image_1400.jpg,540,720,0.75,88.11193930041152,102.62157664609053,188.51886316872427,42.0,80.0,199.0
image_1366.jpg,898,490,1.8326530612244898,124.80198854597518,119.12311713103949,106.01551520385436,68.0,107.0,107.0
image_6409.jpg,624,720,0.8666666666666667,21.762397613960115,74.32631988960114,170.03964565527065,22.0,68.0,180.0
image_8424.jpg,800,600,1.3333333333333333,50.393335416666666,107.50742708333334,154.23420208333334,40.0,96.0,163.0
image_7717.jpg,366,500,0.732,26.416677595628414,229.27895081967213,238.974,23.0,251.0,241.0
image_3571.jpg,560,560,1.0,165.24113520408164,34.97564094387755,149.27978954081632,164.0,27.0,152.0
image_3565.jpg,234,216,1.0833333333333333,42.050233459955685,204.15527065527064,62.07516223488446,5.0,247.0,29.0
image_5114.jpg,300,236,1.271186440677966,0.0,0.0,112.14474576271186,0.0,0.0,114.0
image_1372.jpg,600,400,1.5,91.21575833333333,123.60531666666667,157.08253333333334,40.0,113.0,171.0
image_7703.jpg,550,368,1.4945652173913044,26.975133399209486,45.78100790513834,202.91939229249013,27.0,42.0,219.0
image_8356.jpg,540,360,1.5,72.28734567901235,151.9392232510288,211.05831790123457,23.0,158.0,247.0
image_9048.jpg,700,467,1.4989293361884368,19.792141327623128,126.1094096053839,163.08824717038848,19.0,122.0,181.0
image_1414.jpg,480,320,1.5,102.79002604166666,75.12063802083334,94.51294921875,106.0,57.0,78.0
image_5672.jpg,340,270,1.2592592592592593,63.32992374727669,74.37607843137255,147.14993464052287,30.0,40.0,187.0
image_3203.jpg,220,220,1.0,38.28384297520661,135.5398347107438,174.75904958677685,25.0,146.0,218.0
image_2492.jpg,600,600,1.0,29.56643888888889,150.77189722222224,123.54076666666667,12.0,179.0,119.0
image_3954.jpg,300,400,0.75,57.81379166666667,92.39503333333333,110.70840833333334,20.0,67.0,105.0
image_8801.jpg,580,388,1.4948453608247423,104.66447742623534,64.81237557767508,143.1551501955208,142.0,26.0,152.0
image_1825.jpg,300,450,0.6666666666666666,85.05044444444444,84.79585925925926,216.99382222222224,11.0,26.0,242.0
image_6192.jpg,230,230,1.0,24.145085066162572,35.05468809073724,216.8779395085066,5.0,2.0,237.0
image_536.jpg,480,425,1.1294117647058823,54.66047058823529,64.04014215686274,149.5632450980392,39.0,60.0,169.0
image_4785.jpg,525,350,1.5,137.60958911564626,134.93051428571428,176.38369523809524,147.0,132.0,190.0
image_4949.jpg,259,194,1.3350515463917525,72.06269155753692,94.79234167893962,102.67744696095211,12.0,97.0,87.0
image_4791.jpg,720,638,1.128526645768025,96.15051593521422,50.514522378962035,164.13648554510624,16.0,33.0,179.0
image_1831.jpg,480,720,0.6666666666666666,69.74363136574074,84.80763310185185,170.10168402777776,42.0,53.0,175.0
image_7298.jpg,584,700,0.8342857142857143,113.11370107632094,150.7390313111546,161.61588796477494,150.0,146.0,172.0
image_8815.jpg,300,250,1.2,20.457506666666667,149.37724,170.23192,19.0,148.0,172.0
image_6838.jpg,450,299,1.5050167224080269,89.7486584912672,84.95552582683017,134.59714604236342,56.0,93.0,143.0
image_2486.jpg,950,621,1.5297906602254427,119.92161200101704,72.22190863632511,94.33727943046021,156.0,62.0,76.0
image_244.jpg,479,720,0.6652777777777777,44.02254407330086,80.92121317559732,143.3450562514498,26.0,38.0,128.0
image_3940.jpg,800,580,1.3793103448275863,126.09840301724138,96.51917887931035,188.81966379310344,170.0,60.0,223.0
image_6810.jpg,450,300,1.5,83.48982222222222,97.04296296296296,169.92486666666667,32.0,89.0,177.0
image_3968.jpg,300,199,1.5075376884422111,54.36234505862647,66.09179229480738,184.74324958123952,35.0,63.0,192.0
image_8183.jpg,600,577,1.0398613518197575,176.34409012131715,98.9287463893703,160.5413691507799,161.0,21.0,161.0
image_1819.jpg,201,300,0.67,130.47796019900497,44.943333333333335,187.38334991708126,164.0,32.0,200.0
image_8197.jpg,250,250,1.0,86.56496,106.171696,116.208336,63.0,108.0,61.0
image_9289.jpg,600,360,1.6666666666666667,41.872018518518516,116.51175462962964,88.58661111111111,13.0,100.0,74.0
image_4975.jpg,240,160,1.5,137.162265625,39.3684375,220.59223958333334,154.0,20.0,234.0
image_278.jpg,450,300,1.5,32.983251851851854,221.40354074074074,227.47563703703705,29.0,253.0,254.0
image_8829.jpg,236,314,0.7515923566878981,100.01086311130304,43.12946669545504,188.220015113894,42.0,8.0,192.0
image_6804.jpg,194,259,0.749034749034749,33.94423436691478,94.12154201329459,173.79299844763761,23.0,77.0,190.0
image_7529.jpg,600,450,1.3333333333333333,38.31038888888889,89.64183703703704,152.08725185185185,25.0,90.0,169.0
image_9504.jpg,600,600,1.0,25.608544444444444,20.072944444444445,222.54097222222222,0.0,0.0,255.0
image_6637.jpg,600,526,1.1406844106463878,95.28664131812421,83.57703105196451,143.38317490494296,113.0,72.0,128.0
image_1158.jpg,640,413,1.549636803874092,60.71147094430993,23.802863952784502,86.06455811138015,24.0,7.0,48.0
image_2451.jpg,962,641,1.500780031201248,24.74818776534845,130.79081541640045,174.15879067595137,24.0,128.0,183.0
image_293.jpg,640,360,1.7777777777777777,47.05952690972222,106.73485243055555,103.37453993055556,19.0,93.0,100.0
image_4020.jpg,760,428,1.7757009345794392,33.120591490408266,146.02047774225284,96.348825627152,21.0,152.0,75.0
image_5458.jpg,415,450,0.9222222222222223,28.307261044176705,35.87965194109773,241.03634270414994,0.0,0.0,255.0
image_6151.jpg,720,720,1.0,63.62251350308642,52.746375385802466,165.49986304012344,22.0,53.0,172.0
image_9276.jpg,560,372,1.5053763440860215,74.77558083717358,56.205491551459296,109.92979070660522,18.0,48.0,102.0
image_8168.jpg,300,214,1.4018691588785046,31.086869158878503,38.2398753894081,176.46965732087227,30.0,35.0,180.0
image_4752.jpg,450,300,1.5,26.91828888888889,50.71908888888889,243.89802962962963,0.0,0.0,255.0
image_2323.jpg,480,720,0.6666666666666666,103.65502893518519,61.05345486111111,170.79414641203704,144.0,52.0,176.0
image_287.jpg,1024,576,1.7777777777777777,123.16870795355902,57.74059380425347,169.79948255750867,149.0,28.0,188.0
image_3983.jpg,409,394,1.0380710659898478,58.163336353369,115.72963027316842,117.79893388604123,34.0,118.0,105.0
image_9510.jpg,474,474,1.0,75.43169274866919,138.52565026972172,139.22365539710518,50.0,145.0,117.0
image_6623.jpg,474,266,1.781954887218045,49.974707337965164,103.47249452745788,79.24440848957838,17.0,95.0,58.0
image_5302.jpg,200,300,0.6666666666666666,24.86,50.97018333333333,173.56926666666666,18.0,39.0,188.0
image_3773.jpg,236,314,0.7515923566878981,73.73160693079996,111.23840818309402,137.28339900680126,42.0,117.0,135.0
image_8626.jpg,150,150,1.0,40.53168888888889,88.85,203.03328888888888,26.0,47.0,217.0
image_9538.jpg,300,169,1.7751479289940828,81.68080867850098,65.94658777120316,133.09453648915186,64.0,34.0,142.0
image_1164.jpg,80,80,1.0,0.0,0.0,214.609375,0.0,0.0,255.0
image_7273.jpg,584,365,1.6,29.096068680803153,136.485846312629,124.3016747982736,21.0,141.0,127.0
image_8140.jpg,1096,464,2.3620689655172415,74.16711434998741,67.82935596526555,85.74281478102189,60.0,60.0,78.0
image_3015.jpg,1087,720,1.5097222222222222,109.9605846877236,66.99350275988961,106.04838878667076,142.0,48.0,111.0
image_5464.jpg,960,643,1.4930015552099534,95.83001555209954,58.728957685329185,200.01902054173146,42.0,12.0,219.0
image_3001.jpg,545,389,1.4010282776349614,28.90791254923233,107.33397797221764,103.24145185255065,24.0,101.0,102.0
image_5470.jpg,505,336,1.5029761904761905,84.81877652050919,45.90723125884017,194.737971475719,17.0,26.0,217.0
image_1616.jpg,219,164,1.3353658536585367,130.70982292014702,33.256515202138324,142.7868081078071,150.0,26.0,159.0
image_8154.jpg,289,175,1.6514285714285715,78.29397923875433,137.42613939693524,113.97362333168562,36.0,145.0,118.0
image_7501.jpg,720,720,1.0,75.7823649691358,58.81823109567901,164.1685474537037,41.0,55.0,175.0
image_1170.jpg,266,427,0.6229508196721312,59.885333943758695,56.440527548379144,116.19744325685407,28.0,24.0,121.0
image_4008.jpg,1280,719,1.7802503477051461,91.04302633866482,64.20563499652295,161.18721640299026,49.0,38.0,155.0
image_3767.jpg,170,169,1.0059171597633136,38.13867037939436,27.568325791855205,223.19185520361992,34.0,25.0,240.0
image_5289.jpg,400,300,1.3333333333333333,78.83055,96.450175,162.88445,113.0,54.0,198.0
image_3820.jpg,959,680,1.410294117647059,116.94048948046373,63.00376004416365,154.85018401521194,134.0,61.0,164.0
image_4197.jpg,260,195,1.3333333333333333,82.13305719921105,67.07907297830374,137.79471400394476,42.0,34.0,136.0
image_6958.jpg,480,720,0.6666666666666666,46.058940972222224,115.65761284722223,148.80189814814815,45.0,118.0,155.0
image_6780.jpg,240,240,1.0,189.18315972222223,95.98534722222222,141.60541666666666,176.0,36.0,143.0
image_1951.jpg,500,500,1.0,56.985392,15.872244,241.054672,51.0,5.0,254.0
image_4829.jpg,800,600,1.3333333333333333,62.33566666666667,127.09603125,119.91959791666666,28.0,120.0,110.0
image_2280.jpg,192,108,1.7777777777777777,81.81862461419753,71.3203125,117.18880208333333,57.0,63.0,113.0
image_2294.jpg,540,720,0.75,76.32283950617284,106.57448816872429,132.2254140946502,42.0,104.0,116.0
image_456.jpg,356,481,0.7401247401247402,24.074849914737555,143.34161040902615,179.40871662500876,17.0,135.0,194.0
image_1945.jpg,708,531,1.3333333333333333,106.14623830955345,89.96245491397747,117.99533180120655,128.0,85.0,112.0
image_88.jpg,730,410,1.7804878048780488,82.9772602739726,75.57950217173405,151.26774139659204,56.0,46.0,163.0
image_8961.jpg,294,294,1.0,47.89282243509649,47.0689758896756,217.81932296728215,33.0,26.0,243.0
image_6794.jpg,300,300,1.0,65.75958888888889,56.48005555555556,179.87724444444444,18.0,49.0,192.0
image_330.jpg,200,300,0.6666666666666666,142.60316666666668,64.36916666666667,159.41935,146.0,58.0,167.0
image_4183.jpg,720,720,1.0,24.037283950617283,21.527519290123458,225.89115162037038,0.0,0.0,255.0
image_8791.jpg,480,720,0.6666666666666666,140.62110243055557,27.277757523148146,215.57134837962963,155.0,17.0,238.0
image_6964.jpg,640,360,1.7777777777777777,62.43502170138889,102.95371961805556,56.49827690972222,15.0,93.0,30.0
image_8949.jpg,768,405,1.8962962962962964,23.22985468106996,114.93442644032922,120.90041473765432,8.0,130.0,86.0
image_318.jpg,460,374,1.2299465240641712,74.51170657986515,117.35095907928388,142.60610323180654,30.0,123.0,160.0
image_1979.jpg,420,450,0.9333333333333333,52.54291005291005,121.30712169312169,174.16635978835978,50.0,137.0,180.0
image_4801.jpg,500,500,1.0,93.50832,17.480556,226.069868,106.0,6.0,234.0
image_3808.jpg,406,270,1.5037037037037038,25.260226236088304,58.53904397007845,183.97237730341178,22.0,46.0,208.0
image_8785.jpg,500,375,1.3333333333333333,101.950288,42.24564266666667,127.02851733333334,146.0,37.0,119.0
image_6970.jpg,235,369,0.6368563685636857,135.52926252666782,40.060254857867726,211.3059678256357,152.0,41.0,226.0
image_9470.jpg,480,720,0.6666666666666666,157.94541666666666,100.79643229166666,193.01872106481483,220.0,97.0,199.0
image_4154.jpg,480,720,0.6666666666666666,97.57338541666667,59.754126157407406,64.22629050925926,85.0,42.0,60.0
image_2243.jpg,225,225,1.0,93.1152,9.890548148148149,204.77157530864199,113.0,8.0,208.0
image_481.jpg,960,720,1.3333333333333333,40.407225115740744,139.95642939814815,106.23797743055556,15.0,141.0,92.0
image_4632.jpg,236,253,0.932806324110672,25.12720238494004,25.354274134119382,177.28570710792525,24.0,20.0,197.0
image_8008.jpg,628,275,2.2836363636363637,148.58524609148813,84.18740011580776,51.97744064852345,161.0,85.0,33.0
image_1992.jpg,500,375,1.3333333333333333,192.19001066666667,92.9096,243.21905066666667,216.0,68.0,254.0
image_9316.jpg,320,240,1.3333333333333333,75.76296875,89.42615885416667,97.91854166666667,58.0,88.0,81.0
image_1986.jpg,225,300,0.75,83.89087407407408,109.13786666666667,159.21238518518518,48.0,102.0,154.0
image_9302.jpg,450,300,1.5,46.976866666666666,185.59706666666668,163.9558074074074,47.0,194.0,165.0
image_6031.jpg,450,320,1.40625,23.540618055555555,113.32974305555555,160.43588888888888,22.0,93.0,185.0
image_2257.jpg,480,720,0.6666666666666666,50.37915798611111,62.58556712962963,197.38261284722222,15.0,59.0,212.0
image_495.jpg,400,500,0.8,113.03223,67.9705,201.895975,139.0,50.0,216.0
image_4626.jpg,240,320,0.75,54.0359765625,129.0371484375,159.18893229166667,26.0,122.0,173.0
image_4140.jpg,478,720,0.6638888888888889,35.98092747559275,39.27081008833101,159.77089435146445,13.0,40.0,168.0
image_2531.jpg,512,256,2.0,81.86576843261719,145.47393798828125,116.17351531982422,19.0,142.0,105.0
image_1038.jpg,240,160,1.5,106.01203125,71.99075520833334,183.26442708333335,146.0,28.0,185.0
image_6757.jpg,236,283,0.833922261484099,178.5754476852129,81.90746840749836,201.3581032520812,150.0,24.0,220.0
image_7449.jpg,579,579,1.0,57.058211853562064,82.62037161325733,194.41321318096533,35.0,83.0,207.0
image_4168.jpg,540,720,0.75,29.909341563786008,128.34687242798353,154.50823302469135,19.0,134.0,160.0
image_5276.jpg,480,720,0.6666666666666666,19.191400462962964,84.97013310185186,161.8431568287037,14.0,87.0,158.0
image_2519.jpg,450,397,1.1335012594458438,36.712986286034145,83.86292751189477,177.85350685698293,13.0,51.0,147.0
image_1010.jpg,400,267,1.4981273408239701,55.34437265917603,125.71263108614232,148.9589232209738,24.0,123.0,159.0
image_7461.jpg,314,209,1.5023923444976077,85.70379118032487,131.06936275256757,155.82083320635115,37.0,140.0,159.0
image_8752.jpg,1080,720,1.5,29.289749228395063,86.59658950617283,201.74635931069957,20.0,73.0,211.0
image_7307.jpg,790,593,1.3322091062394603,95.51324097594296,72.39404871176383,131.88971332209107,139.0,48.0,119.0
image_8034.jpg,400,394,1.015228426395939,31.334758883248732,145.4158502538071,175.77158629441624,24.0,156.0,190.0
image_63.jpg,236,394,0.5989847715736041,143.14230405231007,65.53824313860449,215.59471521982277,141.0,53.0,233.0
image_6019.jpg,600,427,1.405152224824356,135.7031342701015,79.2757806401249,204.04997267759563,148.0,46.0,221.0
image_1776.jpg,260,195,1.3333333333333333,87.34329388560158,26.03078895463511,172.82934911242603,41.0,19.0,181.0
image_5510.jpg,242,160,1.5125,132.51446280991735,111.94292355371901,173.43979855371902,151.0,97.0,175.0
image_3161.jpg,450,300,1.5,77.3849925925926,78.90045185185186,215.71257037037037,112.0,51.0,232.0
image_5504.jpg,620,350,1.7714285714285714,75.7758801843318,84.35517511520737,177.73055760368663,34.0,49.0,195.0
image_3175.jpg,500,333,1.5015015015015014,75.82874474474474,74.60383783783784,138.087993993994,49.0,67.0,152.0
image_7313.jpg,1030,720,1.4305555555555556,81.45826591154261,33.608794498381876,118.24874460625674,50.0,13.0,93.0
image_77.jpg,1077,720,1.4958333333333333,28.24402145878469,40.15079438770247,132.5848253894563,21.0,38.0,144.0
image_8020.jpg,236,236,1.0,71.80463588049412,68.97976515369147,184.37966819879344,28.0,39.0,194.0
image_1762.jpg,240,240,1.0,33.99755208333333,92.37710069444445,157.90960069444444,28.0,86.0,164.0
image_1004.jpg,450,300,1.5,26.26662962962963,33.51468148148148,223.01514074074075,21.0,12.0,245.0
image_9458.jpg,500,376,1.3297872340425532,89.83774468085106,94.55568617021277,157.78848936170212,25.0,74.0,167.0
image_7475.jpg,1280,720,1.7777777777777777,44.94470811631945,108.24348307291666,184.63943576388888,28.0,114.0,195.0
image_8746.jpg,270,270,1.0,85.94803840877915,35.01042524005487,129.21702331961592,90.0,27.0,142.0
image_3613.jpg,790,528,1.496212121212121,199.7762730149597,130.20693805140007,133.79478087840428,246.0,149.0,139.0
image_5262.jpg,216,146,1.4794520547945205,137.32819634703196,52.35277143581938,214.775367833587,139.0,41.0,220.0
image_640.jpg,840,630,1.3333333333333333,135.1496730914588,91.45277777777778,133.53482426303856,136.0,91.0,128.0
image_2082.jpg,240,160,1.5,149.41330729166665,35.8303125,205.30997395833333,156.0,14.0,223.0
image_898.jpg,280,210,1.3333333333333333,165.93493197278912,76.29732993197278,176.4061224489796,158.0,64.0,191.0
image_6582.jpg,80,80,1.0,0.0,0.0,214.609375,0.0,0.0,255.0
image_7844.jpg,450,450,1.0,24.371362962962962,77.29934814814816,244.6126913580247,8.0,1.0,255.0
image_9869.jpg,429,280,1.5321428571428573,130.89002664002663,139.9815184815185,90.3007992007992,156.0,158.0,108.0
image_126.jpg,960,720,1.3333333333333333,97.63819010416667,91.01336371527778,146.29702112268518,53.0,63.0,157.0
image_2928.jpg,600,400,1.5,135.60459166666666,54.132804166666666,108.16086666666666,161.0,32.0,114.0
image_4381.jpg,1080,720,1.5,103.61015174897119,58.57913580246914,205.99984053497943,143.0,39.0,219.0
image_6596.jpg,467,311,1.5016077170418007,66.79849487389578,84.77072646777336,80.35274757809648,45.0,86.0,66.0
image_7850.jpg,540,720,0.75,38.02290637860082,109.36753858024692,86.4910005144033,21.0,109.0,68.0
image_654.jpg,600,337,1.7804154302670623,69.57543521266074,101.51539070227497,126.78558852621167,36.0,86.0,122.0
image_3388.jpg,480,720,0.6666666666666666,101.13081597222222,15.796953125,195.82617766203703,153.0,16.0,201.0
image_5921.jpg,481,720,0.6680555555555555,123.13185204435204,144.3504591129591,43.86404481404482,139.0,149.0,31.0
image_2900.jpg,338,450,0.7511111111111111,70.28877054569362,61.045161078238,150.98899408284024,29.0,31.0,160.0
image_7878.jpg,736,490,1.5020408163265306,73.15961623779947,89.0520713176575,154.11569986690327,49.0,96.0,165.0
image_9855.jpg,640,360,1.7777777777777777,139.00559027777777,148.523125,156.63594184027778,143.0,172.0,169.0
image_8593.jpg,319,240,1.3291666666666666,68.6990987460815,116.74524555903866,121.4173197492163,59.0,115.0,118.0
image_9699.jpg,236,215,1.0976744186046512,107.75524241229799,54.81415057154119,163.22546314544738,133.0,55.0,161.0
image_9841.jpg,450,300,1.5,27.569311111111112,109.33245185185186,41.891748148148146,12.0,92.0,11.0
image_8587.jpg,80,80,1.0,0.0,0.0,214.609375,0.0,0.0,255.0
image_2914.jpg,501,720,0.6958333333333333,37.136890108671544,100.22473663783543,148.92126025726324,21.0,95.0,145.0
image_668.jpg,350,350,1.0,47.00082448979592,59.02288163265306,185.5894530612245,16.0,56.0,212.0
image_1548.jpg,531,720,0.7375,59.0183746599707,56.66544517681523,152.63652699309478,28.0,47.0,160.0
image_6227.jpg,450,357,1.2605042016806722,74.54697790227202,115.04584500466854,127.48145035792095,68.0,119.0,116.0
image_9114.jpg,960,720,1.3333333333333333,117.62780092592592,128.1409013310185,155.44448784722223,141.0,121.0,184.0
image_7139.jpg,800,518,1.5444015444015444,116.76987451737452,59.274232625482625,149.50050916988417,136.0,41.0,158.0
image_2041.jpg,535,299,1.7892976588628762,117.00401337792643,65.52452724033382,152.0551058043947,127.0,54.0,146.0
image_2727.jpg,300,300,1.0,99.13092222222222,47.98663333333333,180.2329777777778,113.0,33.0,191.0
image_5048.jpg,980,552,1.7753623188405796,92.89794809228039,64.86763531499557,134.82450273587696,47.0,48.0,151.0
image_4356.jpg,998,587,1.7001703577512777,99.98336195389075,104.53907644932113,119.94876635724601,134.0,93.0,128.0
image_3439.jpg,300,225,1.3333333333333333,112.89007407407408,86.82097777777778,183.8651851851852,152.0,81.0,192.0
image_6541.jpg,900,590,1.5254237288135593,110.38703013182675,84.56046516007532,126.9587099811676,126.0,56.0,121.0
image_7887.jpg,640,565,1.1327433628318584,107.26824115044248,72.40950774336284,176.63066371681415,151.0,37.0,179.0
image_8578.jpg,481,720,0.6680555555555555,131.12008258258257,58.145983483483484,184.42111630861632,161.0,24.0,204.0
image_6555.jpg,1080,720,1.5,84.19317386831275,24.615019290123456,187.1234966563786,42.0,20.0,214.0
image_9666.jpg,1024,683,1.499267935578331,99.02011318402269,122.33645509242314,153.21669678806734,56.0,114.0,169.0
image_7893.jpg,450,310,1.4516129032258065,64.25470250896058,62.64962724014337,221.07251612903227,25.0,47.0,233.0
image_2733.jpg,540,405,1.3333333333333333,126.8816003657979,62.460150891632374,143.29709647919523,143.0,41.0,154.0
image_4342.jpg,540,720,0.75,14.351926440329217,167.21407664609055,144.68180041152263,12.0,175.0,151.0
image_2055.jpg,800,533,1.5009380863039399,148.90365384615384,38.151737804878046,193.93334427767354,148.0,34.0,195.0
image_6233.jpg,270,190,1.4210526315789473,156.95929824561404,45.47918128654971,221.07120857699806,157.0,20.0,248.0
image_9100.jpg,720,720,1.0,132.55126157407406,64.95069444444445,176.4025173611111,138.0,13.0,238.0
image_867.jpg,495,720,0.6875,82.37462121212121,72.87999719416386,155.43152356902357,18.0,61.0,155.0
image_3363.jpg,1024,683,1.499267935578331,38.07689679035505,137.67220528687776,174.41282428166178,25.0,136.0,180.0
image_1574.jpg,1280,720,1.7777777777777777,39.930621744791665,74.89521267361111,52.036547309027775,51.0,47.0,28.0
image_9128.jpg,360,259,1.38996138996139,90.12957957957958,150.75146932646933,91.38925353925355,89.0,149.0,79.0
image_8236.jpg,340,270,1.2592592592592593,69.13169934640523,27.427494553376906,149.06596949891068,35.0,11.0,178.0
image_7105.jpg,236,236,1.0,20.669222206262567,73.56871229531744,194.3324296179259,19.0,31.0,213.0
image_9896.jpg,600,291,2.0618556701030926,99.86719358533792,133.88387743413517,174.14327033218785,151.0,126.0,178.0
image_8550.jpg,236,309,0.7637540453074434,85.55380944545006,69.48741155175252,161.99159398826174,136.0,64.0,191.0
image_1212.jpg,600,449,1.3363028953229399,35.933270230141055,109.89937639198219,141.68555308092056,18.0,96.0,147.0
image_5074.jpg,514,720,0.7138888888888889,50.457833441418074,116.06647211413748,118.83654074794639,47.0,115.0,111.0
image_3405.jpg,600,450,1.3333333333333333,64.17035555555556,75.35942592592592,130.59415925925927,21.0,64.0,133.0
image_5060.jpg,236,246,0.959349593495935,61.38369849800193,43.733326443433924,208.74062973680583,5.0,5.0,255.0
image_3411.jpg,620,310,2.0,85.5330905306972,59.4235691987513,138.9378928199792,49.0,46.0,133.0
image_9882.jpg,454,720,0.6305555555555555,89.02495105237396,135.37267804698973,112.39444750367107,25.0,121.0,124.0
image_7677.jpg,735,494,1.4878542510121457,29.571469883499958,83.47251370183702,182.40272659671155,26.0,72.0,193.0
image_6569.jpg,235,266,0.8834586466165414,49.162294032954726,58.39907214845625,192.6334026555751,16.0,21.0,209.0
image_1206.jpg,1280,720,1.7777777777777777,105.73665907118055,58.838542751736114,189.8175173611111,131.0,24.0,210.0
image_1560.jpg,238,250,0.952,19.138436974789915,27.19979831932773,223.39364705882352,0.0,0.0,255.0
image_8222.jpg,720,720,1.0,36.07075424382716,39.80486304012346,236.6379938271605,0.0,0.0,255.0
image_7111.jpg,522,560,0.9321428571428572,90.10364668856049,143.15741995073893,127.84552203065134,51.0,153.0,137.0
image_873.jpg,480,720,0.6666666666666666,60.218784722222225,100.23508680555555,212.08391493055555,34.0,67.0,220.0
image_3377.jpg,163,313,0.5207667731629393,35.54818792998687,117.0929653658441,175.33775652208,35.0,126.0,196.0
image_5706.jpg,80,80,1.0,0.0,0.0,214.609375,0.0,0.0,255.0
image_2069.jpg,800,673,1.188707280832095,43.44086367013373,55.168872585438336,203.67478454680534,21.0,26.0,220.0
image_3407.jpg,237,237,1.0,135.49817514999376,15.81617974327476,232.91197991774823,175.0,8.0,239.0
image_4368.jpg,275,183,1.5027322404371584,35.14012916045703,115.85371087928465,43.3219870839543,24.0,119.0,29.0
image_5076.jpg,844,569,1.4833040421792618,26.117615089247785,155.8402243896751,122.6876119241373,16.0,179.0,101.0
image_2719.jpg,439,309,1.4207119741100325,81.43134219430745,50.95049796905294,121.14930962543586,36.0,33.0,121.0
image_1210.jpg,300,165,1.8181818181818181,32.69511111111111,99.90466666666667,191.16654545454546,19.0,93.0,216.0
image_8552.jpg,600,519,1.1560693641618498,56.09939306358382,113.44736030828517,119.7313840719332,23.0,122.0,139.0
image_7661.jpg,750,560,1.3392857142857142,122.75836904761904,72.87821904761904,197.2734,144.0,73.0,211.0
image_9894.jpg,612,459,1.3333333333333333,92.37661084767967,87.4380259729164,141.2679952155154,51.0,79.0,120.0
image_8234.jpg,275,183,1.5027322404371584,121.23656234475907,107.60697466467958,143.11835072031792,63.0,91.0,169.0
image_7107.jpg,1024,576,1.7777777777777777,102.41396925184462,88.09312778049045,118.90103997124567,66.0,55.0,118.0
image_6219.jpg,1024,655,1.5633587786259542,130.1734494274809,57.870364682729004,120.6571445610687,151.0,50.0,128.0
image_1576.jpg,350,420,0.8333333333333334,25.339598639455783,118.87414965986395,173.539231292517,22.0,125.0,187.0
image_5710.jpg,720,720,1.0,11.410196759259259,13.588829089506174,247.87137731481482,0.0,0.0,255.0
image_865.jpg,800,533,1.5009380863039399,75.3263320825516,45.54481941838649,184.93148452157598,65.0,38.0,198.0
image_3361.jpg,300,300,1.0,102.49572222222223,58.22096666666667,136.18967777777777,154.0,47.0,142.0
image_5704.jpg,400,300,1.3333333333333333,72.275,52.914725,112.2557,28.0,52.0,100.0
image_871.jpg,600,300,2.0,67.61807777777778,74.74291666666667,186.17370555555556,26.0,52.0,198.0
image_3375.jpg,250,250,1.0,26.7068,141.230128,167.173856,27.0,175.0,162.0
image_8220.jpg,616,462,1.3333333333333333,100.88455754202508,69.08433476696463,152.9385892786867,63.0,56.0,150.0
image_7113.jpg,236,333,0.7087087087087087,23.265447651040873,160.95303354201658,166.6916195856874,23.0,159.0,168.0
image_1562.jpg,333,213,1.5633802816901408,95.67365957506803,45.69507535704719,137.32464859225422,116.0,26.0,135.0
image_1204.jpg,311,160,1.94375,47.148030546623794,33.87146302250804,202.96095257234725,8.0,10.0,250.0
image_9658.jpg,1024,683,1.499267935578331,102.11646830389824,108.10963951546486,172.84318522373718,130.0,79.0,179.0
image_8546.jpg,380,253,1.5019762845849802,52.11860827959226,39.31510297482838,184.5832223840233,23.0,24.0,190.0
image_7675.jpg,960,720,1.3333333333333333,34.829521122685186,32.61308449074074,122.44631510416667,31.0,29.0,124.0
image_9880.jpg,320,320,1.0,30.277919921875,20.24751953125,232.577275390625,0.0,0.0,255.0
image_3413.jpg,474,473,1.0021141649048626,96.74729038991623,62.33722268311612,175.50077162558765,73.0,28.0,191.0
image_5062.jpg,200,200,1.0,67.934525,100.27335,131.32285,20.0,98.0,119.0
image_7885.jpg,474,305,1.5540983606557377,79.13231652486685,96.21769385072975,104.29851974821885,85.0,95.0,102.0
image_6543.jpg,236,354,0.6666666666666666,115.11073206932873,127.77973283539212,176.38936368859524,136.0,128.0,185.0
image_9670.jpg,960,720,1.3333333333333333,66.25838975694444,37.28028790509259,135.1629861111111,29.0,21.0,135.0
image_4354.jpg,320,180,1.7777777777777777,115.67652777777778,119.3157986111111,117.60295138888888,51.0,125.0,122.0
image_2725.jpg,200,300,0.6666666666666666,30.2535,114.00998333333334,132.46835,20.0,114.0,124.0
image_2043.jpg,238,250,0.952,69.24426890756303,49.5798487394958,203.0055294117647,1.0,2.0,255.0
image_681.jpg,251,201,1.2487562189054726,100.417335632594,73.40619611107807,204.4301004935482,28.0,75.0,217.0
image_4432.jpg,640,427,1.4988290398126465,111.79802034543326,33.34051888173302,121.64645784543326,147.0,18.0,104.0
image_859.jpg,300,219,1.36986301369863,68.39216133942162,77.76435312024353,136.1334703196347,45.0,70.0,126.0
image_8208.jpg,236,313,0.7539936102236422,76.7645935993935,125.0653462933882,108.64946932365842,57.0,111.0,93.0
image_6225.jpg,414,414,1.0,41.996160937244746,98.89956008308245,119.15465355084133,26.0,98.0,116.0
image_9116.jpg,600,450,1.3333333333333333,29.732337037037038,78.17566296296296,193.90195555555556,30.0,83.0,206.0
image_6231.jpg,300,395,0.759493670886076,64.33073417721519,73.94991561181435,190.24603375527425,17.0,75.0,212.0
image_9102.jpg,300,450,0.6666666666666666,78.92363703703704,103.33345925925926,156.06102222222222,34.0,84.0,164.0
image_5738.jpg,1079,720,1.4986111111111111,31.17682138811657,49.56796030274946,197.56464318813715,22.0,45.0,205.0
image_695.jpg,476,318,1.4968553459119496,96.67384123460705,66.71486707890703,142.05658395433645,106.0,40.0,132.0
image_3349.jpg,236,177,1.3333333333333333,92.29467107153117,32.06162022407354,205.68328066647516,79.0,11.0,214.0
image_7891.jpg,286,215,1.330232558139535,51.48336314847943,16.101284761749877,221.98186697023905,18.0,3.0,249.0
image_1238.jpg,626,417,1.501199040767386,171.33244458746103,98.24317542770895,181.96032822304457,190.0,113.0,209.0
image_9664.jpg,214,225,0.9511111111111111,84.33032191069574,64.47902388369678,183.9231152647975,22.0,45.0,186.0
image_7649.jpg,236,327,0.7217125382262997,121.12566734048619,59.40373451510911,156.56425905768933,150.0,33.0,182.0
image_8591.jpg,380,253,1.5019762845849802,72.81256500936135,61.00764510089453,213.42153110047846,23.0,21.0,231.0
image_9857.jpg,320,320,1.0,73.6858203125,73.383076171875,177.17353515625,32.0,49.0,188.0
image_2902.jpg,472,294,1.6054421768707483,124.20896027902687,83.1624149659864,79.05584861063069,150.0,71.0,56.0
image_2916.jpg,380,380,1.0,40.09283933518005,90.26882963988919,166.26790166204987,24.0,96.0,163.0
image_8585.jpg,437,450,0.9711111111111111,62.443040935672514,91.21425883549453,238.53118230358504,42.0,91.0,245.0
image_9843.jpg,869,350,2.4828571428571427,24.048722669735326,47.61259247082032,173.86239026795988,22.0,35.0,184.0
image_5089.jpg,236,354,0.6666666666666666,54.963899262663986,72.40372737719046,173.8400363880111,30.0,60.0,188.0
image_124.jpg,350,250,1.4,73.22929142857143,83.53410285714286,143.49705142857144,45.0,65.0,136.0
image_4397.jpg,238,250,0.952,17.36326050420168,29.818941176470588,187.82482352941176,0.0,0.0,254.0
image_6580.jpg,530,354,1.497175141242938,27.836909711118217,136.4152009380663,116.70308602494404,16.0,136.0,107.0
image_1589.jpg,236,184,1.2826086956521738,86.23563006632277,82.51865327929255,148.08532148120855,21.0,76.0,161.0
image_5937.jpg,240,160,1.5,51.45174479166667,58.011875,162.04205729166668,22.0,33.0,174.0
image_2080.jpg,450,303,1.4851485148514851,59.966835350201684,131.8249284928493,146.57617161716172,20.0,137.0,141.0
image_642.jpg,400,266,1.5037593984962405,29.834614661654136,92.73978383458646,122.24523496240602,15.0,79.0,119.0
image_5923.jpg,580,435,1.3333333333333333,100.93453428458184,131.21507332540625,168.57964724534284,91.0,168.0,182.0
image_2094.jpg,450,319,1.4106583072100314,32.959177986764196,130.08721699756182,183.80153953326368,21.0,129.0,202.0
image_7852.jpg,720,720,1.0,70.73065586419753,33.80955439814815,221.7067515432099,29.0,9.0,232.0
image_6594.jpg,236,405,0.582716049382716,69.17903327055869,58.543722536095416,180.7224000836995,24.0,44.0,192.0
image_130.jpg,340,270,1.2592592592592593,67.8628431372549,23.895653594771243,176.28502178649236,49.0,11.0,181.0
image_5512.jpg,529,634,0.8343848580441641,104.73482196633134,81.30328636257924,156.6739816211768,148.0,70.0,167.0
image_1774.jpg,236,236,1.0,130.1631176386096,131.29759767308244,182.850940821603,70.0,114.0,184.0
image_9328.jpg,260,260,1.0,26.742736686390533,73.04968934911243,201.14798816568046,16.0,44.0,233.0
image_7305.jpg,240,175,1.3714285714285714,110.07552380952382,61.8832380952381,112.80009523809524,86.0,42.0,109.0
image_8036.jpg,1077,720,1.4958333333333333,130.27774553801711,72.35594243268338,107.28407613741875,150.0,69.0,111.0
image_7463.jpg,300,281,1.0676156583629892,35.80975088967971,65.84679715302491,137.18404507710557,26.0,47.0,166.0
image_8750.jpg,524,720,0.7277777777777777,106.75438401187446,97.292756043257,220.1172312340967,127.0,73.0,247.0
image_1012.jpg,527,720,0.7319444444444444,49.727624920936115,47.91226280834915,181.24507695551338,13.0,5.0,252.0
image_8988.jpg,107,160,0.66875,98.1508761682243,75.91781542056074,179.81203271028036,25.0,27.0,186.0
image_5274.jpg,960,720,1.3333333333333333,93.96157696759259,82.56974681712963,116.19358651620371,111.0,87.0,122.0
image_3605.jpg,354,255,1.388235294117647,49.50189431704885,97.14725822532402,160.0461282818212,27.0,95.0,165.0
image_5260.jpg,600,400,1.5,30.53750416666667,110.709675,152.89242916666666,29.0,107.0,140.0
image_3611.jpg,400,284,1.408450704225352,43.304586267605636,55.44045774647887,184.4249383802817,18.0,32.0,196.0
image_7477.jpg,1072,720,1.488888888888889,98.80894356343283,78.99007695895523,209.2302990257048,144.0,62.0,224.0
image_8744.jpg,800,534,1.4981273408239701,32.102315074906365,82.29858146067416,191.0523595505618,27.0,81.0,198.0
image_6769.jpg,390,280,1.3928571428571428,18.60279304029304,57.75725274725275,214.68112637362637,0.0,0.0,255.0
image_1006.jpg,550,483,1.1387163561076605,46.46304159608508,154.33073593073593,144.48025221155655,32.0,145.0,179.0
image_1760.jpg,400,300,1.3333333333333333,56.088483333333336,70.72435,72.616775,53.0,61.0,55.0
image_7311.jpg,525,720,0.7291666666666666,78.10993121693122,80.48602116402117,159.68807407407408,35.0,58.0,188.0
image_8022.jpg,455,500,0.91,105.91882197802198,63.57743736263736,240.76462417582417,0.0,0.0,255.0
image_3177.jpg,240,134,1.791044776119403,85.89406094527364,185.07546641791043,160.59101368159205,50.0,203.0,167.0
image_2269.jpg,613,460,1.3326086956521739,24.758025391871765,89.22772891694446,196.40484431519965,24.0,72.0,207.0
image_1748.jpg,350,219,1.5981735159817352,135.0254011741683,149.36845401174168,157.2431441617743,148.0,160.0,157.0
image_6027.jpg,600,399,1.5037593984962405,65.8345948203843,40.916044277360065,134.2991687552214,42.0,18.0,142.0
image_4630.jpg,450,299,1.5050167224080269,59.422140468227425,49.83338535860275,152.29661835748792,47.0,39.0,150.0
image_483.jpg,236,351,0.6723646723646723,0.0,0.0,136.89509392051764,0.0,0.0,131.0
image_2241.jpg,285,285,1.0,124.52966451215758,183.92867959372114,148.32364419821482,139.0,214.0,160.0
image_2527.jpg,961,720,1.3347222222222221,75.75611486877095,93.62765637645971,137.35857035495434,45.0,88.0,138.0
image_5248.jpg,640,478,1.3389121338912133,192.9620783211297,165.02896182008368,145.05987839958158,243.0,159.0,158.0
image_4156.jpg,639,426,1.5,105.04781532176891,66.50378011417487,117.38514551051746,106.0,42.0,110.0
image_8.jpg,236,290,0.8137931034482758,121.24443308007014,96.16357393337229,160.09070718877848,141.0,103.0,179.0
image_3639.jpg,800,574,1.3937282229965158,130.85725391986063,115.22797909407666,98.8569599303136,143.0,69.0,93.0
image_9472.jpg,411,230,1.7869565217391303,0.0,0.0,11.955823548079975,0.0,0.0,0.0
image_6741.jpg,791,720,1.0986111111111112,65.11729702205366,108.99285538699256,113.8060226155359,44.0,120.0,101.0
image_8778.jpg,800,533,1.5009380863039399,74.65617026266416,90.70005628517823,175.45703095684803,35.0,84.0,194.0
image_9466.jpg,236,177,1.3333333333333333,88.41527817676912,36.994015129751986,146.43694340706693,60.0,25.0,139.0
image_6755.jpg,300,450,0.6666666666666666,92.70503703703703,122.51759259259259,149.09456296296295,150.0,127.0,154.0
image_2533.jpg,446,720,0.6194444444444445,39.1859927752865,53.39955156950673,193.10061036372696,37.0,49.0,209.0
image_4142.jpg,513,700,0.7328571428571429,122.32594820384294,37.52576998050682,166.4345530492899,139.0,34.0,168.0
image_4624.jpg,374,500,0.748,91.52387165775401,71.32021390374331,153.58952941176472,56.0,55.0,163.0
image_497.jpg,240,160,1.5,156.688125,39.865703125,66.703125,198.0,17.0,61.0
image_2255.jpg,626,417,1.501199040767386,82.68357965384881,110.58307858505528,183.02158273381295,38.0,99.0,213.0
image_9300.jpg,266,444,0.5990990990990991,77.16068041725937,77.78517239043555,177.86231626363207,21.0,52.0,180.0
image_6033.jpg,600,400,1.5,126.5363375,69.255875,145.29697916666666,154.0,31.0,153.0
image_1984.jpg,468,351,1.3333333333333333,30.79308203667178,168.26605912289673,115.88846884359705,10.0,173.0,121.0
image_49.jpg,489,535,0.914018691588785,40.560961718555895,41.04902241843931,143.27840529021654,37.0,39.0,140.0
image_4817.jpg,600,399,1.5037593984962405,57.88354636591479,118.07213032581454,174.90421052631578,14.0,113.0,188.0
image_6966.jpg,300,450,0.6666666666666666,81.7854962962963,73.72736296296296,180.90675555555555,29.0,74.0,203.0
image_9499.jpg,300,300,1.0,70.66567777777777,33.72461111111111,164.4964,49.0,32.0,156.0
image_6972.jpg,700,486,1.440329218106996,125.4635567313345,102.3857671957672,114.68595825984715,24.0,104.0,99.0
image_8787.jpg,236,176,1.3409090909090908,41.74838694144838,43.646017912172574,228.24898882896764,30.0,17.0,252.0
image_468.jpg,480,271,1.7712177121771218,112.80246002460025,71.20886377613776,163.68640067650676,147.0,25.0,171.0
image_4803.jpg,202,158,1.2784810126582278,32.94284998120065,49.4707043489159,155.63804988093747,23.0,42.0,170.0
image_440.jpg,300,168,1.7857142857142858,73.43349206349207,105.7936507936508,102.90873015873017,65.0,85.0,89.0
image_2282.jpg,666,666,1.0,57.885200515831144,58.49685721757794,134.3545392239086,28.0,45.0,130.0
image_1953.jpg,237,250,0.948,95.30325738396624,52.13552742616034,250.7384641350211,2.0,46.0,254.0
image_6782.jpg,340,459,0.7407407407407407,62.01921696783288,115.23194925028835,145.8935089068307,33.0,141.0,157.0
image_8977.jpg,480,480,1.0,45.543355034722225,171.11079427083334,163.488828125,19.0,206.0,170.0
image_4195.jpg,236,236,1.0,12.44478957196208,34.41065785693766,196.58088552140188,0.0,0.0,255.0
image_326.jpg,510,408,1.25,124.42094867358708,55.416666666666664,164.3284938485198,147.0,24.0,176.0
image_3822.jpg,900,600,1.5,9.031185185185185,31.617766666666668,223.31294074074074,0.0,0.0,238.0
image_4181.jpg,495,400,1.2375,79.27164141414141,109.44566161616162,178.8055606060606,53.0,102.0,220.0
image_332.jpg,480,360,1.3333333333333333,70.90446180555556,56.68035300925926,200.99564814814815,29.0,28.0,227.0
image_3836.jpg,376,211,1.7819905213270142,28.92327568821216,129.085875264697,199.7439623878189,27.0,123.0,208.0
image_8963.jpg,480,360,1.3333333333333333,75.72731481481482,49.793310185185184,78.49301504629629,51.0,38.0,70.0
image_7488.jpg,1000,667,1.4992503748125936,99.6386311844078,100.07601949025488,129.63640779610196,79.0,91.0,126.0
image_1947.jpg,340,270,1.2592592592592593,144.73737472766885,47.82469498910675,99.89660130718954,198.0,23.0,63.0
image_2296.jpg,450,300,1.5,32.3118,139.5297185185185,143.36821481481482,10.0,130.0,142.0
image_3188.jpg,254,254,1.0,90.5522971045942,100.33157666315333,127.96769793539588,65.0,92.0,131.0
image_2309.jpg,1080,720,1.5,38.03091177983539,44.68834233539095,199.30996656378602,23.0,35.0,221.0
image_5466.jpg,271,271,1.0,81.68401846380087,73.77443117604608,185.48169278740758,66.0,52.0,197.0
image_4778.jpg,675,720,0.9375,115.93484156378601,97.09634773662552,98.40660288065844,135.0,79.0,85.0
image_3017.jpg,720,720,1.0,33.71332368827161,15.914299768518518,248.06174189814814,0.0,0.0,255.0
image_7271.jpg,1700,500,3.4,94.57875411764707,78.56437764705882,188.45614235294119,139.0,61.0,210.0
image_8142.jpg,650,380,1.7105263157894737,40.13595951417004,4.358574898785425,234.58885020242914,0.0,0.0,255.0
image_1166.jpg,400,267,1.4981273408239701,33.43732209737828,77.73696629213484,142.52399812734083,33.0,76.0,141.0
image_7517.jpg,236,314,0.7515923566878981,40.70648008204685,131.89943862679476,86.16408021159451,25.0,133.0,75.0
image_8624.jpg,494,720,0.6861111111111111,150.15083783175888,48.036364147548355,111.15975314889789,170.0,35.0,70.0
image_3771.jpg,800,500,1.6,78.7369725,67.064165,185.945285,66.0,59.0,191.0
image_5300.jpg,250,250,1.0,27.198944,83.739536,200.742384,22.0,53.0,232.0
image_5314.jpg,400,267,1.4981273408239701,31.140440074906365,136.57696629213484,101.04955992509363,18.0,141.0,72.0
image_1172.jpg,380,240,1.5833333333333333,46.6158552631579,83.73893640350877,128.6241447368421,21.0,51.0,125.0
image_8630.jpg,474,595,0.7966386554621848,42.23174484983867,136.05766407828955,136.45040953090097,37.0,161.0,133.0
image_8156.jpg,450,300,1.5,75.37624444444444,50.29601481481482,127.33433333333333,37.0,44.0,112.0
image_9248.jpg,300,174,1.7241379310344827,99.45078544061303,46.00369731800766,225.89513409961685,70.0,10.0,240.0
image_1614.jpg,145,180,0.8055555555555556,92.67574712643678,98.56777777777778,145.7835632183908,118.0,78.0,156.0
image_5472.jpg,480,720,0.6666666666666666,53.715940393518515,126.74367476851852,168.84478587962963,27.0,139.0,172.0
image_3003.jpg,360,480,0.75,95.29171296296296,58.34980324074074,143.43079282407408,124.0,39.0,142.0
image_9260.jpg,239,232,1.0301724137931034,100.02075818785168,126.191747222623,167.3654414947338,140.0,91.0,178.0
image_6153.jpg,250,250,1.0,167.130368,18.52576,126.584224,188.0,10.0,155.0
image_4744.jpg,170,198,0.8585858585858586,29.327272727272728,93.09102792632204,155.8357100415924,29.0,61.0,180.0
image_4022.jpg,300,225,1.3333333333333333,119.42062222222222,22.8056,161.73225185185186,154.0,16.0,171.0
image_3995.jpg,450,450,1.0,82.65065679012346,65.63662222222223,184.6262074074074,47.0,35.0,201.0
image_2453.jpg,960,720,1.3333333333333333,109.79682002314814,83.2660546875,112.10970052083333,93.0,76.0,85.0
image_9506.jpg,1200,627,1.9138755980861244,76.91218899521532,166.28146065922382,68.02150584795322,30.0,176.0,42.0
image_6635.jpg,652,367,1.776566757493188,72.47428578592802,79.28422711088079,133.65112585881212,56.0,62.0,142.0
image_8618.jpg,550,640,0.859375,131.5934715909091,35.692835227272724,116.08157386363636,157.0,28.0,115.0
image_9512.jpg,300,364,0.8241758241758241,31.62260989010989,92.28753663003663,213.91900183150184,22.0,61.0,246.0
image_6621.jpg,355,200,1.775,82.41033802816901,84.60908450704225,109.19867605633803,55.0,66.0,115.0
image_285.jpg,640,428,1.4953271028037383,41.57297751168224,134.75317976051403,146.9734155957944,17.0,133.0,151.0
image_5328.jpg,450,300,1.5,24.714548148148147,163.75166666666667,25.52760740740741,15.0,212.0,8.0
image_3981.jpg,450,450,1.0,16.47099259259259,221.9578024691358,106.31626666666666,15.0,223.0,80.0
image_2447.jpg,795,633,1.2559241706161137,39.87562868242471,86.67400916073008,200.56626029588563,28.0,85.0,226.0
image_4988.jpg,400,199,2.0100502512562812,115.79458542713567,20.41207286432161,155.40582914572863,142.0,16.0,170.0
image_2321.jpg,500,375,1.3333333333333333,40.92218666666667,54.713104,136.97673066666667,18.0,23.0,151.0
image_4750.jpg,238,250,0.952,52.41983193277311,45.67016806722689,240.5873445378151,0.0,0.0,255.0
image_7259.jpg,160,240,0.6666666666666666,82.00658854166667,60.12088541666667,168.29171875,29.0,32.0,181.0
image_9274.jpg,300,400,0.75,87.50438333333334,57.86878333333333,186.95698333333334,42.0,10.0,208.0
image_6147.jpg,515,720,0.7152777777777778,91.19320388349514,63.73344390507012,121.21490560949299,106.0,37.0,156.0
image_1628.jpg,320,480,0.6666666666666666,71.27276692708334,42.518828125,104.7366015625,35.0,20.0,129.0
image_8181.jpg,400,548,0.7299270072992701,97.63654653284672,28.942796532846714,135.4032299270073,134.0,24.0,122.0
image_4963.jpg,500,333,1.5015015015015014,70.58681081081082,89.01506306306307,85.76744144144145,22.0,82.0,67.0
image_6812.jpg,80,80,1.0,0.0,0.0,214.609375,0.0,0.0,255.0
image_6806.jpg,80,80,1.0,0.0,0.0,214.609375,0.0,0.0,255.0
image_4977.jpg,474,316,1.5,49.53631896597768,74.63289803984404,142.16575201623672,42.0,61.0,143.0
image_8195.jpg,640,427,1.4988290398126465,85.62928864168619,78.19231557377049,119.25339578454333,68.0,81.0,95.0
image_4787.jpg,720,720,1.0,42.89276813271605,37.803327546296295,190.0435011574074,20.0,26.0,219.0
image_534.jpg,640,480,1.3333333333333333,62.6146484375,103.60840169270833,122.28548502604167,54.0,106.0,117.0
image_6190.jpg,480,720,0.6666666666666666,66.4946730324074,119.2226736111111,151.50714988425926,22.0,115.0,164.0
image_1827.jpg,1080,720,1.5,84.88293595679012,50.709904835390944,168.80896604938272,103.0,40.0,184.0
image_1199.jpg,600,400,1.5,37.5678,156.519875,158.194975,29.0,154.0,173.0
image_8803.jpg,600,600,1.0,21.808058333333335,35.13086388888889,239.15263611111112,0.0,0.0,255.0
image_252.jpg,350,460,0.7608695652173914,69.67251552795031,175.7641304347826,199.70593167701864,29.0,183.0,226.0
image_2490.jpg,236,238,0.9915966386554622,86.18733086454921,92.39988961686369,108.90702891326022,47.0,88.0,106.0
image_246.jpg,640,480,1.3333333333333333,91.7686328125,64.01554036458333,165.77465169270835,47.0,49.0,168.0
image_3942.jpg,450,360,1.25,28.56248765432099,244.58144444444446,109.04773456790123,27.0,252.0,105.0
image_2484.jpg,999,666,1.5,123.91484577670764,210.83879074269464,140.9469138808478,146.0,249.0,147.0
image_8817.jpg,450,450,1.0,124.42686419753086,74.75673086419754,147.42125432098766,137.0,78.0,144.0
image_6184.jpg,600,450,1.3333333333333333,31.213444444444445,128.82572592592592,102.48905555555555,20.0,133.0,86.0
image_1833.jpg,678,381,1.779527559055118,74.96765614475181,99.84893425932378,103.89809459658251,62.0,100.0,108.0
image_520.jpg,340,270,1.2592592592592593,50.188562091503265,50.29119825708061,200.36666666666667,31.0,33.0,230.0
image_5102.jpg,600,450,1.3333333333333333,27.285162962962964,117.23462592592593,158.57552592592592,26.0,135.0,171.0
image_3573.jpg,240,160,1.5,91.24984375,92.30388020833334,198.31122395833333,49.0,93.0,229.0
image_7715.jpg,500,720,0.6944444444444444,0.0,0.0,148.44158333333334,0.0,0.0,164.0
image_9738.jpg,450,333,1.3513513513513513,83.66381715048382,55.383610276943614,214.65504838171506,0.0,0.0,255.0
image_1364.jpg,640,480,1.3333333333333333,137.83963541666665,26.588170572916667,127.44764322916667,170.0,11.0,129.0
image_1402.jpg,538,720,0.7472222222222222,115.01057672449402,46.85545745559686,122.93020962412227,157.0,13.0,139.0
image_8340.jpg,275,275,1.0,152.03571570247934,13.091847933884297,202.45205950413222,155.0,11.0,204.0
image_7073.jpg,450,450,1.0,101.38006913580247,45.001486419753085,239.65431604938271,59.0,26.0,254.0
image_3215.jpg,624,593,1.0522765598650927,45.863500994508584,183.8900878842911,194.342473083409,20.0,178.0,222.0
image_905.jpg,800,488,1.639344262295082,78.4097361680328,152.68446721311474,90.71072489754098,61.0,161.0,73.0
image_3201.jpg,1100,615,1.7886178861788617,92.42838876570583,31.32949297856615,118.31089283074648,70.0,9.0,123.0
image_5670.jpg,216,300,0.72,49.47996913580247,94.23254629629629,124.85683641975308,43.0,76.0,131.0
image_1416.jpg,790,593,1.3322091062394603,48.70927273891605,36.899556001451536,134.65341430614555,47.0,19.0,147.0
image_6379.jpg,600,456,1.3157894736842106,25.30987573099415,137.52921052631578,99.73806652046784,26.0,137.0,80.0
image_8354.jpg,238,250,0.952,73.4856974789916,127.46736134453782,234.61317647058823,18.0,121.0,247.0
image_7067.jpg,361,240,1.5041666666666667,131.76664358264082,197.93587257617727,218.14126269621423,203.0,251.0,248.0
image_8432.jpg,728,410,1.775609756097561,179.1355400696864,151.2573003216296,95.02938555347092,171.0,167.0,90.0
image_7701.jpg,620,350,1.7714285714285714,139.41177880184333,54.888396313364055,153.8378801843318,147.0,48.0,166.0
image_5116.jpg,474,653,0.7258805513016845,58.061850207739674,80.2519691653582,198.48885701177946,24.0,63.0,223.0
image_4208.jpg,980,551,1.778584392014519,71.90188895885032,88.88784214230157,181.23059742953444,28.0,24.0,194.0
image_3567.jpg,240,160,1.5,96.56546875,88.87041666666667,152.12700520833334,65.0,60.0,148.0
image_7729.jpg,736,485,1.5175257731958762,72.00420215150157,41.36158673240699,148.41997702823846,63.0,24.0,144.0
image_9704.jpg,960,720,1.3333333333333333,47.68912471064815,44.804655671296295,80.94958622685185,23.0,33.0,38.0
image_4220.jpg,480,480,1.0,43.61407552083333,59.248446180555554,199.1198828125,0.0,0.0,255.0
image_3229.jpg,200,250,0.8,90.46282,52.74096,141.40166,70.0,44.0,158.0
image_5880.jpg,250,250,1.0,33.255488,4.043552,235.5788,0.0,0.0,255.0
image_4546.jpg,480,720,0.6666666666666666,91.66918113425926,82.83480902777778,144.2078732638889,68.0,65.0,152.0
image_5658.jpg,250,167,1.4970059880239521,95.34483832335329,72.12443113772456,116.97794011976048,132.0,43.0,114.0
image_2137.jpg,464,720,0.6444444444444445,70.8784841954023,85.95643857758621,107.71471204501916,34.0,77.0,76.0
image_6351.jpg,316,480,0.6583333333333333,100.68660337552743,122.6342365506329,78.74038106540084,102.0,119.0,69.0
image_6345.jpg,639,640,0.9984375,83.25192194835681,56.56098640453834,166.34231954225353,42.0,30.0,169.0
image_9076.jpg,479,270,1.7740740740740741,30.56938065414057,217.99416995283383,236.69683754735948,29.0,253.0,254.0
image_5894.jpg,300,257,1.1673151750972763,72.02225680933851,41.8005317769131,156.10291828793774,24.0,22.0,170.0
image_939.jpg,1080,720,1.5,26.978654835390948,109.74204475308642,229.42382201646092,28.0,88.0,243.0
image_2123.jpg,750,580,1.293103448275862,37.30277701149425,59.66757471264368,211.99010804597702,29.0,43.0,216.0
image_2645.jpg,959,640,1.4984375,97.8059159932221,101.80607240615224,170.5621659932221,141.0,106.0,176.0
image_4234.jpg,187,250,0.748,33.711144385026735,120.18712299465241,75.38295187165775,11.0,100.0,50.0
image_9710.jpg,900,675,1.3333333333333333,75.38855308641975,151.00981069958848,101.3609547325103,72.0,153.0,78.0
image_9923.jpg,238,250,0.952,89.36927731092437,21.752050420168068,251.91648739495798,127.0,8.0,255.0
image_2876.jpg,215,160,1.34375,99.37037790697674,174.2996511627907,157.9726453488372,144.0,192.0,158.0
image_8397.jpg,400,261,1.5325670498084292,164.54818007662834,40.986417624521074,235.64496168582374,141.0,34.0,242.0
image_9089.jpg,238,250,0.952,33.50616806722689,76.8841512605042,194.11238655462185,15.0,75.0,212.0
image_2862.jpg,640,480,1.3333333333333333,64.12576497395834,96.46482747395834,139.554501953125,52.0,96.0,148.0
image_9937.jpg,320,338,0.9467455621301775,74.86235207100592,38.955020340236686,239.24388868343195,31.0,22.0,253.0
image_2692.jpg,620,372,1.6666666666666667,78.51547866805412,50.06131200138744,130.54050468262227,70.0,37.0,146.0
image_7932.jpg,640,399,1.6040100250626566,70.87403273809524,92.74985119047619,109.3828046679198,42.0,80.0,109.0
image_6392.jpg,720,720,1.0,16.404594907407407,32.74642168209876,230.4577237654321,0.0,0.0,255.0
image_736.jpg,450,375,1.2,124.25455407407408,104.15015703703703,93.82398814814815,104.0,77.0,75.0
image_5843.jpg,720,720,1.0,138.6214872685185,29.038260030864198,215.0677777777778,155.0,5.0,237.0
image_4585.jpg,450,300,1.5,33.34560740740741,32.49936296296296,228.01004444444445,0.0,0.0,255.0
image_5857.jpg,1024,683,1.499267935578331,53.84932913158858,47.202671749176424,138.52293849515007,25.0,33.0,137.0
image_4591.jpg,234,300,0.78,50.24480056980057,75.91242165242166,91.3485754985755,49.0,70.0,74.0
image_6386.jpg,924,655,1.4106870229007633,95.72583192888537,54.3238888338125,160.65464128746572,140.0,32.0,169.0
image_7926.jpg,700,467,1.4989293361884368,67.51707249923524,85.15944325481799,179.5893453655552,16.0,55.0,203.0
image_3598.jpg,300,300,1.0,26.328322222222223,65.64284444444445,147.76164444444444,25.0,46.0,146.0
image_2686.jpg,710,473,1.5010570824524312,126.61565673108419,121.48884554685407,127.74580889140339,153.0,127.0,138.0
image_5856.jpg,480,720,0.6666666666666666,110.10242766203703,101.70600405092593,78.70503182870371,134.0,83.0,46.0
image_723.jpg,290,406,0.7142857142857143,16.19536266349584,144.00172413793103,134.73074571088839,15.0,184.0,122.0
image_2687.jpg,400,456,0.8771929824561403,27.66816885964912,57.0362225877193,212.11819627192983,13.0,5.0,253.0
image_3599.jpg,800,600,1.3333333333333333,89.4249875,55.20800416666667,135.39120625,65.0,44.0,138.0
image_7927.jpg,324,216,1.5,98.61589791952446,80.14701931870141,109.59254972565158,152.0,80.0,101.0
image_7933.jpg,450,450,1.0,54.35355061728395,34.17064691358025,239.98352098765432,0.0,0.0,255.0
image_4584.jpg,260,195,1.3333333333333333,71.79907297830374,65.26785009861933,91.60621301775149,51.0,60.0,72.0
image_5842.jpg,499,575,0.8678260869565217,30.01530365077982,76.54465452644419,223.07352792541604,27.0,66.0,227.0
image_737.jpg,500,700,0.7142857142857143,112.82328857142858,48.07082857142857,190.29106,119.0,20.0,201.0
image_6393.jpg,720,720,1.0,32.548350694444444,62.405715663580246,220.0248013117284,25.0,51.0,230.0
image_9088.jpg,380,380,1.0,88.86270083102492,109.86127423822715,185.03617036011082,73.0,122.0,203.0
image_8396.jpg,878,720,1.2194444444444446,73.54314730447987,63.99788819286257,143.5209630473298,20.0,49.0,154.0
image_2863.jpg,508,720,0.7055555555555556,110.89821194225722,38.19625710848644,186.10512084426946,131.0,22.0,198.0
image_2877.jpg,450,450,1.0,51.380276543209874,100.36764938271605,140.3684938271605,25.0,99.0,153.0
image_9922.jpg,444,295,1.505084745762712,21.708306611696443,67.57983661627729,220.38484501450603,17.0,29.0,229.0
image_8382.jpg,1027,720,1.426388888888889,31.431664502867033,18.13385129287028,214.50753678459375,31.0,14.0,221.0
image_4553.jpg,480,720,0.6666666666666666,59.26008680555555,18.865613425925925,79.47183738425926,26.0,4.0,67.0
image_938.jpg,393,261,1.5057471264367817,121.53337622961209,83.90736353621324,141.36791358349663,142.0,65.0,118.0
image_5895.jpg,474,316,1.5,49.911085296159804,139.18232922074455,111.04300192276878,26.0,129.0,90.0
image_9077.jpg,200,200,1.0,53.711925,22.826375,214.220225,23.0,14.0,226.0
image_6344.jpg,198,298,0.6644295302013423,25.0115754864077,94.67558131652092,126.38363500779609,22.0,108.0,142.0
image_9711.jpg,720,450,1.6,111.5025462962963,58.51937654320988,130.3395,143.0,20.0,139.0
image_6422.jpg,236,333,0.7087087087087087,29.823077314602738,47.20225734208785,213.9083702346414,23.0,38.0,227.0
image_4235.jpg,500,548,0.9124087591240876,66.09832846715328,124.65812773722628,164.7122919708029,35.0,108.0,167.0
image_2644.jpg,320,240,1.3333333333333333,108.28154947916667,57.435859375,150.46759114583332,144.0,27.0,161.0
image_4221.jpg,427,285,1.4982456140350877,152.72790993878138,109.0200747771067,173.3473191174658,152.0,121.0,182.0
image_2888.jpg,1080,720,1.5,115.64640432098766,89.3001054526749,102.7718878600823,132.0,76.0,88.0
image_9705.jpg,600,456,1.3157894736842106,83.54932383040936,66.75597222222223,117.49828216374269,71.0,58.0,100.0
image_6436.jpg,300,300,1.0,45.27867777777778,134.23676666666665,189.39736666666667,14.0,154.0,200.0
image_7728.jpg,800,533,1.5009380863039399,57.686189024390245,103.08978893058162,129.90313555347092,27.0,94.0,121.0
image_9063.jpg,640,436,1.4678899082568808,89.49944810779816,77.52618262614679,125.64147792431193,57.0,61.0,115.0
image_6350.jpg,474,694,0.6829971181556196,27.65333053660672,128.48574885395007,98.13068009095441,23.0,124.0,96.0
image_2136.jpg,640,480,1.3333333333333333,47.71459309895833,107.514248046875,122.936748046875,53.0,98.0,124.0
image_5659.jpg,360,240,1.5,67.48630787037037,130.07628472222223,95.39520833333333,68.0,120.0,74.0
image_4547.jpg,600,438,1.36986301369863,23.201887366818873,152.51601598173517,183.22884703196348,23.0,161.0,193.0
image_5881.jpg,280,157,1.78343949044586,37.72488626023658,123.30891719745223,63.70161510464058,30.0,125.0,52.0
image_3228.jpg,185,277,0.6678700361010831,62.3785540052688,145.5466679676066,73.67134354571178,20.0,155.0,56.0
image_7066.jpg,480,720,0.6666666666666666,84.28292824074074,39.86934317129629,208.1162991898148,84.0,15.0,242.0
image_8355.jpg,450,338,1.331360946745562,119.61248520710059,31.772636423405654,127.29341222879684,134.0,25.0,116.0
image_6378.jpg,450,450,1.0,136.91186172839505,41.961738271604936,229.67984691358023,138.0,37.0,243.0
image_1417.jpg,455,646,0.7043343653250774,44.85534651107407,53.06249787364339,162.06373626373627,21.0,39.0,166.0
image_5671.jpg,900,642,1.4018691588785046,91.12991173416407,118.88097784700588,111.37067843544479,138.0,112.0,108.0
image_3200.jpg,960,720,1.3333333333333333,0.0,0.0,125.27450376157407,0.0,0.0,130.0
image_3566.jpg,236,208,1.1346153846153846,28.99036424380704,130.00545958279008,181.78397979139504,11.0,146.0,192.0
image_4209.jpg,530,720,0.7361111111111112,122.25543763102725,126.07881289308176,116.28922693920336,34.0,156.0,104.0
image_5117.jpg,480,720,0.6666666666666666,96.72134259259259,33.674366319444445,149.41592303240742,142.0,17.0,153.0
image_1371.jpg,340,270,1.2592592592592593,45.368191721132895,90.92605664488018,171.97150326797384,22.0,69.0,180.0
image_7700.jpg,300,240,1.25,72.47208333333333,57.70597222222222,203.66170833333334,42.0,40.0,226.0
image_8433.jpg,236,354,0.6666666666666666,106.69402949344058,59.24834817581155,143.91969501101215,147.0,56.0,182.0
image_1365.jpg,423,564,0.75,46.99965209664168,76.97355096155458,159.48678386399075,12.0,73.0,173.0
image_9739.jpg,533,720,0.7402777777777778,81.6508104023348,106.28019335001042,106.97329320408589,28.0,86.0,87.0
image_7714.jpg,638,480,1.3291666666666666,71.39326018808778,120.56827978056427,44.88993926332289,49.0,93.0,20.0
image_8427.jpg,275,183,1.5027322404371584,37.31866865375062,63.60180824639841,151.5672131147541,34.0,39.0,160.0
image_3572.jpg,600,400,1.5,55.28143333333333,75.7254,121.94939166666667,42.0,68.0,122.0
image_5103.jpg,736,377,1.9522546419098143,55.374578335832084,73.41026842348057,146.3593984257871,40.0,60.0,157.0
image_3214.jpg,232,179,1.2960893854748603,86.37292910807166,19.702465806203044,131.47469177422462,42.0,14.0,128.0
image_910.jpg,259,194,1.3350515463917525,54.99120327986307,72.03484854515783,149.5432870278231,28.0,61.0,152.0
image_7072.jpg,700,525,1.3333333333333333,55.094742857142855,157.95584761904763,138.0385006802721,14.0,184.0,131.0
image_8341.jpg,600,600,1.0,28.636825,178.21218055555556,158.23698611111112,29.0,194.0,169.0
image_1403.jpg,400,319,1.2539184952978057,150.01025078369906,93.67931818181818,120.33755485893417,140.0,92.0,114.0
image_8816.jpg,250,375,0.6666666666666666,41.60189866666666,55.795509333333335,188.675744,20.0,59.0,227.0
image_2485.jpg,450,320,1.40625,109.87111805555556,132.2684375,223.18379861111111,40.0,104.0,251.0
image_3943.jpg,250,250,1.0,48.586768,82.721808,212.92896,35.0,84.0,228.0
image_247.jpg,540,720,0.75,42.38003086419753,148.33889917695473,164.1205838477366,23.0,147.0,174.0
image_521.jpg,427,640,0.6671875,64.19919130562062,90.90135026346604,131.9239424765808,51.0,81.0,128.0
image_4792.jpg,340,270,1.2592592592592593,115.05257080610022,61.72884531590414,146.37175381263617,148.0,60.0,141.0
image_1832.jpg,390,260,1.5,82.1445956607495,81.39476331360947,164.06021696252466,57.0,60.0,163.0
image_6185.jpg,300,281,1.0676156583629892,127.88198102016608,63.53880189798339,180.70869513641756,170.0,63.0,210.0
image_1826.jpg,299,450,0.6644444444444444,57.50132292827945,131.39353400222964,111.51658862876255,18.0,125.0,111.0
image_6191.jpg,1039,720,1.4430555555555555,33.57093626350123,52.95324430542188,219.89984226285958,34.0,44.0,226.0
image_535.jpg,200,150,1.3333333333333333,113.50413333333333,41.947833333333335,116.70016666666666,152.0,32.0,124.0
image_4786.jpg,770,513,1.5009746588693957,45.527768917242604,114.5966203387256,102.43331814384446,22.0,127.0,95.0
image_3957.jpg,480,720,0.6666666666666666,82.22174768518518,57.81609085648148,192.77618923611112,50.0,48.0,219.0
image_253.jpg,1080,720,1.5,110.70682998971193,125.86073559670781,184.20729681069957,126.0,116.0,195.0
image_1198.jpg,312,312,1.0,71.27205580210388,68.36726454635108,118.87325361604208,55.0,60.0,115.0
image_8802.jpg,960,720,1.3333333333333333,115.48561921296296,84.16149016203704,114.25777633101852,136.0,82.0,95.0
image_6807.jpg,238,250,0.952,96.70159663865546,182.61468907563025,205.1386218487395,130.0,231.0,219.0
image_8194.jpg,736,490,1.5020408163265306,54.30288098935226,65.84339784826975,132.69027839396628,24.0,58.0,131.0
image_4976.jpg,450,428,1.0514018691588785,78.63941848390446,160.49952232606438,184.985005192108,61.0,185.0,185.0
image_509.jpg,720,720,1.0,80.69932677469136,37.53104166666667,193.5335127314815,0.0,0.0,255.0
image_4962.jpg,170,128,1.328125,49.02651654411765,47.10845588235294,215.83442095588236,42.0,5.0,241.0
image_6813.jpg,480,360,1.3333333333333333,41.25735532407408,156.59774305555555,173.60938657407408,4.0,189.0,200.0
image_2446.jpg,244,160,1.525,154.05476434426228,62.72297643442623,233.96260245901638,145.0,8.0,245.0
image_3980.jpg,240,300,0.8,36.340875,33.63151388888889,190.81818055555556,14.0,14.0,201.0
image_5329.jpg,960,720,1.3333333333333333,80.20356770833334,96.23661747685185,96.46863570601852,62.0,87.0,93.0
image_284.jpg,240,160,1.5,105.43388020833333,77.327578125,149.13619791666667,134.0,55.0,157.0
image_4037.jpg,960,540,1.7777777777777777,106.68482831790124,144.42151041666668,130.1108699845679,124.0,157.0,144.0
image_3758.jpg,213,237,0.8987341772151899,73.00101028109586,44.47546601691726,137.96475901824448,42.0,29.0,163.0
image_6620.jpg,480,720,0.6666666666666666,24.60364872685185,38.42365451388889,202.6984664351852,19.0,24.0,213.0
image_9513.jpg,363,352,1.03125,95.45987509391435,83.94396443776608,142.1714328199349,122.0,79.0,143.5
image_1629.jpg,236,342,0.6900584795321637,76.31669392407572,72.53273367033403,150.3138195063931,63.0,61.0,155.0
image_6146.jpg,921,569,1.6186291739894552,25.82538655736391,47.63642331156056,198.54308852798115,25.0,46.0,211.0
image_9275.jpg,320,320,1.0,60.91212890625,127.217578125,109.917197265625,31.0,130.0,116.0
image_7258.jpg,514,720,0.7138888888888889,86.98763240380458,40.53701902291397,211.713156614786,34.0,18.0,216.0
image_4751.jpg,213,160,1.33125,4.270041079812207,2.681807511737089,157.86713615023473,0.0,0.0,159.0
image_2320.jpg,379,582,0.6512027491408935,78.08100989219233,122.55656049107345,80.35409242988875,81.0,114.0,56.0
image_4989.jpg,360,240,1.5,152.95483796296296,102.0284837962963,186.94909722222224,157.0,82.0,209.0
image_4745.jpg,768,512,1.5,41.99794260660807,94.73708597819011,206.30814107259116,28.0,88.0,218.0
image_2334.jpg,300,199,1.5075376884422111,112.53373534338358,118.11671691792294,141.61832495812396,156.0,99.0,125.0
image_6152.jpg,640,431,1.4849187935034802,136.74996374709977,77.06433439675175,165.30748984918793,146.0,82.0,170.0
image_9261.jpg,353,500,0.706,50.35125779036827,105.64813031161474,135.2175580736544,28.0,113.0,141.0
image_8619.jpg,658,720,0.9138888888888889,19.405458459979737,133.95147331982437,155.2071196386356,16.0,136.0,165.0
image_6634.jpg,400,487,0.8213552361396304,100.30285934291581,60.90158110882957,163.80633470225874,124.0,47.0,153.0
image_9507.jpg,720,720,1.0,102.35612847222222,43.60049189814815,229.75501543209876,151.0,44.0,236.0
image_2452.jpg,626,418,1.4976076555023923,134.47431095892506,66.56225828148646,226.06476909671798,136.0,59.0,234.0
image_3994.jpg,1138,640,1.778125,82.53448621485062,54.27776252196836,145.63655124121266,72.0,48.0,143.0
image_290.jpg,290,300,0.9666666666666667,120.99910344827586,77.78287356321839,159.7176091954023,154.0,21.0,162.0
image_4023.jpg,652,489,1.3333333333333333,143.06817155331402,101.07304879119776,169.395075087508,156.0,95.0,183.0
image_8631.jpg,450,338,1.331360946745562,16.767179487179487,114.71627218934911,218.0267258382643,18.0,103.0,220.0
image_7502.jpg,800,533,1.5009380863039399,52.12434803001876,121.13295028142589,151.5170684803002,29.0,115.0,172.0
image_5315.jpg,720,720,1.0,101.13512538580247,57.667054398148146,150.16392168209876,116.0,19.0,177.0
image_3764.jpg,236,329,0.7173252279635258,31.465947143372315,26.49680593477925,224.9512518674978,21.0,17.0,231.0
image_3002.jpg,170,250,0.68,89.74190588235294,22.946823529411766,202.48042352941175,106.0,21.0,199.0
image_5473.jpg,865,500,1.73,54.0322612716763,113.20083005780347,116.29148670520232,20.0,123.0,116.0
image_1615.jpg,340,270,1.2592592592592593,100.35093681917212,77.11605664488017,150.73831154684095,60.0,56.0,157.0
image_8157.jpg,180,240,0.75,159.9032638888889,168.61645833333333,43.36282407407408,175.0,180.0,14.0
image_7264.jpg,1082,720,1.5027777777777778,49.627168052988296,210.59557917436845,96.60413971041281,49.0,236.0,93.0
image_1601.jpg,300,300,1.0,24.35531111111111,181.74942222222222,127.92523333333334,12.0,214.0,128.0
image_7270.jpg,1084,720,1.5055555555555555,96.82016451414515,110.75549661746618,192.1494311193112,131.0,92.0,229.0
image_3016.jpg,192,180,1.0666666666666667,79.35416666666667,59.51125578703704,102.48015046296297,42.0,30.0,104.0
image_2308.jpg,720,720,1.0,106.9437037037037,125.80435185185185,128.35201195987653,73.0,117.0,115.0
image_5301.jpg,474,711,0.6666666666666666,28.900585732343462,118.76048472763743,145.7359041464153,22.0,95.0,156.0
image_3770.jpg,640,532,1.2030075187969924,31.39715695488722,70.4453594924812,128.346446193609,23.0,65.0,126.0
image_8625.jpg,228,192,1.1875,98.55340826023392,100.51473410087719,158.918242872807,62.0,102.0,163.0
image_7516.jpg,500,500,1.0,160.378952,96.335756,201.994796,242.0,134.0,191.0
image_6608.jpg,626,401,1.5610972568578554,70.0115685227825,123.03789647287532,111.04233426019616,41.0,107.0,109.0
image_1167.jpg,340,270,1.2592592592592593,40.989651416122,102.44705882352942,147.8063834422658,24.0,96.0,165.0
image_7489.jpg,700,525,1.3333333333333333,91.5016462585034,141.037031292517,165.78512108843537,79.0,139.0,173.0
image_8962.jpg,287,430,0.6674418604651163,25.098776436269347,89.83186937849445,136.5056802528158,18.0,87.0,137.0
image_6797.jpg,236,236,1.0,59.98139902326918,23.74288997414536,156.79869290433783,49.0,7.0,190.0
image_3837.jpg,213,160,1.33125,40.62230046948357,56.34879694835681,194.1862969483568,28.0,50.0,205.0
image_333.jpg,550,458,1.2008733624454149,21.641052004763797,80.45589122667725,174.46845573640334,19.0,54.0,177.0
image_4180.jpg,480,720,0.6666666666666666,25.85960648148148,166.42733506944444,80.40187789351852,25.0,176.0,65.0
image_3189.jpg,669,446,1.5,68.988913243111,77.65099505989127,127.25459658013098,24.0,70.0,106.0
image_2297.jpg,700,650,1.0769230769230769,107.24467692307692,77.42662197802198,118.38932087912087,127.0,58.0,128.0
image_455.jpg,236,354,0.6666666666666666,109.36331753327588,76.44703389830508,173.7644355070382,155.0,41.0,194.0
image_1952.jpg,600,399,1.5037593984962405,102.2053007518797,65.85516290726817,162.80745614035087,135.0,49.0,164.0
image_441.jpg,1080,720,1.5,34.56241255144033,103.96660108024692,86.8546283436214,19.0,104.0,62.0
image_3823.jpg,200,150,1.3333333333333333,115.05976666666666,42.575966666666666,104.686,136.0,23.0,83.0
image_4194.jpg,200,200,1.0,120.6611,126.077325,158.41565,146.0,130.0,153.0
image_8976.jpg,400,306,1.3071895424836601,33.27720588235294,139.22924019607842,111.80422385620915,26.0,145.0,107.0
image_6783.jpg,387,218,1.775229357798165,103.74380674679374,86.39400943508048,155.00742005073133,32.0,70.0,163.0
image_8786.jpg,412,549,0.7504553734061931,75.09274585742834,105.86527578828232,126.06150635754328,34.0,108.0,114.0
image_9498.jpg,200,267,0.7490636704119851,153.4330711610487,82.1402808988764,135.21960674157305,240.0,69.0,139.0
image_4802.jpg,333,240,1.3875,95.41495245245245,133.24486986986986,221.7421046046046,79.0,134.0,241.0
image_469.jpg,400,500,0.8,60.726665,122.491335,104.79063,21.0,122.0,94.0
image_4816.jpg,1080,720,1.5,134.04476980452674,119.89518518518518,199.7498058127572,141.0,118.0,215.0
image_8792.jpg,487,720,0.6763888888888889,142.77321754506045,95.24591033538672,99.56263404061146,228.0,83.0,82.0
image_6967.jpg,620,428,1.4485981308411215,119.38762435936087,49.49488619234248,138.48968947844438,148.0,43.0,156.0
image_4143.jpg,502,377,1.3315649867374004,132.06734335866085,119.31463535777316,124.61372546947489,148.0,134.0,135.0
image_2532.jpg,564,509,1.1080550098231827,120.72993214340454,37.23615349245496,157.18286446794576,136.0,26.0,159.0
image_6754.jpg,236,236,1.0,179.61821315713874,151.14144642344155,118.29099037632864,195.0,158.0,105.0
image_9467.jpg,1024,683,1.499267935578331,123.78922120927892,107.17131880261714,177.8990923545022,154.0,99.0,183.0
image_8779.jpg,660,373,1.769436997319035,106.95520757169551,55.13031115443984,157.13283369891948,140.0,36.0,174.0
image_48.jpg,350,233,1.502145922746781,69.7271489883507,50.15649294911098,150.08855916615573,48.0,47.0,162.0
image_1985.jpg,500,333,1.5015015015015014,117.85423423423424,62.787597597597596,101.1978978978979,143.0,51.0,85.0
image_6032.jpg,241,183,1.3169398907103824,54.78960614924155,91.87436228827971,214.79940140126521,21.0,46.0,224.0
image_9301.jpg,495,418,1.1842105263157894,111.2568121405442,62.3117877337973,211.71274467159634,51.0,9.0,229.0
image_2254.jpg,400,360,1.1111111111111112,166.52802083333333,97.47125694444445,129.45560416666666,170.0,77.0,143.0
image_496.jpg,450,300,1.5,118.0362,75.12685185185185,117.6846962962963,148.0,75.0,96.0
image_4625.jpg,233,174,1.339080459770115,66.56834887277391,36.29892457204874,126.99928469241775,54.0,27.0,127.0
image_2240.jpg,236,418,0.5645933014354066,89.97837766604492,119.97346119536128,127.19990268429163,27.0,122.0,129.0
image_482.jpg,480,270,1.7777777777777777,98.56148148148148,114.8404475308642,81.67493827160494,138.0,115.0,53.0
image_4631.jpg,480,720,0.6666666666666666,134.63933449074074,55.802711226851855,191.29657407407407,151.0,33.0,206.0
image_7338.jpg,427,285,1.4982456140350877,108.13875672788528,78.35593902789762,148.5196433707219,151.0,85.0,163.0
image_9315.jpg,360,360,1.0,113.16246141975309,96.09385802469136,153.2403549382716,84.0,90.0,152.0
image_1749.jpg,710,528,1.3446969696969697,36.720363849765256,76.27566954758856,225.09606007255655,34.0,8.0,244.0
image_6740.jpg,560,560,1.0,66.09388711734694,151.07235012755103,140.8096524234694,53.0,172.0,139.0
image_9473.jpg,306,207,1.4782608695652173,31.748713333964826,73.36596570995547,165.62752991695874,21.0,50.0,175.0
image_6998.jpg,450,300,1.5,16.287488888888888,211.6195111111111,109.58367407407407,12.0,233.0,68.0
image_3638.jpg,450,450,1.0,44.32845432098765,199.0882222222222,194.117412345679,45.0,233.0,195.0
image_9.jpg,107,160,0.66875,25.615946261682243,76.65852803738318,189.0533878504673,23.0,51.5,199.0
image_4157.jpg,500,500,1.0,147.182052,64.224208,226.277592,164.0,28.0,247.0
image_5249.jpg,500,256,1.953125,38.1252734375,126.7295234375,101.8452890625,17.0,131.0,96.0
image_2526.jpg,1000,667,1.4992503748125936,114.43861469265367,114.6305712143928,139.59504497751124,162.0,127.0,133.0
image_1007.jpg,236,157,1.5031847133757963,47.58107524560078,59.39962755046961,114.31866026125445,36.0,49.0,118.0
image_6768.jpg,672,378,1.7777777777777777,106.71484473418997,98.1732528659612,129.95911281179139,144.0,68.0,132.0
image_8745.jpg,280,350,0.8,53.098244897959184,124.68086734693877,168.1962755102041,23.0,141.0,191.0
image_7476.jpg,80,80,1.0,0.0,0.0,214.609375,0.0,0.0,255.0
image_3610.jpg,530,720,0.7361111111111112,98.82770178197065,113.29517033542977,136.99905136268345,141.0,118.0,149.0
image_5261.jpg,400,399,1.0025062656641603,39.76042606516291,156.7760902255639,190.64936090225564,27.0,162.0,195.0
image_2268.jpg,720,720,1.0,82.02296682098765,51.82259259259259,163.2247800925926,79.0,38.0,172.0
image_5507.jpg,512,512,1.0,53.275760650634766,95.59986114501953,108.35000228881836,15.0,97.0,91.0
image_4619.jpg,168,160,1.05,85.02808779761905,41.76521577380952,169.61521577380952,36.0,26.0,196.0
image_3176.jpg,236,378,0.6243386243386243,57.8355864944848,23.095910680656445,211.13820509371357,42.0,2.0,234.0
image_8023.jpg,301,350,0.86,43.47887043189369,72.7442904603702,180.07463692453726,20.0,33.0,213.0
image_74.jpg,650,296,2.195945945945946,116.0923076923077,42.45131496881497,103.31691787941789,150.0,36.0,92.0
image_1761.jpg,480,720,0.6666666666666666,120.19254050925926,104.44320023148148,210.20533564814815,145.0,47.0,230.0
image_60.jpg,474,290,1.6344827586206896,23.73448275862069,98.55106212716427,195.45242979775935,22.0,110.0,205.0
image_7304.jpg,1080,720,1.5,88.00618955761317,79.39825745884774,157.08981995884773,31.0,34.0,167.0
image_9329.jpg,236,453,0.5209713024282561,28.685262094511167,87.57395143487858,144.61171287462116,27.0,71.0,145.0
image_1775.jpg,250,250,1.0,53.537152,18.613072,236.231408,1.0,1.0,255.0
image_5513.jpg,420,640,0.65625,100.956796875,57.42786830357143,151.57575148809525,61.0,10.0,156.0
image_3162.jpg,337,450,0.7488888888888889,45.764055390702275,118.7401978239367,175.68272997032642,29.0,137.0,191.0
image_5275.jpg,750,500,1.5,36.676808,83.43268533333334,199.47358133333333,18.0,61.0,239.0
image_8989.jpg,800,450,1.7777777777777777,126.5618638888889,97.42198611111111,55.56528055555555,138.0,90.0,48.0
image_8751.jpg,600,336,1.7857142857142858,74.36540178571428,49.7796130952381,139.70820932539684,41.0,42.0,126.0
image_7462.jpg,600,471,1.2738853503184713,23.534964614295824,98.85429228591649,245.61402335456475,0.0,0.0,255.0
image_657.jpg,1160,624,1.858974358974359,37.18090047524315,68.65371905393457,170.89890445402298,15.0,42.0,185.0
image_2095.jpg,352,352,1.0,123.91780733471074,48.658445247933884,78.25259071539256,158.0,39.0,55.0
image_5922.jpg,600,600,1.0,39.37992777777778,107.61741666666667,128.14232777777778,33.0,99.0,128.0
image_4382.jpg,241,338,0.7130177514792899,48.052517861965676,77.53848609099168,103.49548233445456,12.0,29.0,66.0
image_131.jpg,236,314,0.7515923566878981,57.976951311670085,78.15460703875634,118.71786948072979,29.0,64.0,114.0
image_6595.jpg,380,252,1.507936507936508,28.966948621553886,81.36648913951545,97.68999582289057,20.0,67.0,90.0
image_7853.jpg,977,673,1.451708766716196,95.34852575050834,167.06528156515154,153.4023476056278,30.0,179.0,169.0
image_6581.jpg,385,576,0.6684027777777778,170.41915133477633,122.06028138528139,110.41334325396825,228.0,115.0,98.0
image_7847.jpg,197,220,0.8954545454545455,104.41317489616982,86.05652976465159,129.76179049377018,101.0,76.0,108.0
image_4396.jpg,696,391,1.7800511508951407,92.11708483993297,58.79375385836494,225.3707190522386,27.0,30.0,242.0
image_125.jpg,340,270,1.2592592592592593,52.84437908496732,53.522581699346404,135.56252723311547,27.0,48.0,150.0
image_5088.jpg,700,700,1.0,94.72471428571428,112.44444081632653,183.61462448979591,86.0,113.0,211.0
image_643.jpg,238,250,0.952,23.95741176470588,10.813663865546218,249.20278991596638,0.0,0.0,255.0
image_2081.jpg,677,380,1.7815789473684212,66.93958252351706,61.14949467464822,169.24188758454483,28.0,37.0,182.0
image_5936.jpg,960,720,1.3333333333333333,179.3272265625,69.62468605324074,44.54055700231481,198.0,47.0,22.0
image_1588.jpg,450,435,1.0344827586206897,132.47856960408686,108.02338186462325,205.37331800766285,141.0,79.0,242.0
image_9842.jpg,300,300,1.0,68.99935555555555,92.5496,130.59753333333333,26.0,66.0,127.0
image_8584.jpg,236,270,0.8740740740740741,51.57526679221594,115.3572033898305,147.85998116760828,22.0,89.0,121.0
image_2917.jpg,238,250,0.952,15.756806722689076,6.134823529411765,238.78542857142858,0.0,0.0,255.0
image_2903.jpg,300,225,1.3333333333333333,78.0982962962963,78.39087407407408,108.68825185185185,70.0,67.0,105.0
image_9856.jpg,225,169,1.331360946745562,81.1743852728468,45.609677843524,85.227902695595,54.0,36.0,55.0
image_8590.jpg,928,720,1.288888888888889,40.06907028256705,40.37088421934866,108.81434985632184,0.0,0.0,1.0
image_3348.jpg,474,305,1.5540983606557377,137.1240022134606,150.45348965898873,196.36711627585254,131.0,123.0,209.0
image_4427.jpg,170,170,1.0,27.977024221453288,45.49145328719723,238.74930795847752,0.0,0.0,254.0
image_694.jpg,673,560,1.2017857142857142,104.6629935257907,63.5209562725536,128.59889885374656,80.0,53.0,111.0
image_5739.jpg,400,267,1.4981273408239701,70.38535580524345,90.96005617977528,187.3488202247191,50.0,57.0,218.0
image_2056.jpg,500,351,1.4245014245014245,37.67080911680912,54.879578347578345,152.6962735042735,24.0,41.0,168.0
image_9103.jpg,540,720,0.75,41.76966820987654,152.22451131687242,134.39809413580247,41.0,155.0,128.0
image_6230.jpg,320,480,0.6666666666666666,70.88984375,22.579348958333334,186.55720052083333,26.0,2.0,252.0
image_7648.jpg,600,404,1.4851485148514851,136.25392739273929,67.80712458745874,115.52322194719471,149.0,58.0,130.0
image_9665.jpg,454,340,1.3352941176470587,119.61310572687225,40.454418243068154,163.01426535371857,147.0,32.0,165.0
image_6556.jpg,400,600,0.6666666666666666,29.198475,159.796525,97.52114166666667,22.0,161.0,85.0
image_1239.jpg,314,450,0.6977777777777778,26.21588110403397,52.52738145789101,86.62041047416844,0.0,0.0,56.0
image_2730.jpg,450,450,1.0,133.1818962962963,134.42118518518518,59.721367901234565,116.0,145.0,7.0
image_4341.jpg,400,600,0.6666666666666666,63.993375,98.02405,88.12819166666667,29.0,85.0,73.0
image_2724.jpg,236,163,1.4478527607361964,92.23999168139753,86.26843090360819,140.7834043880628,49.0,74.0,143.0
image_4355.jpg,360,240,1.5,56.66042824074074,149.17528935185186,137.16703703703703,18.0,170.0,151.0
image_6542.jpg,720,720,1.0,85.40191550925925,71.4033487654321,168.52169945987654,89.0,59.0,180.0
image_7884.jpg,236,177,1.3333333333333333,73.4768026429187,71.88813080532414,147.94077372402566,23.0,61.0,143.0
image_6224.jpg,450,450,1.0,53.58551604938272,68.93156543209876,128.52253827160493,23.0,57.0,126.0
image_8209.jpg,480,720,0.6666666666666666,50.843153935185185,100.56404803240741,156.27848379629629,19.0,95.0,174.0
image_858.jpg,300,186,1.6129032258064515,28.6021146953405,85.40440860215054,151.4670071684588,13.0,68.0,160.0
image_2042.jpg,750,500,1.5,111.852288,100.75722133333333,170.24468,130.0,86.0,166.0
image_7112.jpg,900,600,1.5,23.97689259259259,195.33413703703704,148.8696148148148,14.0,209.0,158.0
image_8221.jpg,450,450,1.0,90.66201975308643,110.76246419753086,158.79423703703705,142.0,98.0,211.0
image_3374.jpg,240,240,1.0,134.04401041666668,150.80609375,176.29697916666666,143.0,143.0,202.0
image_870.jpg,960,720,1.3333333333333333,64.82350549768519,19.584714988425926,146.1984476273148,30.0,19.0,168.0
image_5705.jpg,450,450,1.0,44.02645925925926,47.825427160493824,212.9431901234568,0.0,0.0,255.0
image_3412.jpg,230,230,1.0,40.08856332703213,107.31124763705104,212.68973534971644,24.0,68.0,223.0
image_9881.jpg,480,720,0.6666666666666666,31.872294560185185,77.589921875,151.32936342592592,16.0,72.0,167.0
image_7674.jpg,315,450,0.7,77.89951322751322,138.72941093474427,201.51426455026456,56.0,138.0,234.0
image_8547.jpg,533,300,1.7766666666666666,113.93290806754221,103.28650406504065,94.73859912445279,158.0,98.0,72.0
image_9659.jpg,236,278,0.8489208633093526,57.67159492744787,102.5573710523107,192.14245213998294,29.0,87.0,214.0
image_9895.jpg,236,176,1.3409090909090908,75.4271716101695,58.03551136363637,118.27566448382126,28.0,39.0,116.0
image_8553.jpg,930,620,1.5,54.40933576135969,72.29946063128685,169.40630939993062,23.0,54.0,178.0
image_1211.jpg,236,177,1.3333333333333333,39.050344728526284,82.79182227329312,177.72431293689553,24.0,75.0,178.0
image_5077.jpg,380,380,1.0,29.911606648199445,61.82576869806094,240.25159279778393,0.0,0.0,255.0
image_4369.jpg,634,634,1.0,87.66896874284748,47.312121227199,85.56238991332384,35.0,32.0,74.0
image_3406.jpg,474,266,1.781954887218045,90.30259985406555,50.63641699184671,146.62977856032487,56.0,35.0,164.0
image_3360.jpg,142,142,1.0,173.38727435032732,67.83673874231303,104.86897440983931,233.0,53.0,77.0
image_864.jpg,450,368,1.2228260869565217,37.763592995169084,95.63083333333333,210.40062198067633,51.0,11.0,255.0
image_5711.jpg,380,253,1.5019762845849802,111.84729561056793,187.03083003952568,134.8291137923861,137.0,244.0,149.0
image_1577.jpg,334,500,0.668,70.61273652694611,151.01728143712575,77.62383233532934,47.0,145.0,54.0
image_6218.jpg,481,720,0.6680555555555555,32.301798914298914,48.472025872025874,185.8574410949411,29.0,36.0,200.0
image_7106.jpg,474,266,1.781954887218045,123.0361663652803,81.15937787506742,116.14284128041623,73.0,58.0,127.0
image_8235.jpg,238,300,0.7933333333333333,29.38673669467787,90.04887955182073,83.29603641456583,28.0,69.0,81.0
image_684.jpg,450,300,1.5,165.3341851851852,195.45566666666667,210.58024444444445,252.0,211.0,232.0
image_2046.jpg,1200,720,1.6666666666666667,73.99392708333333,112.09905555555555,131.81329166666666,20.0,88.0,117.0
image_3358.jpg,260,195,1.3333333333333333,80.13189349112426,23.816410256410258,153.8328402366864,47.0,4.0,161.0
image_6220.jpg,960,720,1.3333333333333333,38.47567418981482,108.4387181712963,134.61520399305556,21.0,99.0,134.0
image_9113.jpg,576,720,0.8,135.7448784722222,66.77807436342593,177.09502555941359,155.0,52.0,187.0
image_6546.jpg,330,446,0.7399103139013453,56.52943334692213,74.40480364179916,193.95537437151788,12.0,39.0,207.0
image_9675.jpg,200,200,1.0,107.377,83.005275,217.842,106.0,52.0,248.0
image_7880.jpg,480,720,0.6666666666666666,50.18352430555556,57.18436921296296,134.5108420138889,21.0,49.0,129.0
image_1229.jpg,900,675,1.3333333333333333,35.40549300411523,129.47519341563785,142.92938436213993,32.0,136.0,139.0
image_7658.jpg,720,720,1.0,45.90034143518518,30.558989197530863,248.36386574074075,0.0,0.0,255.0
image_4351.jpg,236,273,0.8644688644688645,58.45354504252809,54.6771589991929,175.5291488172844,26.0,41.0,188.0
image_2720.jpg,588,360,1.6333333333333333,49.542554799697655,114.04899376417234,162.3110685941043,30.0,129.0,157.0
image_4345.jpg,474,707,0.6704384724186704,61.30233828084436,52.26160635955097,131.27226529162863,27.0,20.0,156.0
image_2734.jpg,735,588,1.25,89.42231709010134,87.57643805821648,124.10532879818594,64.0,84.0,129.0
image_6552.jpg,450,298,1.5100671140939597,119.06093959731544,46.07401193139448,173.4134302759135,159.0,14.0,203.0
image_9661.jpg,320,320,1.0,51.934794921875,78.36505859375,184.50298828125,21.0,69.0,218.0
image_7894.jpg,713,720,0.9902777777777778,97.3166471871591,62.34964547296244,143.43172627395978,119.0,40.0,157.0
image_8219.jpg,720,720,1.0,25.15898726851852,28.460877700617285,234.4585976080247,0.0,0.0,255.0
image_6234.jpg,444,600,0.74,35.05072447447447,31.17116741741742,134.8520045045045,11.0,26.0,125.0
image_9107.jpg,720,720,1.0,81.90672646604938,45.92783950617284,234.73271797839507,10.0,6.0,254.0
image_690.jpg,540,720,0.75,48.2832433127572,81.45198559670781,144.31672067901235,28.0,63.0,139.0
image_2052.jpg,450,299,1.5050167224080269,29.74955778520996,150.7590932738759,212.6625641025641,20.0,152.0,237.0
image_848.jpg,479,720,0.6652777777777777,84.89510554395731,73.73051786128508,240.0080549756437,0.0,1.0,255.0
image_7102.jpg,238,250,0.952,37.659478991596636,85.34025210084033,227.48381512605042,33.0,76.0,241.0
image_1573.jpg,814,359,2.267409470752089,81.4516196368564,77.15887361151985,121.69540355752055,63.0,80.0,123.0
image_5715.jpg,800,533,1.5009380863039399,31.188677298311443,57.70973968105066,190.54799249530956,19.0,64.0,182.0
image_3402.jpg,400,400,1.0,87.082425,61.1307125,107.453775,57.0,51.0,100.0
image_5073.jpg,450,300,1.5,68.72087407407408,107.18741481481482,181.5351777777778,32.0,108.0,192.0
image_9649.jpg,236,335,0.7044776119402985,112.07135087275486,63.44958259549709,205.12966101694914,118.0,29.0,208.0
image_1215.jpg,236,353,0.6685552407932012,52.09430066740289,54.245414606040235,130.59839391174918,31.0,39.0,145.0
image_9891.jpg,960,720,1.3333333333333333,60.641533564814814,112.03812210648148,150.42829282407408,27.0,100.0,154.0
image_8557.jpg,800,600,1.3333333333333333,106.07482708333333,36.582764583333336,171.71692708333333,134.0,27.0,189.0
image_1201.jpg,300,300,1.0,35.952133333333336,148.9985888888889,225.96906666666666,37.0,175.0,253.0
image_9885.jpg,225,225,1.0,8.71043950617284,2.566182716049383,168.77554567901234,0.0,0.0,250.0
image_8543.jpg,236,205,1.1512195121951219,39.46787928896238,8.935303844563869,237.17271599834643,42.0,6.0,254.0
image_7670.jpg,200,200,1.0,16.496325,94.20245,127.7739,16.0,95.0,136.0
image_4379.jpg,467,701,0.666191155492154,153.80948598973018,71.49737450628805,171.46011968219153,164.0,54.0,187.0
image_3416.jpg,481,720,0.6680555555555555,34.57932259182259,31.43708131208131,178.89169265419267,21.0,23.0,202.0
image_2708.jpg,361,240,1.5041666666666667,25.209591412742384,124.57661588180979,231.1623268698061,18.0,122.0,243.0
image_5067.jpg,495,720,0.6875,71.10234006734007,62.86013748597082,181.24983726150393,36.0,62.0,199.0
image_5701.jpg,600,359,1.6713091922005572,81.0316991643454,67.05928505106777,123.55879294336118,56.0,54.0,119.0
image_874.jpg,220,220,1.0,158.4950826446281,117.76549586776859,83.29194214876033,164.0,115.0,65.0
image_3370.jpg,300,300,1.0,41.7886,43.81777777777778,186.38396666666668,27.0,40.0,206.0
image_8225.jpg,474,355,1.3352112676056338,61.57734593213288,69.8942651690735,136.52950020799904,29.0,62.0,137.0
image_1567.jpg,540,720,0.75,19.73742026748971,126.45174897119341,155.05066615226337,22.0,119.0,151.0
image_6208.jpg,474,315,1.5047619047619047,69.93607929810462,125.34610541825732,168.0449400575983,21.0,125.0,163.0
image_5932.jpg,499,332,1.5030120481927711,42.021911292464445,172.01984088659248,137.03214863461864,18.0,168.0,148.0
image_647.jpg,450,252,1.7857142857142858,101.6794532627866,74.04192239858907,148.1252557319224,71.0,66.0,148.0
image_2085.jpg,650,433,1.5011547344110854,52.203791081897315,90.95391010836738,93.360497424054,39.0,55.0,83.0
image_121.jpg,620,465,1.3333333333333333,25.839871661463754,92.13706902532084,199.956600763094,28.0,81.0,230.0
image_4392.jpg,236,354,0.6666666666666666,40.66635545341377,96.38799913817869,130.09231063870536,23.0,102.0,135.0
image_6585.jpg,600,330,1.8181818181818181,94.12657070707071,37.83481818181818,125.21147979797979,106.0,29.0,109.0
image_7843.jpg,559,720,0.7763888888888889,51.59219340091433,96.6613595706619,140.22594166169748,45.0,105.0,156.0
image_6591.jpg,212,720,0.29444444444444445,39.53360849056604,124.10002620545073,150.73299921383648,23.0,132.0,155.0
image_7857.jpg,720,720,1.0,74.11416666666666,133.8389949845679,168.0795351080247,47.0,150.0,183.0
image_135.jpg,279,420,0.6642857142857143,176.66229732036183,169.4378904249872,139.70762075439495,209.0,166.0,139.0
image_5098.jpg,500,500,1.0,99.350796,37.615484,135.933924,107.0,11.0,151.0
image_4386.jpg,850,567,1.4991181657848325,31.83841062350866,53.47075837742504,172.54913165266106,25.0,46.0,178.0
image_653.jpg,125,125,1.0,99.247104,80.465728,61.801152,49.0,69.0,10.0
image_2091.jpg,450,300,1.5,79.56507407407408,87.96298518518519,130.09585185185185,56.0,97.0,122.0
image_1598.jpg,400,265,1.509433962264151,93.15465094339622,48.387811320754714,166.66269811320754,94.0,32.0,171.0
image_9852.jpg,500,375,1.3333333333333333,77.309264,57.970752,121.68306666666666,31.0,53.0,126.0
image_2907.jpg,235,322,0.7298136645962733,23.922439540108364,158.55748645434122,119.17593498083785,21.0,176.0,109.0
image_109.jpg,800,534,1.4981273408239701,148.0103441011236,124.36952949438202,134.89639279026218,174.0,126.0,153.0
image_2913.jpg,600,599,1.001669449081803,131.11967723984418,179.06348636616582,141.7941179744018,206.0,176.0,150.0
image_9846.jpg,550,309,1.779935275080906,91.44606060606061,95.76642541924096,140.31418652544866,112.0,85.0,132.0
image_8580.jpg,450,300,1.5,101.27538518518519,78.64365185185186,155.3838888888889,113.0,59.0,161.0
image_2522.jpg,640,480,1.3333333333333333,89.154775390625,64.67442708333333,171.95314778645835,56.0,59.0,175.0
image_9477.jpg,1000,669,1.4947683109118086,117.11563527653213,61.787811659192826,137.81289985052317,149.0,58.0,125.0
image_9311.jpg,427,640,0.6671875,114.5211943793911,53.619207406323184,150.84825453747072,148.0,26.0,170.0
image_6022.jpg,560,429,1.3053613053613053,133.26431485181485,45.787645687645686,147.20638944388944,138.0,24.0,161.0
image_58.jpg,640,480,1.3333333333333333,63.28990885416667,130.58104166666666,192.4300390625,37.0,130.0,219.0
image_1995.jpg,506,337,1.5014836795252227,129.74077831599442,47.75133413870351,151.80821829441362,144.0,28.0,172.0
image_4635.jpg,300,450,0.6666666666666666,62.15262222222222,140.7256074074074,167.5597925925926,49.0,131.0,162.0
image_2244.jpg,640,420,1.5238095238095237,55.90517113095238,49.85475074404762,146.11383184523808,29.0,31.0,144.0
image_486.jpg,340,270,1.2592592592592593,23.586960784313725,72.21306100217865,217.9081917211329,23.0,51.0,232.0
image_4621.jpg,400,234,1.7094017094017093,95.08477564102564,55.72005341880342,208.91608974358974,108.0,54.0,244.0
image_492.jpg,768,354,2.169491525423729,59.04197563559322,93.26326359463278,164.95165371939737,42.0,65.0,165.0
image_9305.jpg,235,296,0.793918918918919,34.752113283496264,82.2556641748131,109.34689476710753,21.0,70.0,111.0
image_6036.jpg,180,250,0.72,15.985844444444444,28.53868888888889,236.69353333333333,10.0,31.0,241.0
image_1759.jpg,196,258,0.7596899224806202,30.64610030058535,50.743315931023574,158.5501107419712,29.0,34.0,168.0
image_1981.jpg,1080,720,1.5,78.8565329218107,51.64908564814815,125.60535751028807,68.0,36.0,101.0
image_7328.jpg,559,720,0.7763888888888889,104.87410057642616,84.29980123235937,131.03525144106538,138.0,67.0,154.0
image_9463.jpg,360,360,1.0,133.81451388888888,59.821998456790126,198.67778549382717,161.0,18.0,219.0
image_6750.jpg,380,380,1.0,51.4171675900277,23.04322022160665,230.50219529085874,0.0,0.0,255.0
image_5259.jpg,540,720,0.75,76.92943672839506,77.7942695473251,137.86076646090535,27.0,79.0,131.0
image_3628.jpg,300,450,0.6666666666666666,28.79225185185185,27.643096296296296,239.33205925925927,0.0,0.0,255.0
image_4147.jpg,537,720,0.7458333333333333,82.12644320297952,47.068508172977445,207.2350377612249,50.0,15.0,225.0
image_7466.jpg,260,195,1.3333333333333333,99.82806706114398,78.54771203155819,153.8927218934911,111.0,65.0,155.0
image_8755.jpg,480,720,0.6666666666666666,90.8460474537037,81.2010763888889,115.2498119212963,24.0,57.0,72.0
image_6778.jpg,300,200,1.5,150.683,53.75196666666667,175.6317,150.0,49.0,191.0
image_3600.jpg,323,269,1.2007434944237918,62.93386812756799,129.20337910159174,153.85395974081277,25.0,135.0,182.0
image_4609.jpg,450,299,1.5050167224080269,86.95517651430696,49.430026012634706,202.4656038647343,78.0,26.0,230.0
image_2278.jpg,775,515,1.5048543689320388,23.077975571562792,160.03584591293455,207.31130598183526,24.0,180.0,220.0
image_5517.jpg,400,350,1.1428571428571428,38.46067142857143,69.54226428571428,176.97949285714284,26.0,34.0,196.0
image_1771.jpg,427,720,0.5930555555555556,22.451209992193597,78.50441386937288,111.24748243559719,0.0,28.0,31.0
image_7300.jpg,800,531,1.5065913370998116,117.02176082862523,165.61752354048963,81.60329802259886,146.0,174.0,85.0
image_64.jpg,340,270,1.2592592592592593,75.679651416122,35.05788671023965,147.4040413943355,42.0,27.0,158.0
image_9339.jpg,800,534,1.4981273408239701,167.66917602996256,62.379044943820226,59.881404494382025,188.0,51.0,46.0
image_1765.jpg,650,430,1.5116279069767442,70.4867084078712,95.59710554561717,119.94094454382827,50.0,72.0,128.0
image_7314.jpg,1024,683,1.499267935578331,89.21962218612738,98.61551604822475,113.39291699075768,60.0,82.0,99.0
image_70.jpg,600,371,1.6172506738544474,70.93613656783468,68.63896675651392,122.66220575022462,31.0,42.0,156.0
image_8027.jpg,560,560,1.0,89.02184948979591,56.449566326530615,183.9940975765306,64.0,52.0,199.0
image_3172.jpg,236,236,1.0,103.05325337546682,89.84104783108302,212.54833381212296,29.0,52.0,243.0
image_5503.jpg,620,349,1.7765042979942693,76.24340974212035,77.29810980682133,146.2089241149829,17.0,75.0,161.0
image_5265.jpg,644,644,1.0,51.64582529609197,27.468763261448245,216.66499411673934,14.0,4.0,254.0
image_3614.jpg,500,281,1.7793594306049823,49.7731743772242,68.59334519572954,202.7086619217082,6.0,24.0,215.0
image_7472.jpg,500,350,1.4285714285714286,80.55352,39.28969714285714,177.82637714285715,26.0,23.0,214.0
image_1003.jpg,524,720,0.7277777777777777,36.54964747667515,82.94486058100085,146.76274385072094,22.0,77.0,154.0
image_8999.jpg,480,720,0.6666666666666666,32.43549189814815,30.25076388888889,182.74033854166666,29.0,21.0,183.0
image_6787.jpg,235,187,1.2566844919786095,142.0969393560132,40.2930026169075,211.95585390829447,161.0,20.0,215.0
image_7499.jpg,960,720,1.3333333333333333,104.54449797453704,54.200888310185185,203.4788888888889,152.0,25.0,210.0
image_4190.jpg,621,720,0.8625,68.29387412775094,35.358657631061014,201.8759550008946,42.0,9.0,210.0
image_323.jpg,230,230,1.0,58.49005671077505,71.96941398865785,121.32612476370511,45.0,55.0,93.0
image_3827.jpg,650,503,1.2922465208747516,107.05359229239944,46.19595045113932,149.68942040067287,151.0,39.0,154.0
image_2287.jpg,500,500,1.0,75.716484,16.864168,166.863052,11.0,17.0,148.0
image_445.jpg,600,250,2.4,94.06152666666667,119.84267333333334,96.56964666666667,28.0,93.0,71.0
image_3199.jpg,241,160,1.50625,75.70466804979253,105.72935684647302,114.3,34.0,98.0,107.0
image_1956.jpg,590,393,1.5012722646310432,95.45419416052098,61.1014102729978,135.01762625609177,106.0,36.0,140.0
image_1942.jpg,225,300,0.75,49.2685037037037,59.11522962962963,144.29441481481481,36.0,60.0,142.0
image_2293.jpg,500,500,1.0,130.2337,44.739264,223.63276,141.0,36.0,252.0
image_451.jpg,259,194,1.3350515463917525,87.8365840066871,52.92463081638339,140.1330852207141,60.0,54.0,143.0
image_4184.jpg,262,276,0.9492753623188406,17.371888483239296,44.91623796880186,224.09839307445515,0.0,0.0,255.0
image_337.jpg,720,720,1.0,18.630499614197532,18.137299382716048,238.30852430555555,0.0,0.0,255.0
image_3833.jpg,225,225,1.0,50.71395555555556,85.26982716049383,136.25694814814815,25.0,81.0,119.0
image_8966.jpg,749,720,1.0402777777777779,22.422526331404836,16.463304776739356,227.8220608960095,0.0,0.0,251.0
image_6793.jpg,340,270,1.2592592592592593,220.87148148148148,145.03323529411765,170.12283224400872,247.0,229.0,167.0
image_9488.jpg,340,270,1.2592592592592593,74.34142701525055,45.55150326797386,131.18014161220043,35.0,33.0,139.0
image_8796.jpg,240,160,1.5,162.592109375,93.981953125,194.36333333333334,146.0,75.0,214.0
image_6963.jpg,900,600,1.5,26.173425925925926,32.343775925925925,242.8491148148148,0.0,0.0,255.0
image_4806.jpg,570,429,1.3286713286713288,66.09227088700773,41.17605201815728,150.5543082648346,28.0,29.0,174.0
image_8782.jpg,400,300,1.3333333333333333,86.79826666666666,62.86499166666667,134.73500833333333,70.0,41.0,125.0
image_6977.jpg,755,566,1.3339222614840989,74.6533217887815,127.55777034142233,164.94467039524488,51.0,141.0,168.0
image_2456.jpg,728,418,1.7416267942583732,120.79407106051843,39.19871904411378,184.6376945422998,148.0,30.0,187.0
image_5339.jpg,687,458,1.5,40.07659083541504,13.859003451497873,244.38860815011157,0.0,0.0,254.0
image_294.jpg,710,720,0.9861111111111112,174.0486345852895,111.62099178403756,174.8139025821596,235.0,112.0,208.0
image_3990.jpg,1080,720,1.5,71.57198431069959,119.70187757201646,166.6178125,16.0,126.0,181.0
image_9503.jpg,320,400,0.8,31.49775,99.0008515625,144.3797578125,19.0,80.0,165.0
image_6630.jpg,557,720,0.7736111111111111,29.66598593656493,47.60280021942948,124.25028176740474,29.0,41.0,139.0
image_7248.jpg,236,314,0.7515923566878981,161.30260174889344,37.44567094893663,153.8126012091115,162.0,29.0,154.0
image_1639.jpg,640,480,1.3333333333333333,73.14835286458333,167.70015625,116.22025390625,75.0,180.0,108.0
image_9265.jpg,300,300,1.0,90.80032222222222,23.482688888888887,207.72837777777778,29.0,17.0,211.0
image_6156.jpg,660,330,2.0,108.21601469237832,52.533053259871444,169.31091827364554,99.0,43.0,174.0
image_4999.jpg,238,250,0.952,72.21621848739495,51.85890756302521,238.3189579831933,34.0,13.0,255.0
image_2330.jpg,629,354,1.7768361581920904,47.22609199428741,153.40078413408423,114.6580259222333,20.0,143.0,105.0
image_2324.jpg,1079,720,1.4986111111111111,31.01178045515395,29.312929924827515,143.55093193285964,26.0,29.0,162.0
image_4755.jpg,468,594,0.7878787878787878,104.10366485366485,36.13438875938876,101.06749834527612,145.0,26.0,72.0
image_9271.jpg,228,228,1.0,93.55919128962758,43.34970375500154,155.46046860572483,85.0,24.0,180.0
image_9517.jpg,150,100,1.5,29.1628,129.37426666666667,193.67026666666666,18.0,125.0,207.0
image_6624.jpg,474,316,1.5,110.01528868236927,102.0158761950542,176.7424491267425,145.0,66.0,193.0
image_8609.jpg,624,352,1.7727272727272727,128.15538953234267,95.0442662805944,73.95549697698135,156.0,79.0,62.0
image_4033.jpg,735,493,1.4908722109533468,35.732563370175654,133.66926356749596,126.0095514067696,29.0,137.0,130.0
image_2442.jpg,615,461,1.334056399132321,158.7422182247853,209.16812514329047,103.87094509990654,159.0,217.0,103.0
image_3984.jpg,660,495,1.3333333333333333,98.47055096418732,115.09172941536578,155.45365166819712,119.0,61.0,167.0
image_7512.jpg,375,500,0.75,95.87768533333333,61.38046933333333,170.76637866666667,147.0,23.0,200.0
image_8621.jpg,960,720,1.3333333333333333,34.772055844907406,138.93155381944445,147.66243055555555,25.0,147.0,146.0
image_3774.jpg,736,599,1.2287145242070117,67.156651484358,82.39603596574,204.92094614212093,22.0,26.0,216.0
image_5305.jpg,360,240,1.5,37.757789351851855,85.33454861111112,126.73447916666667,26.0,79.0,124.0
image_5463.jpg,640,426,1.5023474178403755,113.27025014671362,18.150766578638496,133.29836781103288,161.0,13.0,123.0
image_3012.jpg,230,246,0.9349593495934959,38.07704135737009,60.36712619300106,226.7313361611877,8.0,5.0,253.0
image_8147.jpg,225,300,0.75,61.34728888888889,45.93208888888889,98.56231111111111,47.0,39.0,93.0
image_1605.jpg,478,318,1.5031446540880504,51.241473908581355,84.8695560643141,158.76218388989764,31.0,59.0,169.0
image_9259.jpg,400,600,0.6666666666666666,90.06043333333334,67.30246666666666,150.46372916666667,51.0,28.0,158.0
image_8153.jpg,600,600,1.0,39.98513055555556,21.71175277777778,209.49810277777777,16.0,2.0,247.0
image_1611.jpg,206,220,0.9363636363636364,79.09280670785525,38.009752868490736,203.81804942630185,53.0,9.0,225.0
image_5477.jpg,570,380,1.5,124.7441458910434,47.13628808864266,161.62602493074792,123.0,13.0,186.0
image_2318.jpg,316,357,0.8851540616246498,77.0408999042655,68.83960039712088,241.64894692054037,33.0,3.0,255.0
image_3006.jpg,337,450,0.7488888888888889,38.051374876360036,58.472594790636336,210.59230464886252,32.0,45.0,226.0
image_4769.jpg,236,354,0.6666666666666666,38.39136263525807,27.585320310255675,228.73540888633534,29.0,13.0,243.0
image_3760.jpg,390,205,1.9024390243902438,27.19228267667292,74.34726704190119,178.9101813633521,26.0,65.0,195.0
image_5311.jpg,800,358,2.2346368715083798,87.14614175977654,144.61331354748603,62.12126396648045,35.0,151.0,57.0
image_6618.jpg,296,222,1.3333333333333333,132.224951302654,48.653335768200634,133.9323563428293,150.0,38.0,130.0
image_1177.jpg,450,450,1.0,47.58751111111111,31.887861728395062,238.25371851851853,0.0,0.0,255.0
image_7506.jpg,800,544,1.4705882352941178,98.09399126838235,50.10032398897059,114.58102251838235,113.0,36.0,95.0
image_8635.jpg,295,400,0.7375,61.98747457627119,75.47761016949153,157.47434745762712,37.0,78.0,143.0
image_8806.jpg,647,720,0.8986111111111111,80.46244848016487,51.73629787051348,153.5843315301391,35.0,44.0,173.0
image_2495.jpg,400,600,0.6666666666666666,60.1619375,83.99083333333333,67.6679625,49.0,51.0,74.0
image_3953.jpg,600,450,1.3333333333333333,19.83431851851852,121.18423703703704,122.97367777777778,19.0,126.0,108.0
image_531.jpg,620,492,1.2601626016260163,81.51954825596643,30.727609493836873,212.97742591135588,70.0,6.0,219.0
image_6195.jpg,320,479,0.6680584551148225,33.30693502087683,91.01456158663883,147.41822155532358,20.0,98.0,147.0
image_1822.jpg,396,600,0.66,16.900037878787877,18.5529797979798,244.06296296296296,0.0,0.0,255.0
image_6181.jpg,216,146,1.4794520547945205,80.92053526128869,41.070300608828006,145.96743404363266,53.0,20.0,144.0
image_1836.jpg,300,300,1.0,64.23748888888889,37.574955555555555,188.6189,70.0,42.0,188.0
image_4796.jpg,720,720,1.0,163.50128279320987,71.41451774691357,92.09946566358025,163.0,66.0,68.0
image_525.jpg,970,557,1.7414721723518851,91.78924651576006,107.0426067482278,147.92079994077255,72.0,113.0,136.0
image_2481.jpg,300,209,1.4354066985645932,132.43580542264752,86.83111642743222,155.65154704944177,145.0,72.0,162.0
image_243.jpg,480,240,2.0,38.332369791666665,77.77821180555556,156.77112847222222,28.0,72.0,165.0
image_3947.jpg,800,500,1.6,48.4618,78.9004625,175.0684625,21.0,69.0,185.0
image_1188.jpg,360,240,1.5,144.9950810185185,131.89104166666667,179.23747685185185,150.0,137.0,199.0
image_8812.jpg,316,320,0.9875,103.37759098101266,32.277759098101264,95.50201740506328,136.0,23.0,66.0
image_6817.jpg,1280,720,1.7777777777777777,56.69983615451389,46.71365993923611,159.58224826388889,42.0,27.0,180.0
image_8184.jpg,479,720,0.6652777777777777,60.107057527255854,108.00313152400835,198.58512526096033,24.0,82.0,226.0
image_4966.jpg,450,284,1.5845070422535212,128.00260563380283,21.64859937402191,161.10385758998436,154.0,20.0,153.0
image_519.jpg,400,280,1.4285714285714286,51.65719642857143,132.95005357142858,135.1795625,22.0,131.0,157.0
image_8190.jpg,360,450,0.8,52.20696913580247,57.91776543209877,182.91783950617284,26.0,27.0,209.0
image_4543.jpg,225,225,1.0,36.22192592592592,96.78684444444444,152.14263703703705,22.0,97.0,155.0
image_928.jpg,720,720,1.0,48.22881365740741,123.3752488425926,205.01769675925925,24.0,136.0,222.0
image_5885.jpg,450,253,1.7786561264822134,131.137426438296,143.63771629336847,168.09684672815106,136.0,156.0,182.0
image_2132.jpg,270,225,1.2,57.49962139917695,113.85734979423869,162.55631275720165,59.0,105.0,168.0
image_6354.jpg,80,80,1.0,0.0,0.0,214.609375,0.0,0.0,255.0
image_9067.jpg,450,300,1.5,81.42002962962962,73.66107407407408,235.62125185185184,49.0,21.0,240.0
image_8379.jpg,540,360,1.5,178.7447839506173,130.2492026748971,67.52088991769547,205.0,127.0,42.0
image_6432.jpg,667,720,0.9263888888888889,63.94171247709479,57.797122272197235,214.26554222888555,0.0,0.0,255.0
image_9701.jpg,1084,720,1.5055555555555555,109.56477039770398,50.16691907544075,184.65816676916768,145.0,39.0,194.0
image_2654.jpg,561,551,1.0181488203266789,62.63847291102549,20.469135682651217,136.40618742134703,34.0,8.0,163.0
image_4225.jpg,200,150,1.3333333333333333,113.8745,33.3147,171.7971,143.0,23.0,177.0
image_2640.jpg,1280,720,1.7777777777777777,39.394024522569445,98.43123806423611,157.85653211805555,27.0,81.0,173.0
image_2898.jpg,360,480,0.75,87.44962962962963,48.47317129629629,168.27369212962964,70.0,5.0,163.0
image_4231.jpg,300,300,1.0,118.42091111111111,38.564166666666665,160.89687777777777,162.0,11.0,172.0
image_1349.jpg,600,600,1.0,55.57858888888889,137.43655,114.23486666666666,58.0,135.0,108.0
image_9715.jpg,720,540,1.3333333333333333,63.56590020576132,71.26436471193415,87.87578446502057,42.0,63.0,44.0
image_6340.jpg,1000,667,1.4992503748125936,87.35483658170915,39.14959070464768,108.56963718140929,131.0,29.0,129.0
image_9073.jpg,1080,720,1.5,142.57069830246914,44.52390046296296,104.65949717078189,136.0,25.0,107.0
image_4557.jpg,800,330,2.4242424242424243,111.48154166666667,80.22548484848485,178.77273484848484,133.0,44.0,177.0
image_3238.jpg,540,720,0.75,90.4436908436214,101.08698302469136,98.80710905349794,42.0,109.0,86.0
image_5891.jpg,237,237,1.0,142.39155049938577,21.5283163310723,211.67768698036284,178.0,6.0,233.0
image_5649.jpg,800,534,1.4981273408239701,149.31484082397003,57.84655196629213,218.62434222846443,154.0,8.0,229.0
image_6368.jpg,400,266,1.5037593984962405,45.55563909774436,75.20964285714285,110.35416353383458,23.0,51.0,99.0
image_1407.jpg,700,467,1.4989293361884368,64.01175588865097,102.45505659223004,117.73718568369532,23.0,90.0,104.0
image_8345.jpg,650,433,1.5011547344110854,45.57041748090247,102.09855036418547,118.73362231302185,19.0,85.0,133.0
image_7076.jpg,640,316,2.0253164556962027,66.89449169303798,80.61530359968354,133.17285403481011,27.0,71.0,122.0
image_914.jpg,590,350,1.6857142857142857,67.28815496368038,74.30819370460048,179.92882808716706,26.0,52.0,186.0
image_3210.jpg,220,220,1.0,56.84762396694215,52.23330578512397,153.41580578512398,25.0,51.0,157.0
image_5661.jpg,600,300,2.0,102.81229444444445,66.46357222222223,189.6874777777778,139.0,60.0,204.0
image_5107.jpg,340,270,1.2592592592592593,60.55763616557734,87.27442265795207,131.60592592592593,23.0,103.0,128.0
image_2668.jpg,335,224,1.4955357142857142,41.83951226012793,57.36752398720682,170.03746002132195,26.0,59.0,178.0
image_3576.jpg,480,720,0.6666666666666666,76.24374421296297,60.67477719907407,126.1530295138889,26.0,47.0,121.0
image_4219.jpg,300,450,0.6666666666666666,61.33811851851852,39.055925925925926,226.52684444444444,23.0,7.0,229.0
image_8423.jpg,316,316,1.0,32.49903861560647,220.14671126422047,105.76365966992469,10.0,241.0,100.0
image_7710.jpg,236,323,0.7306501547987616,64.22445820433437,34.001875951094085,226.19195046439629,31.0,13.0,246.0
image_1361.jpg,400,400,1.0,75.70370625,134.1790875,197.68014375,22.0,125.0,211.0
image_8437.jpg,960,539,1.7810760667903525,87.77733070500928,101.33688930117502,122.24243197278912,63.0,88.0,116.0
image_7704.jpg,498,373,1.3351206434316354,37.44444264995639,30.273716851319488,157.82849898252528,26.0,13.0,170.0
image_1375.jpg,250,250,1.0,52.511168,142.133504,158.474944,26.0,138.0,149.0
image_9729.jpg,640,480,1.3333333333333333,64.692021484375,36.088056640625,199.86825520833332,8.0,4.0,239.0
image_5113.jpg,423,282,1.5,63.39733078483644,80.73077309994467,209.23307848364436,58.0,90.0,207.0
image_3562.jpg,1077,720,1.4958333333333333,27.29135071701228,37.80140694315485,109.33294516661508,23.0,33.0,110.0
image_900.jpg,479,720,0.6652777777777777,31.854900255161215,50.47304279749478,143.9821068197634,24.0,49.0,144.0
image_3204.jpg,170,113,1.5044247787610618,97.75611660593441,90.51504424778761,132.1708485163977,148.0,74.0,133.0
image_5675.jpg,350,500,0.7,60.03776571428571,14.837222857142857,240.9243942857143,0.0,0.0,255.0
image_1413.jpg,600,435,1.3793103448275863,76.70128735632184,74.8987816091954,56.21669731800766,26.0,61.0,40.0
image_7062.jpg,416,640,0.65,36.42095477764423,60.85636268028846,229.69403545673077,22.0,8.0,253.0
image_7089.jpg,180,131,1.3740458015267176,26.862595419847327,118.59478371501272,140.62094995759117,24.0,108.0,156.0
image_6397.jpg,280,175,1.6,20.222795918367346,64.80842857142858,62.492938775510204,0.0,32.0,1.0
image_733.jpg,328,410,0.8,16.914440809042237,51.86165972635336,163.22778108268886,15.0,44.0,163.0
image_4580.jpg,334,500,0.668,42.00747904191617,79.71382634730539,218.12180838323354,8.0,10.0,219.0
image_5846.jpg,450,300,1.5,114.27621481481482,77.57985925925927,141.2997037037037,146.0,73.0,152.0
image_3589.jpg,850,490,1.7346938775510203,93.92488835534213,83.60981512605042,115.64172148859544,89.0,68.0,95.0
image_2697.jpg,500,500,1.0,71.545832,59.21838,246.533896,0.0,0.0,254.0
image_7937.jpg,176,287,0.6132404181184669,127.55275974025975,56.267857142857146,161.28581327209375,159.0,23.0,160.0
image_2683.jpg,600,450,1.3333333333333333,114.70640740740741,38.22493703703704,201.23955185185184,147.0,16.0,231.0
image_727.jpg,320,320,1.0,41.3567578125,95.01248046875,172.8212109375,32.0,83.0,181.0
image_4594.jpg,400,600,0.6666666666666666,39.7707875,100.27152083333333,182.8850625,16.0,80.0,213.0
image_6383.jpg,1079,720,1.4986111111111111,73.96096823190197,134.42436283595922,111.67753707136237,37.0,127.0,102.0
image_8386.jpg,853,480,1.7770833333333333,51.848280578350916,123.70793278624463,144.29031848378273,46.0,122.0,147.0
image_9926.jpg,250,331,0.7552870090634441,23.246175226586104,75.2929909365559,188.33155287009063,3.0,59.0,212.0
image_2873.jpg,257,257,1.0,139.04542082393374,71.5306666262926,185.1592454087117,198.0,42.0,200.0
image_9932.jpg,450,300,1.5,19.427785185185186,71.71405925925926,222.45597037037038,19.0,31.0,249.0
image_8392.jpg,916,720,1.2722222222222221,24.263440077632218,108.77505913391558,91.15696718825812,24.0,104.0,82.0
image_9933.jpg,750,411,1.8248175182481752,38.05498783454988,57.40539497161395,146.13380697485806,26.0,40.0,150.0
image_2866.jpg,800,450,1.7777777777777777,56.89198888888889,68.95190277777778,216.50709444444445,31.0,36.0,230.0
image_8393.jpg,960,720,1.3333333333333333,100.43600405092593,32.85689091435185,139.8952835648148,70.0,23.0,162.0
image_8387.jpg,500,308,1.6233766233766234,140.11487012987013,60.04092857142857,159.8475844155844,152.0,27.0,179.0
image_9927.jpg,236,354,0.6666666666666666,45.299806090203965,51.89971751412429,142.19411328162406,18.0,27.0,158.0
image_2682.jpg,600,338,1.7751479289940828,58.834797830374754,40.52938856015779,170.32225838264299,36.0,26.0,189.0
image_7922.jpg,540,720,0.75,78.63858281893005,59.46086419753087,160.81385288065843,46.0,40.0,172.0
image_6382.jpg,236,397,0.5944584382871536,48.716293813772786,118.254440080263,176.49923152456986,21.0,120.0,197.0
image_5853.jpg,590,390,1.5128205128205128,37.48617557583659,77.22533246414602,184.84553672316383,27.0,79.0,186.0
image_4595.jpg,889,500,1.778,129.91986951631046,26.385997750281216,95.23359505061867,159.0,28.0,88.0
image_726.jpg,696,435,1.6,108.77948540097768,46.207035275465714,143.8105430043599,123.0,33.0,119.0
image_5847.jpg,493,437,1.1281464530892449,97.45895628037374,55.19627647476571,139.4230531792927,127.0,42.0,135.0
image_6396.jpg,295,350,0.8428571428571429,67.2084358353511,71.0974430992736,142.53853753026635,29.0,47.0,139.0
image_7088.jpg,287,175,1.64,28.343434544549527,39.09829766052763,139.1683026381284,18.0,20.0,144.0
image_3588.jpg,610,720,0.8472222222222222,78.2526548269581,38.51523679417122,113.88288706739526,42.0,15.0,113.0
image_5112.jpg,450,450,1.0,6.4524938271604935,19.008330864197532,225.2153975308642,0.0,0.0,255.0
image_9728.jpg,640,480,1.3333333333333333,69.60635091145834,54.932620442708334,151.79920572916666,34.0,15.0,165.0
image_1374.jpg,480,720,0.6666666666666666,59.26356770833333,165.84009259259258,110.32840856481481,18.0,166.0,82.0
image_8436.jpg,470,720,0.6527777777777778,21.80908096926714,180.02696808510638,133.60626773049646,9.0,197.0,138.0
image_7063.jpg,236,236,1.0,26.548513358230394,62.06169204251652,183.56982548118356,17.0,17.0,197.0
image_1412.jpg,800,600,1.3333333333333333,139.47020416666666,111.03232291666667,120.2932875,153.0,107.0,107.0
image_5674.jpg,853,480,1.7770833333333333,88.93860150449395,69.87699540836265,136.1365328253224,67.0,68.0,109.0
image_5660.jpg,474,346,1.369942196531792,120.95603765761811,75.45164752079218,129.20715958147363,106.0,63.0,102.0
image_3211.jpg,432,288,1.5,50.39027938528807,94.3191550925926,60.892256622942384,34.0,85.0,50.0
image_8344.jpg,960,720,1.3333333333333333,38.533914930555554,117.70358217592593,111.80165075231481,24.0,91.0,113.0
image_6369.jpg,241,160,1.50625,28.457235477178422,50.78148340248963,233.6738070539419,21.0,6.0,255.0
image_1360.jpg,576,720,0.8,21.36447241512346,106.77964891975309,152.30625482253086,18.0,113.0,169.0
image_7711.jpg,480,720,0.6666666666666666,117.07533275462963,72.05823784722222,71.1156568287037,170.0,45.0,21.0
image_8422.jpg,320,320,1.0,18.46166015625,23.36072265625,228.1773828125,0.0,0.0,255.0
image_3577.jpg,600,325,1.8461538461538463,33.21811282051282,32.56548717948718,232.4896358974359,34.0,13.0,254.0
image_5106.jpg,400,400,1.0,33.15464375,28.288275,96.60850625,33.0,12.0,8.0
image_9714.jpg,326,217,1.5023041474654377,90.14863871533177,151.4626812925843,62.554338299737076,18.0,149.0,38.0
image_6427.jpg,680,436,1.5596330275229358,102.04927482460874,138.29163855909337,102.81962021046951,26.0,144.0,67.0
image_7739.jpg,360,240,1.5,54.09734953703704,36.85123842592593,220.37337962962962,26.0,5.0,246.0
image_2899.jpg,278,299,0.9297658862876255,153.9134164240514,74.65560260821444,139.26305911792306,173.0,47.0,149.0
image_2641.jpg,212,212,1.0,91.57885368458525,50.29274207903168,166.438278746885,56.0,46.0,187.0
image_5648.jpg,720,720,1.0,18.76263888888889,26.951859567901234,90.56018132716049,11.0,9.0,132.0
image_2127.jpg,720,480,1.5,74.48201388888889,38.60829282407408,225.87461226851852,26.0,5.0,237.0
image_5890.jpg,336,720,0.4666666666666667,74.2336433531746,88.393572255291,147.7065806878307,39.0,83.0,152.0
image_3239.jpg,386,581,0.6643717728055077,39.6309962276939,59.36952547421366,129.17258523360653,34.0,43.0,137.0
image_4556.jpg,439,660,0.6651515151515152,67.15138745081798,75.71915510457652,185.25613653620488,28.0,51.0,217.0
image_6341.jpg,489,349,1.4011461318051577,33.18465261541887,106.52448421138983,159.44220999525376,24.0,106.0,166.0
image_8378.jpg,450,298,1.5100671140939597,51.36676360924683,101.20225950782998,190.33746457867264,40.0,103.0,194.0
image_9066.jpg,240,180,1.3333333333333333,42.47995370370371,109.48761574074074,137.53046296296296,34.0,105.0,138.0
image_6355.jpg,480,720,0.6666666666666666,74.88799768518518,36.457375578703704,182.08869791666666,42.0,18.0,188.0
image_5884.jpg,872,720,1.211111111111111,116.66497993119266,51.177543641692154,180.86026376146788,123.0,44.0,183.0
image_929.jpg,250,250,1.0,74.08008,80.549104,175.805824,22.0,79.0,202.0
image_4224.jpg,514,514,1.0,161.2505261245439,96.93972278157126,145.4996101379279,159.0,96.0,147.0
image_2655.jpg,200,241,0.8298755186721992,40.07657676348548,43.43676348547718,213.2136307053942,31.0,42.0,236.0
image_9700.jpg,480,720,0.6666666666666666,78.08148148148148,123.43815972222222,115.36463252314815,81.0,120.0,111.0
image_6433.jpg,844,720,1.1722222222222223,72.4638592680358,91.43098341232228,135.05072900210638,55.0,93.0,147.0
image_8191.jpg,810,539,1.50278293135436,20.383020683020682,116.25611672278339,141.67288531574246,18.0,101.0,129.0
image_4973.jpg,80,80,1.0,0.0,0.0,214.609375,0.0,0.0,255.0
image_6802.jpg,300,225,1.3333333333333333,132.44662222222223,127.09543703703704,143.67659259259258,157.0,120.0,152.0
image_6816.jpg,720,720,1.0,99.59146604938272,64.37050347222223,212.23011188271605,67.0,33.0,230.0
image_4967.jpg,720,720,1.0,108.04368827160494,66.48494405864197,134.18448688271604,127.0,55.0,128.0
image_8185.jpg,545,625,0.872,35.792651743119265,43.085812844036695,136.3983295412844,28.0,15.0,134.0
image_524.jpg,113,170,0.6647058823529411,41.515668922436234,55.35705361790734,192.48490369599168,8.0,9.0,228.0
image_5489.jpg,340,270,1.2592592592592593,96.38239651416121,25.679531590413944,173.07069716775598,127.0,24.0,178.0
image_4797.jpg,210,240,0.875,66.54658730158731,63.25210317460318,206.47093253968254,49.0,20.0,247.0
image_1837.jpg,960,720,1.3333333333333333,118.4453052662037,105.9495630787037,173.91631510416667,146.0,103.0,210.0
image_6180.jpg,850,510,1.6666666666666667,148.75192387543254,94.79107035755479,149.6963598615917,163.0,70.0,152.0
image_1189.jpg,723,720,1.0041666666666667,105.27251997848471,148.69014907023205,181.98272437375135,99.0,179.0,191.0
image_8813.jpg,197,300,0.6566666666666666,63.774940778341794,41.3977834179357,183.35935702199663,49.0,31.0,206.0
image_242.jpg,300,300,1.0,21.902,154.26436666666666,139.16075555555557,21.0,136.0,135.0
image_256.jpg,456,600,0.76,64.04006944444444,19.353527046783626,158.09532529239766,42.0,5.0,152.0
image_1823.jpg,450,300,1.5,133.39552592592594,86.78228148148148,196.58301481481482,151.0,84.0,218.0
image_6194.jpg,370,500,0.74,22.46789189189189,89.74017837837837,157.2619783783784,21.0,72.0,171.0
image_530.jpg,720,480,1.5,141.7965798611111,84.69772858796296,194.02221354166667,160.0,78.0,201.0
image_4783.jpg,340,270,1.2592592592592593,100.58149237472767,80.6336274509804,206.05547930283225,127.0,15.0,245.0
image_4768.jpg,720,720,1.0,34.93240740740741,51.126738040123456,159.6043576388889,36.0,45.0,152.0
image_3007.jpg,588,720,0.8166666666666667,103.90223450491308,70.88202003023432,200.5439460506425,137.0,75.0,209.0
image_2319.jpg,350,350,1.0,20.889020408163265,74.00533877551021,153.21015510204083,19.0,83.0,158.0
image_5476.jpg,236,252,0.9365079365079365,99.25906308851224,106.54460922787194,147.4178773204197,62.0,102.0,169.0
image_1610.jpg,236,436,0.5412844036697247,25.751185663193905,71.09744790856787,146.09486277406313,24.0,80.0,145.0
image_8152.jpg,1023,720,1.4208333333333334,87.05066932768545,105.1443439774085,149.45802785923755,51.0,96.0,157.0
image_7261.jpg,557,720,0.7736111111111111,109.85930580490724,104.20248354278876,138.0273389188111,134.0,77.0,167.0
image_8634.jpg,480,240,2.0,27.20863715277778,85.06700520833333,170.15350694444444,19.0,85.0,178.0
image_7507.jpg,500,328,1.524390243902439,85.33749390243902,86.8572256097561,142.72063414634147,41.0,69.0,141.0
image_1176.jpg,768,512,1.5,101.64324951171875,194.9668757120768,98.39501698811848,18.0,225.0,88.0
image_6619.jpg,596,446,1.336322869955157,101.43142248773587,71.69290035212327,142.68452613838144,99.0,68.0,149.0
image_5310.jpg,250,250,1.0,133.455376,21.229504,181.899488,170.0,13.0,193.0
image_3761.jpg,450,350,1.2857142857142858,36.54206349206349,45.481161904761905,232.03544126984127,3.0,1.0,255.0
image_5304.jpg,587,720,0.8152777777777778,26.776135718341852,80.5679277872421,165.8915270679538,27.0,69.0,184.0
image_3775.jpg,240,230,1.0434782608695652,20.962192028985505,63.387246376811596,219.93291666666667,19.0,53.0,228.0
image_8620.jpg,200,200,1.0,35.620175,33.021625,194.6897,15.0,29.0,204.0
image_7513.jpg,427,240,1.7791666666666666,96.31238290398126,54.267486338797816,142.43718774395003,89.0,58.0,142.0
image_1162.jpg,1200,630,1.9047619047619047,86.36349338624339,107.99377777777778,109.39685846560846,42.0,85.0,88.0
image_9258.jpg,787,720,1.0930555555555554,90.99998941126641,153.38958245093886,143.952772483411,97.0,167.0,136.0
image_1604.jpg,450,337,1.3353115727002967,75.84464886251236,42.27472469502143,154.88129244971975,26.0,36.0,161.0
image_8146.jpg,236,332,0.7108433734939759,62.57527567898713,61.38894986726567,176.3842658770676,55.0,46.0,187.0
image_7275.jpg,238,250,0.952,23.93889075630252,38.26964705882353,238.5558487394958,0.0,0.0,255.0
image_3013.jpg,680,540,1.2592592592592593,42.55441448801743,45.058227124183006,233.69772058823528,8.0,59.0,243.0
image_5462.jpg,1037,691,1.5007235890014472,74.50560659366117,43.5800923012084,144.44828048179724,34.0,39.0,128.0
image_6143.jpg,165,220,0.75,60.57063360881543,83.12129476584022,172.6031955922865,33.0,59.0,187.0
image_9270.jpg,845,720,1.1736111111111112,71.84264792899408,71.38110618014464,133.29228796844183,55.0,57.0,136.0
image_4754.jpg,300,300,1.0,115.09826666666666,73.78285555555556,139.79314444444444,49.0,45.0,160.0
image_2325.jpg,700,459,1.5250544662309369,85.11435418611889,51.29678182384065,136.7050762527233,31.0,46.0,127.0
image_3985.jpg,480,269,1.7843866171003717,81.22922862453531,136.66622521685255,109.0125851920694,49.0,132.0,108.0
image_281.jpg,450,300,1.5,55.211762962962965,62.415503703703706,157.0759111111111,26.0,41.0,160.0
image_2443.jpg,444,450,0.9866666666666667,28.574279279279278,55.08262262262262,216.92416916916918,17.0,28.0,250.0
image_4032.jpg,720,720,1.0,170.5647627314815,22.248148148148147,219.4034452160494,240.0,12.0,249.0
image_8608.jpg,599,371,1.61455525606469,63.51674173937695,116.80199703909031,129.82258841105346,51.0,109.0,125.0
image_6625.jpg,227,160,1.41875,33.686976872246696,125.06384911894273,128.12304515418504,35.0,127.0,132.0
image_9516.jpg,450,300,1.5,135.84394074074075,166.6610074074074,80.15767407407408,138.0,177.0,64.0
image_6631.jpg,236,224,1.0535714285714286,107.22328995157385,70.62068704600485,147.71258323244552,128.0,44.0,155.0
image_9502.jpg,1080,720,1.5,36.630090020576134,103.78922067901235,111.10878472222223,34.0,84.0,104.0
image_3991.jpg,300,532,0.5639097744360902,82.425820802005,91.91172305764411,134.03848997493733,59.0,41.0,121.0
image_295.jpg,335,224,1.4955357142857142,139.32882462686567,222.56214019189767,163.13892590618337,144.0,245.0,163.0
image_2457.jpg,450,300,1.5,81.53394074074075,59.61887407407407,194.4901111111111,51.0,26.0,226.0
image_3749.jpg,600,600,1.0,24.883097222222222,35.51936388888889,216.79645833333333,0.0,0.0,254.0
image_4026.jpg,80,80,1.0,0.0,0.0,214.609375,0.0,0.0,255.0
image_4740.jpg,1000,600,1.6666666666666667,107.88553,148.65129333333334,107.34405333333333,85.0,174.0,88.0
image_2331.jpg,720,720,1.0,144.9354976851852,22.166975308641977,200.00177662037038,188.0,15.0,208.0
image_4998.jpg,540,720,0.75,113.11180812757202,105.5735133744856,82.26783436213992,147.0,85.0,73.0
image_9264.jpg,202,158,1.2784810126582278,36.025504449179095,133.49862138112545,128.53672139365835,25.0,121.0,111.0
image_1638.jpg,340,270,1.2592592592592593,61.25183006535948,18.528736383442265,236.30575163398692,0.0,0.0,255.0
image_7249.jpg,236,354,0.6666666666666666,74.4852054007469,188.62093028823136,100.53667528487982,20.0,200.0,87.0
image_6976.jpg,864,432,2.0,79.12295042438272,91.20950681584362,59.225860553840874,50.0,81.0,52.0
image_6962.jpg,600,338,1.7751479289940828,73.33693293885601,39.83178007889546,98.2029043392505,51.0,30.0,85.0
image_8797.jpg,297,170,1.7470588235294118,125.05983363042186,58.19273123390771,143.18453159041394,148.0,45.0,130.0
image_478.jpg,437,720,0.6069444444444444,24.522063310450037,40.74321446732774,180.82476163234173,24.0,33.0,209.0
image_450.jpg,300,400,0.75,74.16525833333333,68.88850833333333,142.73516666666666,42.0,41.0,148.0
image_2292.jpg,236,236,1.0,8.773933496121805,204.46520396437805,184.4159724217179,8.0,206.0,181.0
image_1943.jpg,521,640,0.8140625,29.052798104606527,141.9419745681382,149.2336222408829,27.0,131.0,161.0
image_6792.jpg,80,80,1.0,0.0,0.0,214.609375,0.0,0.0,255.0
image_8967.jpg,600,600,1.0,16.712463888888887,99.90076666666667,152.36383055555555,16.0,88.0,156.0
image_3832.jpg,200,200,1.0,27.040125,74.331925,136.149225,18.0,60.0,131.0
image_336.jpg,360,540,0.6666666666666666,59.22884259259259,54.49060185185185,184.12783950617285,49.0,51.0,187.0
image_4185.jpg,450,300,1.5,57.42320740740741,43.23411851851852,174.9956962962963,48.0,19.0,193.0
image_4191.jpg,394,330,1.1939393939393939,122.76796646669743,109.90035379172436,184.96995846792802,144.0,108.0,209.0
image_7498.jpg,570,211,2.7014218009478674,68.25442753803941,72.75400349214267,109.8839943460547,27.0,70.0,107.0
image_6786.jpg,225,225,1.0,35.36073086419753,8.977797530864198,210.77686913580246,0.0,0.0,255.0
image_8973.jpg,227,222,1.0225225225225225,33.34260030956066,59.757689407469144,156.42274873992935,27.0,54.0,174.0
image_1957.jpg,240,135,1.7777777777777777,88.99802469135803,114.75472222222223,147.94586419753085,43.0,104.0,140.0
image_444.jpg,300,225,1.3333333333333333,24.483881481481482,163.51002962962963,92.5601037037037,22.0,169.0,92.0
image_2286.jpg,295,400,0.7375,27.930771186440676,72.96360169491525,216.4183898305085,27.0,60.0,237.0
image_3173.jpg,160,120,1.3333333333333333,92.28505208333333,32.857708333333335,154.6125,15.0,2.0,172.0
image_8026.jpg,239,338,0.7071005917159763,58.25956277388527,110.32223762719417,211.69848481097273,18.0,99.0,230.0
image_7315.jpg,313,237,1.3206751054852321,73.23681266092396,119.30823256629056,114.590555533088,50.0,129.0,116.0
image_1764.jpg,500,333,1.5015015015015014,38.01944744744745,162.39338138138137,112.73433033033034,25.0,164.0,114.0
image_1002.jpg,320,317,1.0094637223974763,28.063584384858043,91.03908714511041,209.3435035488959,26.0,92.0,226.0
image_8740.jpg,800,619,1.2924071082390953,42.78793012924071,45.644426494345716,190.27276655896608,30.0,21.0,193.0
image_7473.jpg,480,720,0.6666666666666666,147.85672743055557,115.69001736111112,180.0296064814815,211.0,115.0,205.0
image_3615.jpg,1155,720,1.6041666666666667,121.33353655603656,77.66607744107745,100.7388492063492,135.0,82.0,79.0
image_5264.jpg,407,229,1.777292576419214,47.582084267673785,78.74688582985526,161.37338926858578,23.0,67.0,176.0
image_5270.jpg,577,720,0.8013888888888889,173.37228239938378,16.98919940304256,109.83666714808396,177.0,17.0,71.0
image_6779.jpg,337,450,0.7488888888888889,92.89016155621496,52.046976590834156,161.69902406857898,136.0,52.0,160.0
image_1016.jpg,640,480,1.3333333333333333,141.75701171875,116.017001953125,134.562939453125,145.0,110.0,135.0
image_8754.jpg,400,300,1.3333333333333333,89.806575,117.86054166666666,186.55171666666666,54.0,105.0,191.0
image_7467.jpg,992,660,1.503030303030303,72.33825452101662,90.96396322091887,135.56086113147606,35.0,67.0,149.0
image_8032.jpg,236,244,0.9672131147540983,78.0006772714643,54.16136426785218,118.14879133092526,51.0,20.0,97.0
image_7301.jpg,600,600,1.0,94.3447861111111,56.76163611111111,242.11749166666667,0.0,1.0,255.0
image_1770.jpg,555,720,0.7708333333333334,140.7006006006006,128.005990990991,116.86832332332332,142.0,109.0,116.0
image_5516.jpg,720,720,1.0,29.875108024691357,91.17984182098765,189.6155285493827,26.0,79.0,198.0
image_3167.jpg,655,640,1.0234375,96.4189217557252,26.78980677480916,225.885481870229,51.0,5.0,252.0
image_4608.jpg,238,250,0.952,30.023747899159662,31.68475630252101,237.7789243697479,0.0,0.0,255.0
image_7329.jpg,240,160,1.5,58.450208333333336,121.84203125,185.47473958333333,16.0,116.0,189.0
image_1980.jpg,282,363,0.7768595041322314,45.20071117363187,96.70117031045464,177.2281910009183,26.0,68.0,189.0
image_9304.jpg,236,333,0.7087087087087087,122.06128162060365,49.06892909859012,165.37121443477375,26.0,40.0,215.0
image_493.jpg,210,299,0.7023411371237458,119.04855868768912,68.05424430641823,133.82688326166587,125.0,59.0,132.0
image_2251.jpg,800,600,1.3333333333333333,60.753620833333336,68.58710208333333,114.88444375,38.0,53.0,120.0
image_4620.jpg,373,560,0.6660714285714285,68.0715291076216,26.31850344695519,204.73164496361548,59.0,19.0,216.0
image_2537.jpg,474,269,1.762081784386617,62.93787743321883,98.18900287045315,157.86716703527676,38.0,82.0,155.0
image_5258.jpg,225,281,0.800711743772242,50.413792012653225,128.1293317516805,126.78201660735469,24.0,127.0,137.0
image_6751.jpg,1007,720,1.398611111111111,92.01503365331568,154.1136089043363,45.10235849056604,77.0,199.0,8.0
image_9462.jpg,480,720,0.6666666666666666,42.97059895833333,134.66816550925927,162.58815393518518,24.0,153.0,190.0
image_6989.jpg,574,720,0.7972222222222223,113.572077042199,10.172841656987998,161.48201703445605,106.0,4.0,168.0
image_6745.jpg,1075,720,1.4930555555555556,68.30998578811369,131.3286976744186,125.15886821705426,51.0,140.0,125.0
image_9476.jpg,484,720,0.6722222222222223,139.63859044995408,63.244011134067954,155.34595098714416,164.0,16.0,178.0
image_8768.jpg,224,300,0.7466666666666667,105.53001488095238,123.02373511904761,177.20611607142857,139.0,142.0,179.0
image_4152.jpg,300,225,1.3333333333333333,81.27853333333333,39.483214814814815,149.98205925925927,36.0,29.0,153.0
image_487.jpg,1280,720,1.7777777777777777,141.38003255208332,31.93577582465278,213.9145041232639,146.0,19.0,232.0
image_2245.jpg,400,415,0.963855421686747,101.47375301204819,67.61827710843373,170.46412048192772,106.0,45.0,191.0
image_4634.jpg,640,480,1.3333333333333333,41.068515625,108.79810546875,83.19091796875,24.0,96.0,76.0
image_1994.jpg,720,720,1.0,57.92830825617284,121.65889274691358,182.1821277006173,31.0,116.0,193.0
image_6023.jpg,800,669,1.195814648729447,66.56866591928251,76.89067264573991,146.8514144245142,34.0,63.0,166.0
image_9310.jpg,300,300,1.0,151.01247777777778,105.18211111111111,127.8338,156.0,102.0,119.0
image_8581.jpg,900,405,2.2222222222222223,79.21980795610425,133.43869684499313,127.54356378600824,76.0,129.0,125.0
image_9847.jpg,640,428,1.4953271028037383,61.125376022196264,57.150167932242994,171.89542932242992,21.0,33.0,184.0
image_2912.jpg,431,659,0.65402124430956,73.02512067429734,158.86236264606782,199.62900971379682,0.0,231.0,200.0
image_108.jpg,357,360,0.9916666666666667,115.23567538126362,38.50016339869281,153.81673669467787,136.0,35.0,155.0
image_2906.jpg,432,276,1.565217391304348,40.77937969672571,60.9945987654321,224.0108444041868,25.0,7.0,236.0
image_8595.jpg,275,183,1.5027322404371584,65.62801788375559,84.17148534525583,175.85889716840538,36.0,74.0,185.0
image_9853.jpg,236,314,0.7515923566878981,120.06203443808701,81.85640451257692,126.68330994278311,51.0,81.0,136.0
image_4387.jpg,480,720,0.6666666666666666,112.07411168981481,82.7521875,161.59936921296296,142.0,70.0,163.0
image_5099.jpg,300,450,0.6666666666666666,53.09051851851852,82.83717777777778,123.14562222222222,18.0,37.0,121.0
image_134.jpg,559,720,0.7763888888888889,14.13427499503081,30.950124229775394,245.4566090240509,0.0,0.0,255.0
image_7856.jpg,612,612,1.0,106.8936920628818,66.47634456832841,111.43992428125935,151.0,53.0,101.0
image_6590.jpg,1024,578,1.7716262975778547,79.47925902897924,77.7015672307526,166.580067987673,60.0,62.0,169.0
image_1599.jpg,450,322,1.3975155279503106,104.97194616977225,110.00971014492754,108.73249827467218,42.0,89.0,91.0
image_5927.jpg,300,200,1.5,60.25221666666667,67.48163333333333,110.95785,24.0,55.0,109.0
image_2084.jpg,696,473,1.4714587737843552,104.30008079998056,49.61149486039221,132.5702807951204,135.0,28.0,145.0
image_646.jpg,340,270,1.2592592592592593,61.09037037037037,70.425522875817,180.33081699346405,25.0,58.0,174.0
image_5933.jpg,603,720,0.8375,83.70070941588355,58.89083287267367,142.63941864750322,33.0,56.0,181.0
image_7842.jpg,1079,720,1.4986111111111111,93.86113170631243,79.0626969416126,149.41112913191228,99.0,64.0,163.0
image_6584.jpg,500,287,1.7421602787456445,130.2011149825784,165.34419512195123,147.26359581881533,158.0,173.0,174.0
image_4393.jpg,302,405,0.745679012345679,31.168032049709755,14.87114708527512,226.79336930749733,13.0,2.0,255.0
image_120.jpg,238,250,0.952,26.85746218487395,41.54373109243698,224.87151260504203,0.0,0.0,255.0
image_5066.jpg,640,355,1.8028169014084507,41.76975352112676,30.548349471830985,206.65206866197184,34.0,20.0,220.0
image_2709.jpg,640,423,1.5130023640661938,61.42177526595745,115.55150709219858,151.2284168144208,27.0,105.0,150.0
image_3417.jpg,390,280,1.3928571428571428,47.986639194139194,122.02833333333334,143.30570512820512,46.0,120.0,141.0
image_4378.jpg,225,225,1.0,95.52124444444445,37.02996543209876,200.88375308641974,85.0,28.0,210.0
image_7671.jpg,500,720,0.6944444444444444,29.393230555555554,46.16143888888889,184.15738333333334,28.0,36.0,199.0
image_8542.jpg,612,612,1.0,148.25585244991242,163.01959449357085,70.55475458157119,144.0,168.0,56.0
image_9884.jpg,480,480,1.0,133.8690407986111,43.824305555555554,195.90609375,148.0,34.0,216.0
image_1200.jpg,474,474,1.0,56.58984048140433,69.44439103420036,155.94693247164807,56.0,16.0,157.0
image_6209.jpg,256,256,1.0,41.74322509765625,107.24681091308594,225.62460327148438,42.0,86.0,254.0
image_1566.jpg,288,320,0.9,57.06694878472222,40.607020399305554,221.07671440972223,16.0,19.0,241.0
image_7117.jpg,222,167,1.3293413173652695,53.759642876409345,78.40543237848627,192.28729028429626,15.0,78.0,214.0
image_8224.jpg,600,435,1.3793103448275863,91.98119540229885,52.257413793103446,127.65490421455938,113.0,36.0,129.0
image_3371.jpg,200,200,1.0,43.6297,167.57325,108.8945,22.0,172.0,101.0
image_875.jpg,450,300,1.5,57.01828888888889,105.72923703703704,163.94957037037037,22.0,92.0,175.0
image_5700.jpg,400,400,1.0,129.24526875,57.76828125,165.06559375,205.0,14.0,177.0
image_3365.jpg,372,500,0.744,77.01998924731183,144.01445161290323,191.0360752688172,20.0,183.0,209.0
image_861.jpg,474,442,1.0723981900452488,61.45483227370792,33.13646256944842,223.1824942245642,22.0,28.0,232.0
image_5714.jpg,80,80,1.0,0.0,0.0,214.609375,0.0,0.0,255.0
image_1572.jpg,550,309,1.779935275080906,62.7228008237717,91.8253839364519,113.73112680200059,20.0,83.0,84.0
image_7103.jpg,128,128,1.0,166.2261962890625,147.10565185546875,132.1614990234375,192.0,159.0,162.0
image_8230.jpg,640,480,1.3333333333333333,70.53262044270834,73.23111979166667,172.5358984375,41.0,61.0,185.0
image_7665.jpg,236,314,0.7515923566878981,72.3643258123718,99.38794127172622,123.50407535355717,53.0,93.0,118.0
image_8556.jpg,340,270,1.2592592592592593,48.24852941176471,30.05211328976035,160.25202614379086,31.0,24.0,170.0
image_9890.jpg,250,214,1.1682242990654206,117.15629906542055,36.89940186915888,206.1380186915888,70.0,27.0,218.0
image_1214.jpg,300,200,1.5,68.32361666666667,124.20528333333333,175.75351666666666,48.0,121.0,190.0
image_9648.jpg,300,300,1.0,142.6375,26.072866666666666,223.09795555555556,233.0,13.0,224.0
image_5072.jpg,80,80,1.0,0.0,0.0,214.609375,0.0,0.0,255.0
image_3403.jpg,595,335,1.7761194029850746,73.52378276683808,77.47628747021197,127.16830302270162,58.0,74.0,131.0
image_7895.jpg,450,299,1.5050167224080269,23.939554069119286,85.1313563730955,126.88194723151246,18.0,86.0,141.0
image_9660.jpg,444,305,1.455737704918033,105.04778466991581,134.02411756018313,108.14084330231871,104.0,139.0,95.0
image_2735.jpg,170,340,0.5,44.59067474048443,91.52439446366782,135.65153979238755,24.0,102.0,136.0
image_4344.jpg,579,579,1.0,84.21682312127693,98.38011162119192,149.73904444862055,34.0,102.0,148.0
image_4422.jpg,400,600,0.6666666666666666,39.02605416666667,177.738575,216.51803333333334,28.0,203.0,247.0
image_849.jpg,404,720,0.5611111111111111,99.92884694719471,23.704345434543455,117.24074876237624,112.0,21.0,106.0
image_2053.jpg,80,80,1.0,0.0,0.0,214.609375,0.0,0.0,255.0
image_691.jpg,200,200,1.0,70.921675,97.734825,119.290175,21.0,93.0,117.0
image_6235.jpg,236,177,1.3333333333333333,84.09159245427558,52.30403140859906,128.4069472373839,37.0,35.0,108.0
image_8218.jpg,236,347,0.6801152737752162,45.3521467298393,57.681373027890395,217.9093073804523,27.0,52.0,235.0
image_9112.jpg,361,240,1.5041666666666667,104.09697599261311,88.19092797783934,122.88755771006464,98.0,89.0,103.0
image_6221.jpg,283,256,1.10546875,125.24890956272085,29.40412433745583,229.39651888250884,154.0,10.0,251.0
image_4436.jpg,300,300,1.0,47.32982222222222,25.92488888888889,189.5184111111111,42.0,2.0,226.0
image_3359.jpg,590,590,1.0,77.39604998563631,66.59984774490088,156.1958230393565,33.0,46.0,162.0
image_2047.jpg,660,373,1.769436997319035,147.7977577382403,51.422028596961574,169.22936469250143,150.0,51.0,197.0
image_5728.jpg,240,135,1.7777777777777777,23.89216049382716,96.40441358024691,210.29512345679012,23.0,100.0,228.0
image_685.jpg,350,218,1.6055045871559632,50.697903014416774,107.6894364351245,200.22903014416775,28.0,91.0,207.0
image_2721.jpg,545,720,0.7569444444444444,50.68003312945974,173.0667635066259,150.70823139653416,16.0,191.0,150.0
image_4350.jpg,80,80,1.0,0.0,0.0,214.609375,0.0,0.0,255.0
image_7659.jpg,453,720,0.6291666666666667,55.953906058376255,52.17315428010792,180.0833915869512,21.0,35.0,200.0
image_7881.jpg,907,720,1.2597222222222222,36.262043672669364,104.47778237167708,143.5614066519662,34.0,102.0,146.0
image_9674.jpg,1278,720,1.775,33.12462832550861,47.032872543905405,186.73446248478527,19.0,14.0,211.0
image_6547.jpg,628,417,1.5059952038369304,54.74013273457667,109.5586269837633,118.68877636744108,40.0,93.0,128.0
image_7129.jpg,474,237,2.0,73.9398600651605,59.05589382043476,167.496848795599,44.0,41.0,185.0
image_1558.jpg,600,436,1.3761467889908257,115.74964449541284,130.5362347094801,139.22787079510704,113.0,148.0,147.0
image_9104.jpg,160,160,1.0,25.2800390625,63.8940234375,220.576875,26.0,58.0,225.0
image_6237.jpg,807,510,1.5823529411764705,42.09008431129577,126.40630998372087,103.21285565031465,21.0,112.0,105.0
image_2051.jpg,736,552,1.3333333333333333,35.17745746691872,95.11215392643352,182.28311820652175,18.0,96.0,203.0
image_4420.jpg,1130,720,1.5694444444444444,93.88869837758112,159.98795722713865,117.91641470009833,31.0,166.0,108.0
image_4346.jpg,267,200,1.335,111.47705992509363,81.78026217228465,143.00455056179774,99.0,73.0,159.0
image_3429.jpg,480,325,1.476923076923077,57.3206217948718,77.19346153846153,176.12205128205127,27.0,59.0,188.0
image_2737.jpg,300,277,1.0830324909747293,72.94619735258725,53.60063778580024,226.9243922984356,20.0,10.0,252.0
image_5058.jpg,400,300,1.3333333333333333,84.24906666666666,61.344225,151.18650833333334,52.0,54.0,141.0
image_9662.jpg,379,720,0.5263888888888889,111.25563984168865,94.56833040164175,219.42917399589564,44.0,56.0,248.0
image_6551.jpg,640,480,1.3333333333333333,70.14629231770833,135.98958658854167,117.61955403645834,19.0,127.0,99.0
image_7897.jpg,442,575,0.768695652173913,102.59228408420225,153.82807790674798,212.26250245917765,140.0,168.0,223.0
image_9676.jpg,1024,576,1.7777777777777777,61.571017795138886,30.510528564453125,220.19543626573352,4.0,2.0,236.0
image_6545.jpg,360,360,1.0,41.622507716049384,20.004560185185184,224.86671296296296,0.0,0.0,255.0
image_8568.jpg,619,310,1.9967741935483871,127.78626817447496,116.59945802282557,68.90255354630257,152.0,109.0,33.0
image_4352.jpg,640,360,1.7777777777777777,154.45431423611112,190.61794270833335,181.86869791666666,160.0,213.0,193.0
image_2723.jpg,480,720,0.6666666666666666,67.831953125,70.04828993055555,115.08152488425925,26.0,65.0,112.0
image_687.jpg,575,720,0.7986111111111112,68.28893236714976,80.28044444444444,180.81776811594202,46.0,38.0,207.0
image_2045.jpg,1184,720,1.6444444444444444,47.64758704016516,77.39610196133634,110.91415868993994,22.0,63.0,104.0
image_4434.jpg,840,630,1.3333333333333333,62.30931027966742,54.16650415721844,179.67005857898715,26.0,39.0,204.0
image_9110.jpg,236,311,0.7588424437299035,83.77536922993079,80.68460134067251,174.21890838737806,44.0,69.0,182.0
image_5702.jpg,400,300,1.3333333333333333,155.545475,181.28045833333334,108.437675,160.0,186.0,115.0
image_3373.jpg,450,321,1.4018691588785046,68.8033644859813,45.388030460366906,159.65644167532017,49.0,35.0,159.0
image_877.jpg,736,622,1.1832797427652733,101.30578079127639,42.844942681392425,180.44648006081366,158.0,35.0,172.0
image_7115.jpg,320,179,1.7877094972067038,164.7927723463687,154.38214036312849,155.76861033519552,178.0,157.0,157.0
image_8226.jpg,540,720,0.75,76.7165920781893,51.95536008230453,106.21917438271605,21.0,31.0,96.0
image_1564.jpg,500,281,1.7793594306049823,148.77976512455515,150.21762989323844,65.96816370106761,162.0,153.0,39.0
image_9138.jpg,720,480,1.5,73.73968171296296,73.9218431712963,138.57860243055555,29.0,69.0,174.0
image_1202.jpg,471,552,0.8532608695652174,38.069402135450325,70.62252684697991,149.07328302409306,18.0,68.0,169.0
image_9886.jpg,1024,614,1.6677524429967427,82.53976708825326,40.04864680883551,154.66979781657167,32.0,34.0,154.0
image_7673.jpg,540,720,0.75,20.82801183127572,46.917829218106995,211.26243827160494,18.0,9.0,234.0
image_8540.jpg,1080,720,1.5,85.70273791152263,61.56076131687243,144.62148405349794,59.0,21.0,167.0
image_3415.jpg,686,457,1.50109409190372,64.44040548385657,77.19851547996504,114.61169625712117,29.0,68.0,112.0
image_3401.jpg,500,335,1.492537313432836,90.54741492537313,102.55371343283582,122.59810149253731,53.0,87.0,116.0
image_5070.jpg,450,300,1.5,99.11565185185185,60.1718,150.2698,143.0,54.0,153.0
image_6579.jpg,288,238,1.2100840336134453,32.21324988328665,74.81693510737628,122.35803279645191,22.0,78.0,134.0
image_9892.jpg,374,450,0.8311111111111111,44.31941176470588,47.67755793226382,231.0049376114082,0.0,0.0,255.0
image_7667.jpg,450,450,1.0,68.97506666666666,24.089160493827162,240.88243950617283,0.0,0.0,255.0
image_8554.jpg,640,640,1.0,25.40729736328125,95.69474853515625,173.18264404296875,20.0,107.0,173.0
image_7101.jpg,960,720,1.3333333333333333,29.731969039351853,59.24251591435185,247.2478515625,0.0,0.0,255.0
image_8232.jpg,463,463,1.0,71.90058264021384,175.13688079899612,133.53992881433416,28.0,196.0,126.0
image_1570.jpg,238,250,0.952,70.56678991596638,35.752336134453785,242.8789243697479,46.0,9.0,255.0
image_5716.jpg,640,472,1.3559322033898304,33.62189155190678,56.128667902542375,131.90814684851694,24.0,47.0,129.0
image_2079.jpg,332,249,1.3333333333333333,105.67237625199594,108.69199690327575,149.30875308462765,150.0,117.0,175.0
image_3367.jpg,250,373,0.6702412868632708,52.46195174262735,91.74456836461125,123.32163002680966,49.0,94.0,121.0
image_863.jpg,262,350,0.7485714285714286,53.53579062159215,13.981068702290075,228.6846346782988,42.0,5.0,250.0
image_4408.jpg,640,640,1.0,38.04939208984375,37.31480224609375,198.556279296875,0.0,0.0,255.0
image_888.jpg,236,236,1.0,134.1626328641195,100.52545963803504,178.12336613042228,129.0,91.0,181.0
image_5925.jpg,236,236,1.0,98.10228741740879,36.13198434357943,196.79734630853204,145.0,22.0,225.0
image_650.jpg,284,160,1.775,109.53514524647888,38.318331866197184,164.82242517605633,113.0,21.0,203.0
image_2092.jpg,1096,616,1.7792207792207793,116.01092964972983,102.08334172670395,179.93795916674566,149.0,99.0,181.0
image_7854.jpg,1152,720,1.6,48.79870635609568,120.67216435185185,197.0890323591821,39.0,122.0,202.0
image_4385.jpg,256,256,1.0,22.211944580078125,159.29347229003906,31.568878173828125,15.0,225.0,7.0
image_122.jpg,1024,715,1.4321678321678322,55.305638111888115,134.82758550043707,111.65623907342658,59.0,143.0,118.0
image_2938.jpg,510,340,1.5,100.29806228373702,86.07743944636678,141.57865628604384,123.0,70.0,159.0
image_6586.jpg,146,200,0.73,0.0,0.0,205.64215753424656,0.0,0.0,253.0
image_7840.jpg,640,360,1.7777777777777777,87.00660590277778,80.99625868055556,144.54817708333334,54.0,85.0,164.0
image_5931.jpg,200,200,1.0,135.70795,64.5511,163.66315,177.0,15.0,183.0
image_644.jpg,320,320,1.0,48.84275390625,45.3546484375,210.271376953125,22.0,20.0,238.0
image_2086.jpg,768,511,1.5029354207436398,61.945783900032616,65.73475721624266,198.16714316291586,3.0,5.0,248.0
image_5919.jpg,680,468,1.452991452991453,83.48942936148819,64.53246920563097,124.95931686777276,79.0,52.0,126.0
image_2910.jpg,400,267,1.4981273408239701,34.48502808988764,155.88724719101123,145.71939138576778,25.0,175.0,150.0
image_9845.jpg,660,372,1.7741935483870968,87.01359970674487,98.85208129683936,105.22080482241772,70.0,95.0,90.0
image_7868.jpg,480,720,0.6666666666666666,46.75962673611111,63.69384837962963,108.16886863425925,29.0,54.0,92.0
image_9851.jpg,938,528,1.7765151515151516,139.6048370162176,101.49618789171028,183.27743587258513,147.0,100.0,213.0
image_8597.jpg,1280,720,1.7777777777777777,58.07305121527778,118.41235026041667,116.48787109375,19.0,130.0,128.0
image_9689.jpg,80,80,1.0,0.0,0.0,214.609375,0.0,0.0,255.0
image_2904.jpg,960,720,1.3333333333333333,27.36990017361111,31.488233506944443,89.27246961805555,0.0,0.0,33.0
image_678.jpg,188,124,1.5161290322580645,46.582532601235414,49.40318291008922,195.4110758407687,42.0,22.0,226.0
image_6753.jpg,600,600,1.0,84.21209444444445,79.57467777777778,158.2594777777778,36.0,57.0,166.0
image_9460.jpg,236,278,0.8489208633093526,57.56165406657725,54.97718266065114,211.29086391903425,28.0,19.0,247.0
image_2535.jpg,400,267,1.4981273408239701,50.23052434456929,134.87384831460673,133.2262265917603,31.0,134.0,145.0
image_4144.jpg,600,436,1.3761467889908257,39.695668960244646,126.84380351681958,121.83230122324159,23.0,124.0,122.0
image_2253.jpg,400,400,1.0,76.75714375,35.4831125,228.45933125,0.0,0.0,255.0
image_491.jpg,80,80,1.0,0.0,0.0,214.609375,0.0,0.0,255.0
image_6035.jpg,960,720,1.3333333333333333,36.69388020833333,82.81888310185185,135.11880931712963,18.0,36.0,145.0
image_9306.jpg,640,360,1.7777777777777777,30.367673611111112,153.02853298611112,135.84587239583334,28.0,146.0,137.0
image_8018.jpg,236,352,0.6704545454545454,137.54426280816642,36.65635833975347,172.33241043913713,147.0,20.0,185.0
image_6021.jpg,1280,720,1.7777777777777777,81.15016710069445,71.83006510416666,133.74793294270833,34.0,71.0,155.0
image_9312.jpg,700,700,1.0,123.07199795918368,40.98682653061225,219.68460408163264,136.0,5.0,225.0
image_1996.jpg,225,225,1.0,192.7154765432099,65.62793086419754,234.8382222222222,228.0,39.0,251.0
image_3159.jpg,220,220,1.0,111.65070247933885,29.97012396694215,194.11167355371902,56.0,15.0,207.0
image_2247.jpg,248,230,1.0782608695652174,100.79077840112203,65.22904978962131,217.61150070126226,142.0,20.0,224.0
image_5528.jpg,960,720,1.3333333333333333,68.28794270833333,20.954741030092592,145.85570601851853,34.0,4.0,169.0
image_2521.jpg,236,323,0.7306501547987616,51.058088891221075,59.49773049273233,190.4779870913575,30.0,34.0,201.0
image_4150.jpg,341,450,0.7577777777777778,33.2015184099055,205.51747800586512,162.87293580971001,2.0,245.0,138.0
image_7459.jpg,960,640,1.5,88.10126953125,115.3721435546875,158.37173502604168,55.0,115.0,176.0
image_1028.jpg,300,264,1.1363636363636365,65.68065656565656,97.41699494949495,152.30310606060607,30.0,94.0,157.0
image_6747.jpg,338,338,1.0,67.57332551381255,48.63614719372571,214.6491456881762,23.0,27.0,217.0
image_2509.jpg,634,338,1.8757396449704142,58.860900080264315,30.02058406286749,147.43309596251842,34.0,16.0,148.0
image_3617.jpg,480,720,0.6666666666666666,51.044267939814816,81.83568576388889,193.02968171296297,21.0,64.0,216.0
image_4178.jpg,960,634,1.5141955835962144,88.73363071766562,43.92121615404837,220.43032498685594,106.0,6.0,241.0
image_7471.jpg,238,250,0.952,107.55342857142857,35.67070588235294,235.0147731092437,26.0,23.0,253.0
image_1000.jpg,800,600,1.3333333333333333,46.675870833333335,91.41955208333333,138.13108541666668,24.0,80.0,141.0
image_6009.jpg,400,300,1.3333333333333333,95.424275,43.99503333333333,150.641375,138.0,30.0,166.0
image_1766.jpg,392,392,1.0,50.46218372553103,113.10648557892544,75.23811042274052,20.0,97.0,12.0
image_8024.jpg,480,270,1.7777777777777777,109.91329475308642,68.93430555555555,132.22997685185186,60.0,52.0,130.0
image_73.jpg,236,177,1.3333333333333333,35.787393469309585,170.97644355070383,171.90081873024994,25.0,197.0,194.0
image_7317.jpg,550,370,1.4864864864864864,65.44843734643734,69.37865847665847,140.50836855036854,35.0,62.0,122.0
image_3171.jpg,600,400,1.5,96.95763333333333,118.7253875,184.14702916666667,23.0,96.0,199.0
image_5500.jpg,764,240,3.183333333333333,26.728566753926703,58.06125654450262,225.84475894415357,22.0,2.0,255.0
image_3165.jpg,480,480,1.0,170.31715277777778,147.482578125,212.7506684027778,249.0,157.0,218.0
image_5514.jpg,480,320,1.5,78.63379557291667,76.703203125,105.09784505208333,21.0,64.0,68.0
image_1772.jpg,480,300,1.6,116.19247222222222,43.66268055555555,122.74266666666666,151.0,34.0,121.0
image_67.jpg,500,300,1.6666666666666667,55.710726666666666,80.91194,155.30970666666667,27.0,78.0,177.0
image_8030.jpg,320,240,1.3333333333333333,94.964765625,54.98690104166667,204.52649739583333,127.0,37.0,211.0
image_7303.jpg,450,338,1.331360946745562,15.876489151873768,54.24078238001315,25.775733070348455,0.0,0.0,0.0
image_7465.jpg,147,160,0.91875,49.46968537414966,127.89655612244898,217.38579931972788,35.0,132.0,238.0
image_5272.jpg,300,300,1.0,63.50962222222222,30.3006,226.27387777777778,15.0,3.0,247.0
image_3603.jpg,500,500,1.0,71.968864,171.649192,111.909416,16.0,212.0,94.0
image_4187.jpg,480,720,0.6666666666666666,36.463368055555556,133.48849247685186,192.7897511574074,25.0,141.0,211.0
image_3830.jpg,240,240,1.0,103.26008680555556,21.578177083333333,246.53817708333332,127.0,2.0,255.0
image_5299.jpg,1023,558,1.8333333333333333,77.89557734823083,115.1276272962017,155.8461146322749,42.0,100.0,177.0
image_334.jpg,600,425,1.411764705882353,88.01758823529411,119.89049803921569,152.70718823529413,63.0,95.0,143.0
image_8965.jpg,628,419,1.4988066825775657,147.72657829530425,55.19955003572352,152.51583995865192,155.0,7.0,165.0
image_6790.jpg,480,720,0.6666666666666666,81.35126446759259,52.49571469907407,147.6780584490741,11.0,38.0,176.0
image_6948.jpg,980,552,1.7753623188405796,104.0536083998817,90.90934634723455,115.67272811298433,159.0,107.0,114.0
image_1799.jpg,474,315,1.5047619047619047,116.93693657491126,74.44084120286652,125.2637934498694,156.0,61.0,123.0
image_2290.jpg,500,375,1.3333333333333333,80.66338666666667,38.22455466666667,133.21173866666666,59.0,28.0,146.0
image_4839.jpg,80,80,1.0,0.0,0.0,214.609375,0.0,0.0,255.0
image_446.jpg,400,400,1.0,38.9851875,64.19635625,187.3920875,23.0,43.0,204.0
image_1955.jpg,222,227,0.9779735682819384,73.96813112672143,80.78959796801206,148.7081398579196,36.0,65.0,152.0
image_98.jpg,400,404,0.9900990099009901,103.51535272277228,70.5780754950495,187.69290222772278,127.0,63.0,186.0
image_8971.jpg,850,566,1.5017667844522968,84.1077073373519,144.86300561213883,88.14139679900228,73.0,150.0,79.0
image_6784.jpg,504,346,1.4566473988439306,119.98128842095605,55.80969010918433,185.8282525919809,140.0,39.0,219.0
image_4193.jpg,618,412,1.5,23.571044239168003,87.95783061551514,122.27300326766581,17.0,89.0,108.0
image_320.jpg,474,266,1.781954887218045,31.517369372799088,79.00481425081692,172.27684718124425,21.0,49.0,178.0
image_8781.jpg,600,400,1.5,113.861,47.239558333333335,201.717725,122.0,25.0,213.0
image_308.jpg,450,300,1.5,60.6768,208.12400740740742,218.7132,35.0,226.0,241.0
image_4805.jpg,460,308,1.4935064935064934,85.9101214003388,80.56794889892716,139.24552512704688,39.0,62.0,140.0
image_1969.jpg,640,628,1.019108280254777,120.882912022293,71.74048318073248,186.20934265525477,151.0,62.0,188.0
image_4811.jpg,214,160,1.3375,56.084491822429904,140.31460280373832,175.18183411214955,19.0,128.0,190.0
image_3818.jpg,226,154,1.4675324675324675,140.02465233881162,124.02810021836571,178.94558096770487,130.0,131.0,193.0
image_8795.jpg,347,450,0.7711111111111111,57.28071725904579,74.17547870637208,174.33225104066602,54.0,79.0,187.0
image_6960.jpg,450,300,1.5,94.96280740740741,111.16114074074073,123.95421481481482,77.0,101.0,124.0
image_6627.jpg,960,500,1.92,80.05676458333333,42.277935416666665,94.174725,42.0,39.0,76.0
image_9514.jpg,236,172,1.372093023255814,80.30326172644857,132.36149980291682,182.66584548679543,20.0,121.0,178.0
image_7539.jpg,80,80,1.0,0.0,0.0,214.609375,0.0,0.0,255.0
image_4030.jpg,504,360,1.4,53.011078042328045,156.29683641975308,155.99159501763668,18.0,175.0,170.0
image_2441.jpg,360,270,1.3333333333333333,53.22574074074074,71.0295061728395,155.92696502057612,20.0,60.0,159.0
image_3987.jpg,500,496,1.0080645161290323,78.17970564516129,75.24482661290322,95.88072983870968,16.0,63.0,86.0
image_283.jpg,340,226,1.5044247787610618,61.952368558042686,25.53939354502863,237.7792816241541,0.0,0.0,255.0
image_5448.jpg,480,720,0.6666666666666666,144.32646990740741,82.59087094907407,169.47709780092592,154.0,75.0,171.0
image_2327.jpg,236,353,0.6685552407932012,33.105800163249626,34.98513948240265,185.53812358957123,25.0,25.0,195.0
image_3039.jpg,500,458,1.091703056768559,103.03619213973799,118.57662008733624,74.41848034934497,157.0,143.0,56.0
image_6141.jpg,300,168,1.7857142857142858,127.34021825396826,107.43128968253968,131.02630952380952,155.0,100.0,135.0
image_9272.jpg,480,360,1.3333333333333333,96.14263310185186,61.218726851851855,131.21084490740742,136.0,39.0,137.0
image_6155.jpg,360,240,1.5,53.584375,97.14163194444444,117.0656712962963,14.0,95.0,144.0
image_9266.jpg,448,299,1.4983277591973243,37.382047300525564,98.57428780458672,143.46972796225515,27.0,94.0,144.0
image_4742.jpg,720,720,1.0,161.61290316358026,155.11566165123457,74.22940007716049,244.0,141.0,11.0
image_4024.jpg,300,225,1.3333333333333333,180.59681481481482,89.30605925925926,96.65478518518519,209.0,90.0,71.0
image_2455.jpg,474,248,1.9112903225806452,147.81147917517353,163.26481046685723,76.01476793248945,172.0,191.0,32.0
image_3993.jpg,300,199,1.5075376884422111,116.96700167504187,82.59164154103853,97.15333333333334,144.0,80.0,95.0
image_9500.jpg,236,354,0.6666666666666666,52.80094321555109,60.884049123815,197.4791846212774,32.0,49.0,216.0
image_5312.jpg,800,600,1.3333333333333333,37.3785625,85.15151041666667,105.22431875,34.0,64.0,122.0
image_9528.jpg,480,360,1.3333333333333333,39.43348958333333,97.64848379629629,111.79445601851852,20.0,100.0,112.0
image_8636.jpg,236,329,0.7173252279635258,111.54747308227294,28.6781335325331,119.57222708773376,153.0,23.0,112.0
image_7505.jpg,600,600,1.0,22.239280555555556,51.870075,210.8532,21.0,74.0,203.0
image_8150.jpg,236,165,1.4303030303030304,77.14933230611197,58.31214689265537,191.63441191576786,49.0,35.0,205.0
image_7263.jpg,236,314,0.7515923566878981,144.43201446615566,25.280322249811075,211.05351937817122,198.0,3.0,215.0
image_1612.jpg,600,450,1.3333333333333333,74.88264074074074,63.07517037037037,113.46447407407408,42.0,58.0,96.0
image_5474.jpg,474,300,1.58,82.4060900140647,60.76321378340366,126.9920323488045,23.0,57.0,148.0
image_3005.jpg,375,500,0.75,61.88218666666667,75.55338133333333,108.23265066666667,59.0,80.0,103.0
image_5460.jpg,400,300,1.3333333333333333,80.85593333333334,73.73285833333334,206.85721666666666,24.0,45.0,227.0
image_3011.jpg,280,280,1.0,71.30956632653061,104.418125,161.00413265306122,32.0,91.0,181.0
image_8144.jpg,312,450,0.6933333333333334,37.50846153846154,155.722094017094,136.7583547008547,27.0,151.0,141.0
image_7277.jpg,640,480,1.3333333333333333,112.873212890625,38.261516927083335,160.87722330729167,146.0,24.0,165.0
image_1606.jpg,1280,720,1.7777777777777777,87.11541883680556,63.025751953125,135.52618381076388,99.0,44.0,148.0
image_6169.jpg,216,288,0.75,104.3569637345679,53.331195344650205,154.78983410493828,150.0,31.0,135.0
image_1160.jpg,400,290,1.3793103448275863,35.33838793103448,55.09474137931034,157.39149137931034,28.0,45.0,179.0
image_8622.jpg,240,240,1.0,63.96572916666667,12.036354166666667,216.01135416666668,0.0,0.0,248.0
image_7511.jpg,600,600,1.0,116.48503611111111,32.21816666666667,243.26015,127.0,3.0,255.0
image_3777.jpg,360,480,0.75,58.73530671296297,38.2334837962963,181.26347222222222,31.0,29.0,187.0
image_2469.jpg,405,720,0.5625,48.1381755829904,146.35118998628258,97.71765432098765,15.0,147.0,79.0
image_5306.jpg,238,250,0.952,168.81885714285715,46.736504201680674,62.670756302521006,170.0,50.0,49.0
image_2482.jpg,236,269,0.8773234200743495,16.08189465062063,130.04949278558377,105.94683699829878,16.0,119.0,95.0
image_3944.jpg,400,258,1.550387596899225,76.56139534883721,34.401346899224805,227.58257751937984,26.0,14.0,230.0
image_240.jpg,720,720,1.0,130.23120949074075,228.14576967592592,150.7654147376543,142.0,247.0,155.0
image_8811.jpg,548,720,0.7611111111111111,62.62192315490673,24.45460006082725,193.57976226682888,21.0,15.0,204.0
image_6182.jpg,450,300,1.5,140.87488888888888,116.19636296296297,204.0224814814815,140.0,101.0,218.0
image_526.jpg,236,301,0.7840531561461794,28.992876851174053,79.70072920772566,191.22371755166395,26.0,75.0,193.0
image_4781.jpg,360,240,1.5,141.89734953703703,252.2351273148148,177.7158564814815,141.0,255.0,189.0
image_532.jpg,400,384,1.0416666666666667,20.43454427083333,108.30293619791667,135.5601953125,15.0,104.0,131.0
image_4959.jpg,236,177,1.3333333333333333,77.42597912477258,55.83316575696639,162.30257110025855,60.0,26.0,154.0
image_6196.jpg,220,293,0.7508532423208191,66.80006205398696,22.27815699658703,105.70376977970835,34.0,20.0,76.0
image_1821.jpg,225,225,1.0,102.92207407407408,127.46524444444445,188.74484938271604,137.0,139.0,226.0
image_6828.jpg,236,349,0.6762177650429799,39.330083531640035,71.61475887523676,133.9582220387548,24.0,71.0,137.0
image_8805.jpg,300,300,1.0,79.39125555555556,130.28243333333333,123.6074888888889,22.0,131.0,136.0
image_3950.jpg,320,240,1.3333333333333333,72.9539453125,70.52389322916666,121.45783854166666,19.0,55.0,101.0
image_254.jpg,400,284,1.408450704225352,94.16382042253521,67.70845950704225,211.90841549295774,47.0,31.0,238.0
image_3788.jpg,800,533,1.5009380863039399,117.40699812382739,86.28597795497186,175.02265712945592,140.0,54.0,194.0
image_6800.jpg,459,345,1.3304347826086957,56.876821066590885,99.84586530264279,109.3572416406176,42.0,101.0,108.0
image_4971.jpg,540,720,0.75,70.68732767489712,40.618245884773664,236.54242541152263,0.0,0.0,255.0
image_8193.jpg,720,720,1.0,79.26795138888889,18.98184799382716,218.1696412037037,2.0,3.0,247.0
image_9299.jpg,238,250,0.952,17.88946218487395,25.184369747899158,206.0141344537815,0.0,0.0,247.0
image_8187.jpg,513,720,0.7125,53.52180528481698,117.95768356075374,100.38089668615984,41.0,117.0,92.0
image_4965.jpg,695,720,0.9652777777777778,36.54832134292566,36.481980415667465,232.9921962430056,9.0,2.0,255.0
image_268.jpg,474,673,0.7043090638930164,19.81982558103084,129.76999517244406,164.6262405878333,20.0,113.0,160.0
image_8839.jpg,506,720,0.7027777777777777,66.3449467501098,56.404007465963986,211.66387790953007,40.0,22.0,252.0
image_9070.jpg,540,720,0.75,157.9892489711934,160.6229681069959,134.46927983539095,225.0,170.0,134.0
image_6343.jpg,300,300,1.0,127.57905555555556,222.40195555555556,185.67673333333335,24.0,222.0,182.0
image_4554.jpg,360,200,1.8,78.08575,42.504333333333335,211.43906944444444,61.0,31.0,230.0
image_5892.jpg,1200,600,2.0,21.647390277777777,218.7957722222222,104.89459166666667,21.0,228.0,95.0
image_2125.jpg,300,225,1.3333333333333333,94.18094814814815,67.84961481481481,193.14997037037037,26.0,30.0,213.0
image_2643.jpg,546,720,0.7583333333333333,103.25533679283679,63.49840506715507,180.69806674806674,154.0,32.0,198.0
image_4232.jpg,281,720,0.3902777777777778,20.90814056939502,53.93876037959668,202.7339313958086,16.0,50.0,209.0
image_9716.jpg,200,133,1.5037593984962405,116.12571428571428,147.88703007518797,149.7554887218045,125.0,165.0,158.0
image_6425.jpg,229,172,1.3313953488372092,57.70138113130903,28.455773331979284,158.4467096577638,42.0,14.0,184.0
image_9702.jpg,300,247,1.214574898785425,32.08554655870445,89.90554655870446,86.52327935222672,28.0,83.0,76.0
image_5138.jpg,720,720,1.0,144.42283564814815,98.23889081790124,97.6440586419753,159.0,93.0,80.0
image_2657.jpg,236,234,1.0085470085470085,112.87739026510214,36.50773214544401,210.75363972186005,133.0,29.0,230.0
image_3549.jpg,450,375,1.2,65.87048888888889,74.03047111111111,214.7752,18.0,56.0,223.0
image_4226.jpg,720,720,1.0,84.34103202160493,47.3522337962963,160.0991222993827,99.0,15.0,172.0
image_4540.jpg,240,180,1.3333333333333333,78.89002314814815,85.54888888888888,154.76780092592594,29.0,64.0,170.0
image_5886.jpg,800,600,1.3333333333333333,39.2807375,17.889020833333333,203.90543541666668,0.0,0.0,255.0
image_2131.jpg,259,194,1.3350515463917525,101.19997611750189,117.62197985909326,96.606555745731,42.0,113.0,69.0
image_9064.jpg,500,500,1.0,43.088004,49.456688,151.796208,31.0,27.0,157.0
image_1438.jpg,283,262,1.0801526717557253,33.822363984570984,100.26682491300947,171.4465109378793,36.0,71.0,182.0
image_7049.jpg,1083,720,1.5041666666666667,42.484959474710166,124.97814199240793,107.16360418590335,23.0,119.0,89.0
image_4568.jpg,580,580,1.0,67.2893757431629,162.60706599286564,82.8521640903686,30.0,199.0,46.0
image_903.jpg,296,197,1.50253807106599,84.25281245712718,91.20884209082179,171.34948209630952,49.0,75.0,191.0
image_2119.jpg,236,314,0.7515923566878981,50.768285112814425,111.66645525207817,153.35123610061535,22.0,125.0,161.0
image_5676.jpg,300,300,1.0,115.98311111111111,87.78347777777778,150.04146666666668,129.0,85.0,149.0
image_1410.jpg,960,720,1.3333333333333333,142.1914916087963,136.0337962962963,225.7100144675926,147.0,126.0,249.0
image_7061.jpg,660,373,1.769436997319035,82.42377934844423,43.72850759606792,118.58981639450808,54.0,23.0,112.0
image_8352.jpg,259,194,1.3350515463917525,82.4206703021136,99.1282689169287,160.75106476137404,30.0,96.0,189.0
image_7707.jpg,80,80,1.0,0.0,0.0,214.609375,0.0,0.0,255.0
image_8434.jpg,450,360,1.25,119.21364197530865,28.713765432098764,143.05961728395062,134.0,20.0,141.0
image_1376.jpg,480,281,1.708185053380783,165.10319543297746,42.71786773428232,173.33251037959667,192.0,47.0,155.0
image_6419.jpg,564,317,1.779179810725552,97.41969819003512,101.26229388997024,142.6980446114952,123.0,96.0,131.0
image_5110.jpg,213,120,1.775,100.98262910798123,38.3160406885759,133.73446791862284,131.0,17.0,145.0
image_3561.jpg,541,720,0.7513888888888889,22.826291332922573,132.00521154241116,151.64109673444239,16.0,132.0,154.0
image_5104.jpg,500,500,1.0,44.7818,86.254936,198.633864,33.0,32.0,240.0
image_3575.jpg,800,532,1.5037593984962405,41.92495065789473,95.94705592105264,211.39845159774436,41.0,87.0,228.0
image_7713.jpg,1087,720,1.5097222222222222,93.97552770111417,88.49881299192477,166.67525043442706,81.0,77.0,181.0
image_8420.jpg,180,180,1.0,43.257283950617285,2.3794444444444443,120.20682098765432,0.0,0.0,83.0
image_1362.jpg,547,329,1.662613981762918,108.9990775881709,33.517973138923004,183.4754421742247,138.0,17.0,202.0
image_9058.jpg,813,720,1.1291666666666667,14.555403512368457,50.987378707120406,214.09691130244636,16.0,2.0,247.0
image_7075.jpg,513,720,0.7125,32.44914988087503,216.100397985705,78.00280485163526,28.0,242.0,54.0
image_8346.jpg,480,480,1.0,51.02762586805556,105.40937934027778,171.46325954861112,26.0,120.0,180.0
image_3213.jpg,1080,720,1.5,106.15655735596708,36.90932355967078,189.91818029835392,112.0,14.0,214.0
image_917.jpg,400,267,1.4981273408239701,90.38010299625468,104.17115168539326,124.36709737827715,48.0,102.0,108.0
image_5662.jpg,474,316,1.5,41.335816909683274,79.48223441756129,100.65419537467287,28.0,47.0,99.0
image_724.jpg,450,450,1.0,13.270207407407407,42.75914567901235,221.33036543209877,0.0,0.0,255.0
image_5689.jpg,203,287,0.7073170731707317,93.27266953879953,96.88434802011638,61.735740890132334,134.0,80.0,67.0
image_4597.jpg,736,489,1.5051124744376279,71.25731028274207,79.83474482084111,119.03550113363563,58.0,44.0,135.0
image_5851.jpg,1081,720,1.5013888888888889,21.33720063727002,104.25758942337342,159.37912041319765,14.0,90.0,158.0
image_1389.jpg,238,250,0.952,23.437428571428573,36.30099159663865,225.50546218487395,0.0,0.0,255.0
image_7920.jpg,400,250,1.6,129.79895,35.43374,181.8159,152.0,26.0,190.0
image_2858.jpg,1280,720,1.7777777777777777,125.19377604166667,88.57010959201389,113.41465494791667,151.0,91.0,101.0
image_2680.jpg,1024,614,1.6677524429967427,49.0687379122557,67.26546754122558,213.1199358713355,29.0,18.0,242.0
image_2694.jpg,750,350,2.142857142857143,42.28416761904762,128.63797333333332,183.55528,20.0,141.0,193.0
image_6394.jpg,349,467,0.7473233404710921,80.9175005982219,62.54765834473534,137.30270028162445,29.0,27.0,156.0
image_730.jpg,593,394,1.5050761421319796,30.881095864613382,162.28608298165568,79.74190856096078,22.0,163.0,70.0
image_4583.jpg,200,200,1.0,106.62525,109.55995,148.022475,85.0,90.0,157.0
image_8391.jpg,480,269,1.7843866171003717,66.20200588599752,118.80325278810409,172.34704925650558,55.0,100.0,178.0
image_718.jpg,250,168,1.4880952380952381,40.719166666666666,121.96319047619048,101.5189761904762,19.0,107.0,110.0
image_2864.jpg,260,194,1.3402061855670102,64.16124107850912,93.22063838223632,140.72833068992864,20.0,81.0,128.0
image_9931.jpg,600,399,1.5037593984962405,126.66942773600668,13.718621553884711,233.66111528822054,134.0,9.0,254.0
image_7908.jpg,468,702,0.6666666666666666,14.570680229868264,56.380728443762635,217.28835804904182,11.0,54.0,220.0
image_9925.jpg,539,720,0.7486111111111111,123.48867759224902,88.85976087404659,192.50305091733662,127.0,59.0,237.0
image_5879.jpg,1000,577,1.733102253032929,51.10048873483535,121.11940727902946,207.30813518197573,24.0,111.0,214.0
image_8385.jpg,1000,671,1.4903129657228018,126.24162295081967,119.29365275707899,172.85099850968703,209.0,117.0,178.0
image_9924.jpg,450,450,1.0,39.64062716049383,75.36457777777778,215.96811358024692,35.0,12.0,249.0
image_7909.jpg,498,500,0.996,99.73075903614458,163.15347389558232,188.1081044176707,27.0,204.0,191.0
image_8384.jpg,736,490,1.5020408163265306,83.50808562555457,148.25392080745343,161.4281444099379,52.0,155.0,165.0
image_5878.jpg,1000,629,1.589825119236884,35.489947535771066,137.75147535771066,112.634,25.0,145.0,109.0
image_8390.jpg,265,265,1.0,62.683887504449984,124.41214667141331,86.54383766464935,34.0,115.0,53.0
image_9930.jpg,910,606,1.5016501650165017,55.045112972835746,155.95539477024624,141.0481793783774,19.0,153.0,150.0
image_2865.jpg,1008,720,1.4,82.46830219356261,105.4039310515873,116.43912863756614,29.0,99.0,106.0
image_2695.jpg,300,300,1.0,123.6130111111111,69.888,206.3837111111111,138.0,67.0,213.0
image_4582.jpg,311,311,1.0,46.94103658977885,138.00201610818746,97.31177303791317,18.0,151.0,104.0
image_6395.jpg,1024,680,1.5058823529411764,145.37006405101104,61.4929443359375,143.2624885110294,154.0,58.0,148.0
image_6381.jpg,324,486,0.6666666666666666,62.95912716557435,126.54627089366458,215.0427335771986,30.0,138.0,239.0
image_5850.jpg,450,252,1.7857142857142858,73.26171075837742,39.298465608465605,120.67355379188713,31.0,31.0,121.0
image_4596.jpg,480,720,0.6666666666666666,104.50726851851852,47.98236689814815,216.98948784722222,152.0,19.0,237.0
image_5688.jpg,474,355,1.3352112676056338,75.0505853687526,132.76147263326797,116.24348368693171,73.0,128.0,111.0
image_2681.jpg,80,80,1.0,0.0,0.0,214.609375,0.0,0.0,255.0
image_2859.jpg,480,720,0.6666666666666666,66.38383101851852,139.08248263888888,166.46482349537038,26.0,150.0,175.0
image_7921.jpg,340,270,1.2592592592592593,110.04786492374728,16.51424836601307,170.33130718954249,150.0,11.0,166.0
image_1388.jpg,500,333,1.5015015015015014,28.272882882882882,24.89291891891892,211.5030750750751,19.0,3.0,251.0
image_1363.jpg,1200,675,1.7777777777777777,43.67248518518519,140.40617530864196,114.64575432098765,32.0,135.0,102.0
image_8421.jpg,276,300,0.92,38.12638888888889,42.06413043478261,213.06722222222223,3.0,2.0,240.0
image_7712.jpg,450,330,1.3636363636363635,128.5657239057239,91.84181818181818,82.1739595959596,152.0,91.0,73.0
image_3574.jpg,236,339,0.696165191740413,49.17070396480176,48.67019149042548,201.04614769261536,18.0,36.0,215.0
image_5105.jpg,720,482,1.4937759336099585,69.43877939142462,124.61051175656985,155.8472366297833,24.0,131.0,161.0
image_7074.jpg,300,450,0.6666666666666666,31.513355555555556,42.40462222222222,218.0832814814815,30.0,5.0,248.0
image_1405.jpg,455,280,1.625,144.77021193092622,123.1162715855573,207.15784144427002,218.0,110.0,236.0
image_8353.jpg,600,502,1.1952191235059761,38.29487051792829,102.53088645418326,135.33893426294821,26.0,107.0,139.0
image_1411.jpg,247,296,0.8344594594594594,113.84404748878433,109.25532060400481,138.76240562424772,106.0,100.0,134.0
image_5677.jpg,238,250,0.952,16.820504201680674,60.01963025210084,249.43467226890758,0.0,0.0,255.0
image_2118.jpg,324,324,1.0,34.743579484834626,60.63145861911294,56.04409579332419,0.0,0.0,0.0
image_902.jpg,340,270,1.2592592592592593,98.6975054466231,107.86779956427016,142.28882352941176,91.0,108.0,142.0
image_3206.jpg,575,431,1.334106728538283,105.95452436194896,193.60485826692224,132.2177423585191,95.0,213.0,130.0
image_4569.jpg,112,118,0.9491525423728814,76.56734261501211,27.86516343825666,238.82422820823246,0.0,0.0,255.0
image_3560.jpg,500,500,1.0,52.345884,55.731808,201.70444,34.0,34.0,225.0
image_5111.jpg,300,292,1.0273972602739727,30.06759132420091,125.58404109589041,157.0331392694064,16.0,113.0,182.0
image_6418.jpg,1078,720,1.4972222222222222,56.40111059575345,95.16357323232323,123.61668341579056,18.0,87.0,108.0
image_1377.jpg,500,333,1.5015015015015014,62.747573573573575,176.5584984984985,137.4670930930931,53.0,177.0,136.0
image_2656.jpg,236,236,1.0,43.31562410226946,39.336289859235855,198.1666187877047,14.0,22.0,219.0
image_5139.jpg,1009,720,1.4013888888888888,52.73790056161216,81.35603457768968,163.44519050765334,38.0,66.0,172.0
image_6430.jpg,447,720,0.6208333333333333,55.87766592095451,92.87719674372359,58.2930493412876,20.0,92.0,51.0
image_9703.jpg,676,383,1.7650130548302871,66.24834690314707,73.82768396496053,148.1240904104933,18.0,66.0,162.0
image_7048.jpg,600,500,1.2,103.14233333333334,36.87906,113.17984666666666,127.0,30.0,109.0
image_1439.jpg,1025,720,1.4236111111111112,74.94384281842818,56.82385501355014,201.4016382113821,40.0,36.0,206.0
image_6356.jpg,340,270,1.2592592592592593,88.52037037037037,36.95486928104575,187.1405119825708,26.0,13.0,205.0
image_9065.jpg,728,454,1.60352422907489,27.207184610543642,111.06815183714963,34.39554993464685,22.0,103.0,16.0
image_2130.jpg,480,340,1.411764705882353,77.3315012254902,129.0240379901961,166.82143382352942,26.0,129.0,172.0
image_5887.jpg,579,380,1.5236842105263158,56.54403236069448,83.86105354058722,153.48216525770385,46.0,59.0,163.0
image_4541.jpg,535,720,0.7430555555555556,28.330392004153687,89.80898753894081,182.86168483904464,26.0,88.0,190.0
image_2124.jpg,600,372,1.6129032258064515,54.599395161290325,88.58392025089606,108.94918906810035,25.0,75.0,114.0
image_5893.jpg,300,225,1.3333333333333333,124.46183703703704,61.45140740740741,151.74327407407407,73.0,53.0,149.0
image_4555.jpg,259,195,1.3282051282051281,119.98041778041778,97.94368874368874,208.62962082962082,127.0,66.0,216.0
image_6342.jpg,267,160,1.66875,99.25124063670413,85.62036516853932,119.4499765917603,97.0,85.0,103.0
image_6424.jpg,300,300,1.0,23.04393333333333,83.26616666666666,156.44183333333334,23.0,59.0,153.0
image_9717.jpg,388,291,1.3333333333333333,85.2379990788961,85.08670776207178,89.29824281716087,51.0,71.0,71.0
image_8409.jpg,450,450,1.0,26.817911111111112,55.83866172839506,205.26414320987655,0.0,0.0,255.0
image_4233.jpg,600,337,1.7804154302670623,108.65191394658754,41.698709198813056,142.2010237388724,136.0,23.0,141.0
image_2642.jpg,580,435,1.3333333333333333,84.58604042806184,35.10785176377328,129.8070986920333,36.0,30.0,122.0
image_8186.jpg,481,720,0.6680555555555555,47.341504966504964,33.65578944328944,220.09599503349503,19.0,21.0,228.0
image_9298.jpg,720,720,1.0,5.781450617283951,23.014529320987656,234.9626099537037,0.0,0.0,255.0
image_8838.jpg,642,642,1.0,55.143957259731565,57.84680127327957,170.08958327267786,28.0,27.0,186.0
image_6815.jpg,428,254,1.68503937007874,137.02226985061446,63.31590808742365,174.22878799028626,149.0,68.0,171.0
image_269.jpg,236,356,0.6629213483146067,101.13403399352504,69.27792325271376,215.79589601980575,124.0,50.0,229.0
image_6801.jpg,1060,500,2.12,110.9092358490566,45.1406320754717,188.33115849056603,138.0,28.0,201.0
image_8192.jpg,436,212,2.056603773584906,60.14512290115977,40.51803487969534,148.18216634931625,33.0,20.0,136.0
image_1808.jpg,350,350,1.0,143.37113469387756,45.801779591836734,139.04442448979592,149.0,48.0,142.0
image_4970.jpg,236,236,1.0,114.34379488652687,28.584530307382934,220.5345267164608,146.0,26.0,225.0
image_1820.jpg,480,720,0.6666666666666666,79.08529803240741,110.484765625,161.73597511574073,32.0,99.0,181.0
image_7289.jpg,263,229,1.148471615720524,57.06110216348149,78.94075746758098,56.234230494628655,21.0,76.0,35.0
image_6197.jpg,1080,720,1.5,72.29426568930042,97.73108796296296,142.44078060699587,50.0,111.0,151.0
image_4780.jpg,400,258,1.550387596899225,128.15765503875969,83.53249031007752,148.15915697674419,155.0,59.0,157.0
image_3789.jpg,566,347,1.6311239193083573,73.48116617957048,35.3105110945917,123.30598466410729,57.0,29.0,112.0
image_255.jpg,240,160,1.5,87.98544270833334,39.762994791666664,199.932734375,42.0,3.0,214.0
image_3951.jpg,720,720,1.0,47.946983024691356,30.726101466049382,210.2098900462963,0.0,0.0,255.0
image_2497.jpg,260,195,1.3333333333333333,92.36842209072978,72.4012426035503,129.9460157790927,58.0,52.0,121.0
image_8804.jpg,324,259,1.250965250965251,183.51856618523286,66.32531340864674,103.17527050860384,215.0,69.0,83.0
image_8810.jpg,450,450,1.0,66.74335308641976,73.4554962962963,142.21812839506174,30.0,58.0,146.0
image_241.jpg,1050,700,1.5,48.61443537414966,52.42286122448979,99.2799006802721,2.0,13.0,94.0
image_3945.jpg,640,480,1.3333333333333333,42.01309895833333,84.322880859375,146.73712890625,27.0,70.0,146.0
image_2483.jpg,236,314,0.7515923566878981,56.5053708301846,110.70127118644068,144.55682554248085,23.0,110.0,143.0
image_527.jpg,768,432,1.7777777777777777,128.55838879243828,165.42833116319446,186.41768542631172,142.0,175.0,224.0
image_4794.jpg,481,720,0.6680555555555555,46.98024948024948,90.67356202356203,105.90193462693463,26.0,68.0,78.0
image_6183.jpg,300,224,1.3392857142857142,88.63077380952382,52.591592261904765,118.77571428571429,42.0,47.0,120.0
image_6168.jpg,400,600,0.6666666666666666,36.632104166666664,64.84307916666667,207.30205,26.0,47.0,227.0
image_1607.jpg,840,534,1.5730337078651686,71.14738496522205,78.85750401284109,130.24904806491884,21.0,77.0,132.0
image_7276.jpg,320,240,1.3333333333333333,138.94944010416665,91.00022135416667,134.14381510416666,144.0,86.0,126.0
image_5461.jpg,300,450,0.6666666666666666,17.06399259259259,107.22782222222222,184.0014,14.0,106.0,191.0
image_5307.jpg,300,300,1.0,45.972433333333335,50.29302222222222,198.86017777777778,29.0,5.0,254.0
image_2468.jpg,635,476,1.334033613445378,69.42409184146099,55.146072917355916,143.2452689737312,56.0,53.0,138.0
image_3776.jpg,480,720,0.6666666666666666,64.0726417824074,63.23342592592593,150.01107060185186,18.0,43.0,158.0
image_4019.jpg,540,720,0.75,93.21593878600822,105.60797839506174,162.5665972222222,89.0,98.0,157.0
image_8623.jpg,340,270,1.2592592592592593,48.3525816993464,75.45547930283225,61.682015250544666,42.0,63.0,19.0
image_1161.jpg,480,320,1.5,114.20112630208334,48.121640625,193.27128255208333,136.0,33.0,223.0
image_7504.jpg,340,270,1.2592592592592593,138.01074074074074,184.69761437908497,163.1756100217865,129.0,219.0,167.0
image_8637.jpg,480,720,0.6666666666666666,44.64598958333333,137.7129224537037,162.25528356481482,33.0,161.0,166.0
image_1175.jpg,850,400,2.125,134.0772,35.05989411764706,153.90696176470587,147.0,23.0,162.0
image_9529.jpg,320,426,0.7511737089201878,43.483333333333334,42.03419160798122,235.91645393192488,0.0,0.0,255.0
image_3762.jpg,509,382,1.3324607329842932,78.39828120017692,67.81993746078442,143.17771217560355,70.0,57.0,155.0
image_3004.jpg,236,157,1.5031847133757963,133.0362733455684,20.762145093382273,162.99055381625823,161.0,7.0,191.0
image_5475.jpg,450,450,1.0,23.788829629629628,67.45041481481482,249.83721975308643,0.0,0.0,255.0
image_1613.jpg,298,450,0.6622222222222223,20.883825503355705,37.17467561521253,228.1454586129754,0.0,0.0,253.0
image_7262.jpg,828,549,1.5081967213114753,46.05001407917778,105.47088910007656,137.92684547222441,34.0,107.0,129.0
image_8151.jpg,800,534,1.4981273408239701,30.441575374531837,34.81496488764045,190.49047050561796,23.0,14.0,227.0
image_4743.jpg,400,267,1.4981273408239701,32.63795880149813,59.40847378277154,144.61263108614233,26.0,52.0,144.0
image_2332.jpg,300,300,1.0,72.55995555555556,55.24053333333333,125.50834444444445,60.0,33.0,144.0
image_9267.jpg,440,264,1.6666666666666667,158.87787534435262,47.04909607438017,43.915754132231406,161.0,39.0,28.0
image_6154.jpg,300,420,0.7142857142857143,37.114198412698414,53.170230158730156,191.7809126984127,16.0,19.0,227.0
image_9501.jpg,550,413,1.3317191283292977,56.87796169931763,75.48384767774598,148.371155624037,39.0,53.0,152.0
image_6632.jpg,540,405,1.3333333333333333,64.94835390946503,54.17942386831276,102.14539551897576,29.0,51.0,91.0
image_296.jpg,250,185,1.3513513513513513,96.93885405405405,59.686594594594595,144.4806054054054,146.0,45.0,165.0
image_3992.jpg,210,240,0.875,100.16039682539683,30.521805555555556,137.20839285714285,70.0,13.0,138.0
image_2454.jpg,225,214,1.0514018691588785,68.78587746625129,33.90604361370716,223.32097611630323,0.0,1.0,255.0
image_282.jpg,236,321,0.735202492211838,34.76240825809177,97.36207033106288,152.72172501188024,21.0,105.0,164.0
image_3986.jpg,474,296,1.6013513513513513,83.64839919032957,77.8560197856084,139.94690814231953,51.0,51.0,129.0
image_4031.jpg,287,400,0.7175,53.431080139372824,33.219198606271775,207.24354529616724,31.0,25.0,207.0
image_7538.jpg,254,400,0.635,57.56412401574803,101.59407480314961,171.6899409448819,40.0,95.0,186.0
image_1149.jpg,346,346,1.0,78.06264826756657,91.91670286344349,114.50305723545725,26.0,89.0,76.0
image_9515.jpg,237,237,1.0,122.55233313749576,48.23263721981876,63.77975395680892,170.0,26.0,39.0
image_6626.jpg,720,720,1.0,27.206658950617285,123.8643287037037,157.2198263888889,21.0,111.0,155.0
image_6140.jpg,620,350,1.7714285714285714,59.0286866359447,149.54782488479262,245.004267281106,27.0,173.0,252.0
image_4757.jpg,320,320,1.0,60.128720703125,81.46953125,179.0638671875,18.0,89.0,195.0
image_3038.jpg,538,688,0.7819767441860465,25.976490230829082,104.28880381689288,140.37915513962133,18.0,110.0,130.0
image_2326.jpg,409,516,0.7926356589147286,130.69048634407991,57.82073406493433,206.35295957241144,131.0,12.0,247.0
image_4810.jpg,570,547,1.0420475319926874,134.76710606497963,59.152432727156096,190.2682157862664,146.0,15.0,194.0
image_1968.jpg,480,720,0.6666666666666666,60.715630787037036,59.61252604166667,172.1821238425926,26.0,42.0,184.0
image_6961.jpg,224,224,1.0,26.854432397959183,118.41788903061224,157.29561941964286,19.0,119.0,173.0
image_8794.jpg,800,532,1.5037593984962405,64.75749295112782,73.33170347744361,167.27713580827069,58.0,62.0,184.0
image_3819.jpg,284,160,1.775,85.1856073943662,78.38624559859154,115.14892165492958,18.0,74.0,108.0
image_309.jpg,284,213,1.3333333333333333,63.855964425047944,73.34612841367453,136.37604972558356,27.0,64.0,143.0
image_6975.jpg,1045,720,1.4513888888888888,106.20677830940988,25.728230994152046,127.36139287612971,148.0,21.0,123.0
image_8780.jpg,555,370,1.5,84.36712929145362,67.14296566837108,144.98335037740443,24.0,39.0,161.0
image_8958.jpg,400,267,1.4981273408239701,63.226161048689136,52.4625936329588,129.4516011235955,35.0,42.0,127.0
image_4804.jpg,640,480,1.3333333333333333,43.36890625,119.88269856770833,107.60703776041667,19.0,123.0,103.0
image_99.jpg,619,720,0.8597222222222223,115.97253859271225,136.40846795907376,117.73581942200683,77.0,121.0,114.0
image_1954.jpg,670,503,1.3320079522862822,106.07774546749354,76.9855167502448,124.87611050117208,138.0,43.0,125.0
image_447.jpg,600,600,1.0,46.82068888888889,96.83149444444444,118.64917777777778,10.0,84.0,123.0
image_2285.jpg,480,720,0.6666666666666666,84.34553530092593,80.5534519675926,220.63647858796296,53.0,51.0,237.0
image_321.jpg,576,720,0.8,16.81140769675926,13.549392361111112,201.8345486111111,0.0,0.0,255.0
image_3825.jpg,515,720,0.7152777777777778,43.434981121898595,99.6916882416397,125.50194174757281,10.0,96.0,125.0
image_8970.jpg,340,270,1.2592592592592593,161.00703703703704,45.36739651416122,122.59205882352941,155.0,20.0,105.0
image_6949.jpg,1280,720,1.7777777777777777,140.18368923611112,56.98516710069445,222.75220052083333,155.0,46.0,242.0
image_6791.jpg,657,606,1.0841584158415842,33.7056929437236,86.68392432850591,99.72737365060706,21.0,92.0,87.0
image_8964.jpg,626,626,1.0,85.78032847125111,41.99530718900877,235.46927599546797,129.0,16.0,253.0
image_335.jpg,925,540,1.712962962962963,111.15880680680681,73.09254254254255,114.96265465465466,132.0,47.0,96.0
image_5298.jpg,400,267,1.4981273408239701,116.90557116104868,30.747930711610486,185.06903558052434,150.0,27.0,204.0
image_3831.jpg,474,588,0.8061224489795918,130.3636226642556,18.4703062659663,221.2134497258819,151.0,11.0,237.0
image_4186.jpg,480,720,0.6666666666666666,75.07388310185185,37.28156539351852,188.32980324074074,36.0,9.0,223.0
image_453.jpg,640,480,1.3333333333333333,141.83124348958333,34.389814453125,160.77534830729167,158.0,20.0,175.0
image_2291.jpg,420,720,0.5833333333333334,27.963994708994708,63.955919312169314,204.14621362433863,16.0,51.0,213.0
image_1798.jpg,626,417,1.501199040767386,36.96060787153025,23.078761272132454,209.5544203614744,31.0,12.0,221.0
image_7302.jpg,480,720,0.6666666666666666,38.549490740740744,60.151354166666664,191.53709780092592,21.0,47.0,203.0
image_66.jpg,800,531,1.5065913370998116,33.059550376647834,47.270115348399244,143.2417372881356,31.0,42.0,148.0
image_8031.jpg,900,685,1.313868613138686,41.84922789943228,112.88365125709652,162.12774533657745,26.0,127.0,169.0
image_1773.jpg,540,720,0.75,25.214452160493828,114.98829732510288,227.30036522633745,29.0,88.0,231.0
image_5515.jpg,570,428,1.3317757009345794,155.02632808657157,114.24446630595179,118.5244794228562,246.0,129.0,113.0
image_3164.jpg,564,376,1.5,43.52911856797948,135.63109250037724,156.78529123283536,22.0,130.0,159.0
image_5273.jpg,400,400,1.0,58.88940625,84.564225,92.81545,42.0,92.0,38.0
image_9449.jpg,442,390,1.1333333333333333,28.651699733147698,15.563945933402946,160.523349576517,19.0,11.0,164.0
image_7464.jpg,962,642,1.4984423676012462,127.1756530074287,65.14261403747385,102.72566887520159,139.0,52.0,101.0
image_8757.jpg,400,600,0.6666666666666666,67.46705833333333,58.341575,211.53035833333334,24.0,33.0,222.0
image_1001.jpg,450,300,1.5,126.20894814814815,139.03931111111112,190.67522222222223,141.0,145.0,217.0
image_7470.jpg,540,720,0.75,74.1026517489712,92.14010802469136,96.19678755144032,31.0,97.0,96.0
image_8743.jpg,597,720,0.8291666666666667,57.496987251070166,55.014775265214965,102.5872068676717,33.0,38.0,97.0
image_4179.jpg,500,500,1.0,32.948752,60.876324,181.35992,33.0,7.0,253.0
image_2508.jpg,340,270,1.2592592592592593,72.81808278867102,41.70190631808279,163.78740740740741,31.0,20.0,174.0
image_5267.jpg,614,460,1.3347826086956522,108.08409219657273,53.36625123920125,149.04405183401784,123.0,30.0,160.0
image_5501.jpg,490,307,1.5960912052117264,163.620541115469,34.05962241574154,96.29944824835472,187.0,24.0,67.0
image_7316.jpg,415,311,1.3344051446945338,119.77403633827916,70.65624297834424,135.3690156122884,163.0,77.0,107.0
image_8025.jpg,360,270,1.3333333333333333,108.0490329218107,109.78307613168724,132.9228806584362,148.0,75.0,129.0
image_72.jpg,618,493,1.2535496957403651,89.96733229615917,23.774207841824378,210.2770764817477,78.0,19.0,213.0
image_1767.jpg,236,186,1.2688172043010753,22.64529797703663,34.001389648259526,220.00523965737196,20.0,22.0,250.0
image_6008.jpg,213,160,1.33125,109.97649647887324,125.7093309859155,156.5762617370892,32.0,121.0,172.0
image_484.jpg,630,437,1.4416475972540046,40.67327013185137,43.63735425520323,109.25493080527406,29.0,37.0,97.0
image_5529.jpg,1024,680,1.5058823529411764,91.13923483455882,124.17143985523897,212.04637522977941,136.0,122.0,230.0
image_3158.jpg,240,160,1.5,38.41783854166667,113.36096354166666,202.319609375,23.0,102.0,226.0
image_4637.jpg,421,550,0.7654545454545455,55.48206434895271,52.2973742172317,183.49599654502268,49.0,13.0,211.0
image_1997.jpg,450,312,1.4423076923076923,98.16070512820512,179.66131054131054,120.99878917378918,135.0,221.0,92.0
image_9313.jpg,260,195,1.3333333333333333,110.51021696252465,17.960216962524655,114.88934911242603,106.0,7.0,144.0
image_6020.jpg,1080,720,1.5,69.17643775720164,79.5224447016461,140.1405825617284,59.0,69.0,152.0
image_9475.jpg,450,300,1.5,47.73434814814815,90.04828888888889,150.27402222222221,19.0,53.0,160.0
image_6746.jpg,340,270,1.2592592592592593,92.10018518518518,13.89186274509804,195.9361111111111,42.0,13.0,196.0
image_1029.jpg,922,692,1.3323699421965318,88.51086792973305,48.082134841322585,132.03171510789562,76.0,35.0,119.0
image_7458.jpg,800,534,1.4981273408239701,135.77437031835206,116.26185627340824,147.27130617977528,146.0,109.0,180.0
image_2520.jpg,375,500,0.75,44.127909333333335,57.548245333333334,147.05571733333332,34.0,43.0,155.0
image_4145.jpg,236,250,0.944,95.18906779661017,92.08149152542373,116.03137288135594,68.0,79.0,98.0
image_2534.jpg,964,643,1.499222395023328,40.53186083129521,49.21652104050644,229.69611939624298,26.0,27.0,241.0
image_9461.jpg,240,240,1.0,14.505104166666667,32.6484375,174.7221875,0.0,0.0,255.0
image_6752.jpg,317,197,1.6091370558375635,95.57357203478038,70.58234719531137,104.7952569296546,65.0,28.0,86.0
image_9307.jpg,480,720,0.6666666666666666,39.75363425925926,185.82116319444444,126.22578993055555,23.0,197.0,111.0
image_6034.jpg,450,450,1.0,30.25036049382716,67.84416790123457,232.50728395061728,0.0,0.0,255.0
image_490.jpg,150,150,1.0,70.42626666666666,89.83342222222223,226.27728888888888,39.0,62.0,253.0
image_2252.jpg,240,320,0.75,75.08165364583333,30.910729166666666,228.66783854166667,18.0,6.0,250.0
image_4623.jpg,400,300,1.3333333333333333,39.4714,101.992675,166.62916666666666,24.0,94.0,170.0
image_2905.jpg,340,270,1.2592592592592593,36.98833333333334,32.122919389978215,215.8885403050109,30.0,14.0,238.0
image_9688.jpg,284,177,1.6045197740112995,90.11822630699452,30.9522956950744,154.55418954404394,98.0,19.0,158.0
image_8596.jpg,259,194,1.3350515463917525,63.253831150738364,44.825976197110215,116.97227640011145,42.0,36.0,123.0
image_5918.jpg,300,450,0.6666666666666666,44.56936296296296,68.3339037037037,150.5986074074074,20.0,48.0,170.0
image_9844.jpg,480,300,1.6,89.74775,61.359652777777775,134.06618055555555,51.0,41.0,144.0
image_2911.jpg,350,500,0.7,74.37004,60.07572571428572,212.87074857142858,0.0,0.0,255.0
image_7699.jpg,450,300,1.5,92.45358518518519,46.904303703703704,151.87063703703703,42.0,20.0,165.0
image_4390.jpg,229,160,1.43125,107.93578056768558,119.89863537117904,220.48291484716157,129.0,138.0,229.0
image_123.jpg,408,612,0.6666666666666666,49.32387383057798,68.04675285146739,148.45398003972832,21.0,39.0,167.0
image_645.jpg,634,668,0.9491017964071856,74.09341884055233,68.36746538468803,129.70677100058558,62.0,57.0,122.0
image_3399.jpg,250,249,1.0040160642570282,73.36404819277108,133.88812851405623,148.6635502008032,44.0,144.0,177.0
image_5930.jpg,270,203,1.3300492610837438,85.92895457033389,67.77188469257435,96.9104542966612,53.0,31.0,83.0
image_2093.jpg,756,514,1.4708171206225682,125.41669497457436,118.57382702324337,149.5155719226731,147.0,105.0,164.0
image_651.jpg,350,350,1.0,20.075412244897958,135.03823673469387,213.60733877551021,21.0,141.0,230.0
image_5924.jpg,80,80,1.0,0.0,0.0,214.609375,0.0,0.0,255.0
image_4384.jpg,726,720,1.0083333333333333,60.00304560759106,152.57284014386286,160.59953321089685,23.0,165.0,170.0
image_137.jpg,340,270,1.2592592592592593,50.925555555555555,79.17632897603485,132.33028322440086,25.0,95.0,131.0
image_7855.jpg,399,244,1.6352459016393444,172.5985866305107,43.52678828218086,131.10550967582893,172.0,39.0,137.0
image_6593.jpg,528,291,1.8144329896907216,39.16470113506196,172.50689237738206,184.90172992814746,34.0,200.0,205.0
image_9878.jpg,640,360,1.7777777777777777,108.56828559027778,68.83457899305556,145.82577256944444,126.0,55.0,194.0
image_7666.jpg,1080,720,1.5,82.72628600823045,144.47064814814814,143.73001028806584,55.0,142.0,140.0
image_1217.jpg,600,400,1.5,85.98757083333334,28.351529166666666,171.50542916666666,56.0,11.0,185.0
image_6578.jpg,320,240,1.3333333333333333,70.82484375,92.417734375,109.32509114583333,55.0,91.0,98.0
image_5071.jpg,236,314,0.7515923566878981,75.34166846593976,157.24315826406132,177.0150734103422,36.0,180.0,195.0
image_3400.jpg,960,720,1.3333333333333333,73.80002604166667,92.48189236111111,142.9989771412037,62.0,61.0,143.0
image_862.jpg,1500,600,2.5,83.84255333333333,85.41496666666667,123.57000444444445,77.0,74.0,123.0
image_3366.jpg,236,332,0.7108433734939759,53.548090667755766,110.38686951194609,128.2120175617725,37.0,111.0,124.0
image_2078.jpg,300,225,1.3333333333333333,143.75207407407407,173.84413333333333,200.5037037037037,155.0,188.0,218.0
image_5717.jpg,1080,720,1.5,26.527793209876542,103.13710262345678,159.2256661522634,18.0,110.0,156.0
image_1571.jpg,700,700,1.0,27.392557142857143,65.34085102040817,163.3601612244898,19.0,55.0,172.0
image_7100.jpg,575,720,0.7986111111111112,56.78599516908213,102.2493961352657,153.18342028985506,20.0,94.0,162.0
image_9139.jpg,389,201,1.935323383084577,35.61649336863242,68.73836473161187,86.75744669966363,16.0,59.0,67.0
image_1565.jpg,450,329,1.3677811550151975,21.950212765957446,153.34247889226612,141.23516379601486,15.0,159.0,136.0
image_8227.jpg,300,225,1.3333333333333333,57.370755555555554,58.6912,111.92893333333333,37.0,61.0,99.0
image_7114.jpg,538,720,0.7472222222222222,64.6118416976456,51.383792854192485,75.6676425030979,49.0,38.0,73.0
image_876.jpg,520,300,1.7333333333333334,145.3475641025641,59.42622435897436,126.92473076923076,156.0,59.0,107.0
image_3372.jpg,256,300,0.8533333333333334,91.7562109375,55.16920572916667,221.57186197916667,49.0,25.0,238.0
image_5703.jpg,960,720,1.3333333333333333,44.74186631944445,60.48824797453704,140.10753038194446,18.0,41.0,160.0
image_5065.jpg,371,371,1.0,92.5163214449183,72.68616909205832,142.79078908174162,112.0,60.0,155.0
image_3414.jpg,400,267,1.4981273408239701,80.1381179775281,101.27403558052434,137.47330524344568,69.0,99.0,143.0
image_8541.jpg,256,256,1.0,38.16514587402344,89.42486572265625,147.39041137695312,42.0,97.0,160.0
image_7672.jpg,540,405,1.3333333333333333,119.96996342021033,103.16740740740741,136.73823045267488,149.0,105.0,144.0
image_9887.jpg,600,450,1.3333333333333333,77.22432222222223,132.58252222222222,158.14821851851852,24.0,138.0,158.0
image_1203.jpg,236,361,0.6537396121883656,32.84413587492371,134.3057890041786,102.06014366871685,19.0,142.0,97.0
image_2722.jpg,390,280,1.3928571428571428,39.65150183150183,107.54139194139194,180.39846153846153,25.0,117.0,198.0
image_4353.jpg,320,320,1.0,38.327138671875,63.100322265625,173.4317578125,9.0,34.0,174.0
image_7882.jpg,960,720,1.3333333333333333,71.01782986111111,64.93873697916666,150.7040668402778,63.0,60.0,147.0
image_6544.jpg,503,720,0.6986111111111111,27.16388336646786,62.982800419704,162.45861497680582,26.0,51.0,169.0
image_9677.jpg,480,327,1.4678899082568808,119.23029434250765,98.8944253312946,126.46064602446484,140.0,89.0,122.0
image_9111.jpg,980,498,1.9678714859437751,119.6568477993607,47.59535283993115,153.35041594951232,155.0,27.0,172.0
image_4435.jpg,300,302,0.9933774834437086,54.98341059602649,63.07472406181015,142.6980353200883,35.0,53.0,162.0
image_2044.jpg,1280,720,1.7777777777777777,93.18837782118055,47.95872504340278,145.99403862847223,141.0,26.0,140.0
image_686.jpg,640,640,1.0,101.72940673828126,91.55451904296875,151.363984375,68.0,75.0,154.0
image_4421.jpg,664,443,1.4988713318284423,72.77194103728685,86.0574158938236,113.10286858494928,56.0,67.0,109.0
image_2050.jpg,236,354,0.6666666666666666,110.33225605668869,104.28183950971943,157.52246720291103,17.0,92.0,162.0
image_692.jpg,450,450,1.0,72.84483456790123,21.91887901234568,238.42591604938272,0.0,0.0,255.0
image_6236.jpg,768,576,1.3333333333333333,113.72754358362269,37.607602719907405,137.60394739221644,149.0,22.0,145.0
image_1559.jpg,480,360,1.3333333333333333,59.11502893518519,29.650023148148147,172.97811342592593,18.0,2.0,193.0
image_7128.jpg,466,350,1.3314285714285714,136.5804353157572,38.2504475781729,218.98482526057634,146.0,12.0,221.0
image_7896.jpg,498,498,1.0,115.68273092369478,161.97278269705328,103.68825502814471,128.0,185.0,70.0
image_6550.jpg,720,481,1.496881496881497,98.29543485793486,68.93274428274428,203.3291637791638,143.0,60.0,223.0
image_9663.jpg,324,400,0.81,63.425046296296294,135.02159722222223,98.23707561728395,25.0,144.0,96.0
image_5059.jpg,800,600,1.3333333333333333,105.37663958333333,67.00590625,187.19806666666668,136.0,65.0,226.0
image_2736.jpg,521,600,0.8683333333333333,123.97486884197058,156.75004158669225,182.18097888675624,146.0,168.0,197.0
image_3428.jpg,700,420,1.6666666666666667,77.82201020408164,125.62048299319729,133.22104761904762,27.0,117.0,137.0
image_4347.jpg,500,443,1.1286681715575622,197.96284424379232,65.62588261851016,216.16404063205417,224.0,64.0,218.0
image_3431.jpg,763,509,1.49901768172888,112.2528664896863,146.86836935166994,80.58988019064442,135.0,156.0,37.0
image_5040.jpg,845,321,2.632398753894081,102.421563531125,45.10091245921584,178.34298881085365,146.0,30.0,197.0
image_6549.jpg,338,338,1.0,95.04575294982669,149.777870172613,81.68344070585763,125.0,154.0,32.0
image_7657.jpg,640,362,1.7679558011049723,57.386153314917124,36.801191298342545,185.7758805248619,14.0,2.0,252.0
image_8564.jpg,300,202,1.4851485148514851,158.7530198019802,32.24950495049505,178.73805280528052,240.0,10.0,203.0
image_7131.jpg,640,640,1.0,123.03052734375,96.1280908203125,160.83558349609376,153.0,109.0,167.0
image_8202.jpg,236,295,0.8,67.64044814708417,59.23618213157139,204.66753806377477,51.0,27.0,215.0
image_1540.jpg,500,500,1.0,14.280084,101.553676,75.224008,0.0,0.0,0.0
image_2049.jpg,738,720,1.025,38.457379177958444,31.724019497139416,209.4102040048178,31.0,14.0,246.0
image_5726.jpg,600,400,1.5,85.5547375,24.452379166666667,198.06059166666665,34.0,9.0,230.0
image_4438.jpg,360,480,0.75,105.05652199074073,105.30279513888888,161.79826967592592,147.0,118.0,165.0
image_3357.jpg,700,500,1.4,51.964174285714286,117.75345142857142,119.00352285714285,42.0,119.0,115.0
image_853.jpg,340,270,1.2592592592592593,75.68986928104574,113.99809368191721,152.82962962962964,67.0,116.0,160.0
image_3343.jpg,717,720,0.9958333333333333,66.09886874322021,67.03360839919418,199.74232140089882,35.0,13.0,214.0
image_847.jpg,254,299,0.8494983277591973,50.132370368419664,81.50647828720406,107.74559555473625,29.0,69.0,102.0
image_7125.jpg,600,213,2.816901408450704,145.56404538341158,54.18766040688576,169.07169796557122,152.0,28.0,212.0
image_8216.jpg,800,534,1.4981273408239701,63.01375234082397,47.20343164794007,147.84102762172284,20.0,29.0,128.0
image_9108.jpg,180,180,1.0,19.020432098765433,27.41006172839506,243.8726851851852,0.0,0.0,255.0
image_1554.jpg,200,150,1.3333333333333333,116.69216666666667,59.44826666666667,134.17933333333335,140.0,28.0,100.0
image_1232.jpg,566,376,1.5053191489361701,63.05605781520187,64.3494051199158,219.51361739718817,23.0,36.0,234.0
image_8570.jpg,612,612,1.0,46.24809101200393,1.1572765816566277,224.06004367978127,0.0,0.0,255.0
image_5054.jpg,416,234,1.7777777777777777,90.68184993425378,66.00900928665352,139.984919460881,27.0,44.0,130.0
image_9646.jpg,600,358,1.675977653631285,125.78645716945996,43.420023277467415,119.01159217877095,156.0,33.0,97.0
image_6575.jpg,300,225,1.3333333333333333,60.87431111111111,68.98081481481482,105.01921481481482,34.0,47.0,127.0
image_8558.jpg,474,474,1.0,39.152107924299884,81.5955731809361,148.4865094625149,31.0,63.0,151.0
image_4362.jpg,640,480,1.3333333333333333,59.753147786458335,104.48836263020833,114.38294921875,57.0,104.0,104.0
image_2075.jpg,490,450,1.0888888888888888,68.41280725623582,108.44516099773243,192.18765532879817,23.0,118.0,202.0
image_4404.jpg,300,225,1.3333333333333333,62.48739259259259,147.6855111111111,112.91631111111111,18.0,156.0,111.0
image_9120.jpg,600,400,1.5,182.54453333333333,171.841725,118.54171666666667,201.0,187.0,107.0
image_6213.jpg,144,220,0.6545454545454545,128.25858585858586,78.72114898989899,78.66051136363636,164.0,70.0,65.0
image_7119.jpg,460,690,0.6666666666666666,117.87662570888469,136.41035286704474,105.90560491493383,176.0,127.0,115.0
image_9134.jpg,613,720,0.8513888888888889,82.91975711437375,52.991281493565346,164.8851912271162,79.0,28.0,170.0
image_6207.jpg,720,720,1.0,42.26562885802469,46.468105709876546,231.46433449074075,0.0,0.0,255.0
image_1568.jpg,600,399,1.5037593984962405,89.40237259816207,52.74615705931495,136.15999164578113,106.0,39.0,143.0
image_2061.jpg,1061,720,1.4736111111111112,149.96737616504345,124.0171863545921,183.58021651481832,155.0,131.0,215.0
image_4410.jpg,236,236,1.0,22.363868141338695,133.8849468543522,198.07169276070096,22.0,142.0,211.0
image_3419.jpg,1120,700,1.6,108.46885331632653,46.36336607142857,103.03529719387755,89.0,37.0,86.0
image_4376.jpg,480,720,0.6666666666666666,98.56516782407408,63.362685185185185,176.41819155092594,146.0,51.0,201.0
image_9652.jpg,400,300,1.3333333333333333,119.4403,76.15428333333334,187.38628333333332,162.0,56.0,193.0
image_6561.jpg,260,280,0.9285714285714286,34.128557692307695,75.84401098901098,130.26938186813186,19.0,56.0,68.0
image_9861.jpg,395,280,1.4107142857142858,131.22379746835443,168.62528028933093,76.12215189873417,146.0,189.0,55.0
image_5083.jpg,618,509,1.2141453831041258,75.99759665821047,65.77433065659552,92.2721943527826,56.0,50.0,71.0
image_2934.jpg,260,195,1.3333333333333333,41.56715976331361,137.34613412228796,119.01840236686391,29.0,121.0,121.0
image_3394.jpg,900,600,1.5,110.63382407407407,76.63475555555556,135.06045925925926,146.0,45.0,150.0
image_890.jpg,287,400,0.7175,0.0,0.0,199.71142857142857,0.0,0.0,253.0
image_648.jpg,224,298,0.7516778523489933,124.94975431447747,94.81338386864813,94.7353487535954,131.0,71.0,76.0
image_1597.jpg,413,640,0.6453125,63.83652391041162,64.74402239709443,172.55568628934626,49.0,50.0,198.0
image_3380.jpg,236,239,0.9874476987447699,58.5080136160556,42.081714062832425,160.83469257499468,45.0,28.0,160.0
image_5929.jpg,479,720,0.6652777777777777,31.51996056599397,87.75003189515193,123.92774588262584,20.0,83.0,124.0
image_884.jpg,300,299,1.0033444816053512,27.963745819397992,143.95614269788183,146.02250836120402,21.0,133.0,147.0
image_5097.jpg,400,267,1.4981273408239701,161.86121722846443,114.67841760299625,119.94480337078652,170.0,109.0,103.0
image_2920.jpg,375,500,0.75,20.289466666666666,32.8084,240.032352,0.0,0.0,255.0
image_4389.jpg,564,423,1.3333333333333333,56.926550475328206,83.32504233522793,168.2043450195329,35.0,62.0,183.0
image_7680.jpg,1024,683,1.499267935578331,98.18483625777819,88.13285110495974,165.98202867633603,144.0,73.0,163.0
image_9875.jpg,570,348,1.6379310344827587,78.76562310949788,71.88004638031862,197.62119883040936,49.0,59.0,206.0
image_7858.jpg,571,571,1.0,96.25194377394254,71.52858996261206,146.43053481003923,79.0,39.0,157.0
image_112.jpg,236,218,1.0825688073394495,124.76654097341005,86.66395195148499,143.45535297776397,180.0,103.0,148.0
image_2908.jpg,474,296,1.6013513513513513,35.90283954840917,131.95232495153383,132.67957435283384,24.0,133.0,147.0
image_7870.jpg,280,280,1.0,28.466428571428573,187.3434056122449,142.40677295918368,14.0,221.0,161.0
image_9685.jpg,111,177,0.6271186440677966,106.19911436860589,101.3066116964422,144.25851275003816,152.0,70.0,125.0
image_674.jpg,600,354,1.694915254237288,88.48367231638419,54.10854990583804,183.7713229755179,116.0,27.0,191.0
image_5915.jpg,720,480,1.5,20.296200810185184,84.440234375,198.04020254629629,18.0,58.0,231.0
image_660.jpg,240,135,1.7777777777777777,73.36888888888889,176.06583333333333,148.52095679012345,39.0,223.0,152.0
image_9691.jpg,300,450,0.6666666666666666,38.3138962962963,13.143133333333333,231.8604,0.0,0.0,247.0
image_106.jpg,598,499,1.1983967935871744,30.72690531564802,135.28839619037407,124.61670833305406,22.0,143.0,115.0
image_3155.jpg,1169,720,1.6236111111111111,49.84656045052752,109.4273369926813,127.0111360612109,48.0,91.0,114.0
image_489.jpg,150,150,1.0,95.39355555555555,54.06377777777778,191.56955555555555,50.0,17.0,191.0
image_5524.jpg,300,300,1.0,90.60308888888889,69.75485555555555,102.4093,19.0,67.0,89.0
image_1742.jpg,800,424,1.8867924528301887,109.9657458726415,70.00102004716982,126.95119693396227,141.0,59.0,147.0
image_8000.jpg,400,266,1.5037593984962405,74.09904135338346,133.86818609022558,127.56673872180451,54.0,118.0,129.0
image_57.jpg,236,426,0.5539906103286385,72.12219503461446,91.03426633245803,118.15018500835522,29.0,78.0,107.0
image_7333.jpg,330,248,1.3306451612903225,153.8881964809384,64.92991202346042,169.09109237536657,124.0,31.0,182.0
image_6993.jpg,500,306,1.6339869281045751,74.43856862745098,77.93667973856209,139.18375163398693,51.0,64.0,137.0
image_8766.jpg,182,300,0.6066666666666667,98.77379120879121,79.16760073260073,119.42333333333333,112.0,70.0,113.0
image_7455.jpg,450,300,1.5,132.74325925925925,74.35477037037037,67.24931851851852,178.0,50.0,55.0
image_1024.jpg,236,233,1.0128755364806867,52.829944715210594,28.757983560049464,187.20166218083946,26.0,16.0,209.0
image_5242.jpg,157,256,0.61328125,21.138186703821656,116.72594048566879,176.47126293789808,20.0,162.0,155.0
image_2.jpg,300,225,1.3333333333333333,55.802874074074076,50.248385185185185,111.72616296296296,42.0,37.0,98.0
image_3633.jpg,347,470,0.7382978723404255,132.8020724753204,88.59212091483231,134.7614752590594,152.0,70.0,138.0
image_2539.jpg,1020,574,1.7770034843205575,33.302117920338866,170.8681987429118,86.72414258386281,21.0,180.0,63.0
image_5256.jpg,402,301,1.3355481727574752,150.4535627510289,119.76055767673262,136.56389977025174,161.0,112.0,134.0
image_4148.jpg,450,300,1.5,108.63554814814815,85.0113037037037,159.84653333333333,127.0,46.0,182.0
image_3627.jpg,949,720,1.3180555555555555,85.46500995199625,108.1562668305819,49.480270167427705,42.0,98.0,27.0
image_6987.jpg,720,720,1.0,210.87768904320987,40.49514853395062,224.57280092592592,239.0,37.0,225.0
image_7441.jpg,600,450,1.3333333333333333,101.98307037037037,13.931959259259258,165.34328888888888,116.0,6.0,185.0
image_1030.jpg,180,145,1.2413793103448276,66.16429118773947,46.7388122605364,128.03988505747125,34.0,27.0,127.0
image_1756.jpg,760,400,1.9,82.7785230263158,164.32539802631578,171.73371052631578,39.0,178.0,171.0
image_8014.jpg,215,330,0.6515151515151515,24.743678646934463,88.46257928118393,167.9771106412967,25.0,89.0,163.0
image_7327.jpg,350,420,0.8333333333333334,60.302673469387756,15.203972789115646,210.50139455782312,29.0,6.0,217.0
image_3141.jpg,550,390,1.4102564102564104,21.008289044289043,104.71647552447553,145.235655011655,18.0,75.0,154.0
image_5530.jpg,462,640,0.721875,129.49410173160175,47.40490395021645,158.2860558712121,127.0,37.0,177.0
image_6011.jpg,250,200,1.25,111.5235,44.47558,202.2662,131.0,20.0,232.0
image_9322.jpg,450,675,0.6666666666666666,89.0042962962963,36.367338271604936,169.16799341563785,42.0,26.0,177.0
image_3169.jpg,425,599,0.7095158597662772,106.10777177649022,156.61196896788766,81.76381812825296,18.0,160.0,65.0
image_4606.jpg,479,720,0.6652777777777777,34.3794885177453,74.61230572952911,123.34566805845512,21.0,65.0,118.0
image_5518.jpg,293,172,1.7034883720930232,105.59867846654497,77.11100087308516,141.53545916342566,144.0,67.0,146.0
image_2277.jpg,675,720,0.9375,92.7711378600823,28.246316872427983,187.20885185185185,100.0,16.0,195.0
image_2511.jpg,740,555,1.3333333333333333,62.79444363282201,69.40749208668127,167.2428171414658,30.0,55.0,166.0
image_4160.jpg,755,500,1.51,79.94078145695364,71.60573774834437,120.90467019867549,42.0,61.0,122.0
image_7469.jpg,633,474,1.3354430379746836,134.45333320001868,125.86248925150478,112.58960412208957,156.0,138.0,94.0
image_6777.jpg,440,264,1.6666666666666667,37.75567320936639,71.34816632231404,188.67744490358126,27.0,60.0,207.0
image_8982.jpg,275,206,1.3349514563106797,104.92924977934686,52.61680494263018,124.32799646954987,143.0,47.0,120.0
image_1018.jpg,238,250,0.952,35.727226890756306,41.168,223.15831932773108,0.0,0.0,255.0
image_6763.jpg,570,321,1.7757009345794392,84.13653057878341,36.548182762201456,168.68129201508444,31.0,12.0,193.0
image_9450.jpg,736,552,1.3333333333333333,38.569670073251416,45.41441694234405,170.63968966603656,27.0,33.0,196.0
image_2505.jpg,450,450,1.0,52.6029037037037,178.36478518518518,208.5148938271605,30.0,199.0,237.0
image_4174.jpg,338,338,1.0,104.45826476663983,121.72772311893841,178.08796085571234,128.0,125.0,195.0
image_4612.jpg,550,413,1.3317191283292977,74.50101694915254,114.64434954875632,151.62539291217257,58.0,95.0,168.0
image_6005.jpg,960,641,1.497659906396256,50.672882540301615,135.50813995059804,166.12591816172647,30.0,140.0,176.0
image_9336.jpg,220,182,1.2087912087912087,147.97095404595404,36.05754245754246,176.5456793206793,158.0,26.0,182.0
image_8028.jpg,720,425,1.6941176470588235,121.47072549019607,82.7570294117647,177.81435294117648,141.0,56.0,195.0
image_94.jpg,236,270,0.8740740740740741,99.50298179535467,37.49606089139987,212.4872567482737,26.0,30.0,230.0
image_1959.jpg,347,500,0.694,65.32156195965418,56.84820749279539,216.22572910662825,0.0,0.0,255.0
image_1781.jpg,532,720,0.7388888888888889,132.1936873433584,151.31483395989974,133.34758249791145,154.0,167.0,163.0
image_4821.jpg,235,354,0.6638418079096046,59.65537925231398,107.36336098088712,134.96314460872702,22.0,91.0,134.0
image_3196.jpg,404,363,1.1129476584022038,22.875187518751876,158.27737091891007,122.77331369500587,21.0,160.0,120.0
image_3828.jpg,400,274,1.4598540145985401,39.48896897810219,51.95349452554745,211.6159489051095,23.0,2.0,234.0
image_6788.jpg,236,207,1.1400966183574879,97.28711209367067,70.90475313190862,171.34139850978465,141.0,41.0,172.0
image_6950.jpg,215,288,0.7465277777777778,129.8640180878553,137.31991279069769,91.80658914728683,203.0,126.0,60.0
image_7496.jpg,480,720,0.6666666666666666,99.55811921296296,119.48369791666667,166.87493923611112,68.0,114.0,183.0
image_8969.jpg,480,720,0.6666666666666666,74.06257233796296,72.08863715277778,188.97201388888888,60.0,66.0,208.0
image_6944.jpg,474,374,1.267379679144385,166.9060391705589,116.41557232789549,126.53329835962003,229.0,119.0,114.0
image_7482.jpg,400,600,0.6666666666666666,62.722208333333334,55.893504166666666,210.46422916666666,24.0,29.0,215.0
image_338.jpg,330,248,1.3306451612903225,53.82066226783969,73.35436217008798,80.05238269794721,35.0,63.0,55.0
image_5295.jpg,750,530,1.4150943396226414,83.29721509433962,148.42971320754717,212.53889056603774,6.0,161.0,223.0
image_4835.jpg,597,720,0.8291666666666667,28.92003768844221,67.27532802903406,153.52727991810906,22.0,66.0,168.0
image_3182.jpg,218,160,1.3625,33.55160550458716,56.18813073394495,186.95108944954129,30.0,45.0,185.0
image_80.jpg,275,183,1.5027322404371584,59.48272230501739,111.09718827620468,123.42851465474416,58.0,109.0,132.0
image_1795.jpg,330,446,0.7399103139013453,86.60517733387688,25.084236988721294,144.12935860850658,127.0,23.0,132.0
image_476.jpg,540,720,0.75,85.28167952674897,112.80408436213992,129.52166152263374,103.0,101.0,135.0
image_1965.jpg,520,480,1.0833333333333333,79.45197516025641,34.708697916666665,145.94899439102565,79.0,28.0,127.0
image_8941.jpg,350,350,1.0,61.678008163265304,90.58485714285715,187.17420408163267,21.0,93.0,209.0
image_8799.jpg,425,425,1.0,123.82078339100346,15.447540484429066,227.68751280276817,155.0,3.0,236.0
image_3814.jpg,210,230,0.9130434782608695,47.457971014492756,25.816335403726708,225.60192546583852,1.0,2.0,248.0
image_310.jpg,347,523,0.6634799235181644,34.645141915682636,137.19295132823822,138.41437395650235,31.0,134.0,143.0
image_3800.jpg,513,720,0.7125,92.07727961880009,39.027171323370155,179.86013374485597,113.0,17.0,197.0
image_304.jpg,720,720,1.0,56.77835455246914,94.72142939814815,126.79749421296296,24.0,78.0,125.0
image_9493.jpg,600,400,1.5,130.950075,75.465525,199.8458,144.0,48.0,223.0
image_8955.jpg,481,720,0.6680555555555555,114.1741886116886,63.03504851004851,122.24622025872026,145.0,61.0,145.0
image_6978.jpg,480,720,0.6666666666666666,58.829105902777776,95.2139380787037,156.53490451388888,15.0,87.0,148.0
image_1971.jpg,267,400,0.6675,112.12153558052434,17.69058988764045,214.69761235955056,136.0,11.0,227.0
image_462.jpg,170,135,1.2592592592592593,113.77424836601307,47.33102396514161,177.337908496732,106.0,14.0,198.0
image_4809.jpg,236,236,1.0,80.88661663315139,13.500107727664464,222.74716317150245,0.0,0.0,245.0
image_5450.jpg,275,183,1.5027322404371584,81.54984600099354,106.99737704918033,105.88530551415798,26.0,98.0,91.0
image_3021.jpg,1032,720,1.4333333333333333,98.19246877691646,115.70035798880275,49.77698777993109,85.0,113.0,21.0
image_8174.jpg,676,410,1.648780487804878,25.161069418386493,49.17444797229037,19.414883100014432,0.0,0.0,0.0
image_7247.jpg,1000,668,1.4970059880239521,103.64814071856287,139.94935778443113,66.87186976047904,82.0,140.0,25.0
image_6159.jpg,236,325,0.7261538461538461,65.21541069100391,88.56649282920469,207.92859191655802,50.0,54.0,249.0
image_1636.jpg,474,474,1.0,76.03112927059409,69.69217005821717,162.0538864854279,28.0,66.0,167.0
image_1150.jpg,1280,720,1.7777777777777777,83.24739583333333,65.99485460069444,187.47626953125,49.0,43.0,229.0
image_8612.jpg,615,409,1.5036674816625917,81.57198401812869,68.23687359611982,110.87052298884846,73.0,45.0,110.0
image_7521.jpg,709,720,0.9847222222222223,25.332146215326752,98.3116654913023,149.2890064253252,28.0,67.0,164.0
image_3747.jpg,1280,717,1.7852161785216178,115.0971746426081,159.69816727684798,141.5834728033473,108.0,186.0,140.0
image_4028.jpg,1080,720,1.5,47.17099922839506,113.94738297325102,136.30141203703704,24.0,104.0,124.0
image_5336.jpg,416,374,1.1122994652406417,82.71868572603867,108.344906931304,66.28714392225422,51.0,122.0,40.0
image_2459.jpg,480,720,0.6666666666666666,84.33445023148148,31.411487268518517,161.90954282407407,49.0,9.0,185.0
image_3753.jpg,600,360,1.6666666666666667,53.433425925925924,79.81480555555555,196.73385185185185,29.0,42.0,208.0
image_1144.jpg,780,336,2.3214285714285716,159.85421245421244,152.55865766178266,184.5027129120879,230.0,173.0,198.0
image_9518.jpg,540,720,0.75,25.261885288065844,8.063593106995885,225.11454475308642,0.0,0.0,255.0
image_8606.jpg,236,180,1.3111111111111111,79.37758945386064,67.93446327683615,95.57636534839925,44.0,57.0,85.0
image_7535.jpg,508,720,0.7055555555555556,61.07441218285214,26.465291447944008,189.33039971566055,42.0,8.0,217.0
image_8160.jpg,540,720,0.75,75.2567566872428,66.68641975308643,133.2108410493827,33.0,59.0,143.0
image_7253.jpg,216,160,1.35,24.61183449074074,187.71319444444444,196.9622974537037,20.0,199.0,208.0
image_1622.jpg,236,365,0.6465753424657534,99.85924077083817,45.56458091478988,202.50713954028325,36.0,16.0,215.0
image_4982.jpg,236,302,0.7814569536423841,0.0,0.0,111.94512571556852,0.0,0.0,98.0
image_3035.jpg,960,420,2.2857142857142856,54.95111607142857,106.01017857142857,153.59205109126984,35.0,93.0,154.0
image_8148.jpg,203,306,0.6633986928104575,28.76361119160308,79.98122927331852,156.90965581634953,19.0,69.5,170.0
image_6165.jpg,390,285,1.368421052631579,98.23380116959065,103.06403058929375,153.56707152496625,29.0,67.0,152.0
image_9256.jpg,247,329,0.7507598784194529,29.36041002670342,75.9002005832913,132.12848405793534,17.0,75.0,132.0
image_2303.jpg,960,720,1.3333333333333333,78.97868200231481,97.37530815972222,120.91969762731482,56.0,85.0,121.0
image_4772.jpg,236,269,0.8773234200743495,90.11554092369731,18.949294310377418,173.2080681746582,93.0,13.0,186.0
image_4014.jpg,480,720,0.6666666666666666,159.36021412037036,32.49258101851852,90.69497395833334,176.0,26.0,97.0
image_2465.jpg,264,264,1.0,57.25064566115702,12.267935032139578,216.42075585399448,34.0,2.0,227.0
image_6603.jpg,721,720,1.0013888888888889,77.2636885498536,85.60819271074125,148.7508514409,29.0,91.0,158.0
image_9530.jpg,480,360,1.3333333333333333,36.80575231481482,178.7658101851852,31.57620949074074,8.0,238.0,15.0
image_6617.jpg,320,320,1.0,58.319716796875,39.2802734375,180.65107421875,24.0,39.0,191.0
image_9524.jpg,450,450,1.0,21.32041975308642,153.37064197530864,153.74905185185185,22.0,160.0,172.0
image_7509.jpg,600,600,1.0,48.222425,139.7765388888889,170.57179722222222,22.0,142.0,188.0
image_4000.jpg,340,270,1.2592592592592593,66.74610021786492,68.69184095860567,191.79400871459694,22.0,53.0,192.0
image_2471.jpg,80,80,1.0,0.0,0.0,214.609375,0.0,0.0,255.0
image_2317.jpg,500,500,1.0,27.881592,32.145476,210.803636,0.0,0.0,255.0
image_5478.jpg,540,360,1.5,82.18279320987655,43.52546296296296,122.66376543209877,28.0,25.0,110.0
image_4766.jpg,236,236,1.0,20.185884085033038,97.04479675380638,127.41688810686584,19.0,89.0,140.0
image_6171.jpg,616,347,1.7752161383285303,40.16892941352596,26.43889647816161,212.1220573374752,31.0,12.0,232.0
image_9242.jpg,345,240,1.4375,37.46643719806763,117.97391304347826,227.86371980676327,34.0,107.0,254.0
image_7284.jpg,299,299,1.0,122.10232547734365,92.7174863815841,158.1055469178197,158.0,61.0,171.0
image_4955.jpg,187,300,0.6233333333333333,38.309465240641714,23.05524064171123,233.521568627451,18.0,10.0,245.0
image_5493.jpg,1000,666,1.5015015015015014,110.07604054054055,110.5129084084084,112.08304954954954,51.0,85.0,104.0
image_258.jpg,800,534,1.4981273408239701,30.936783707865168,201.00948033707866,101.82504213483146,14.0,213.0,85.0
image_3784.jpg,360,240,1.5,238.41368055555554,71.85189814814815,220.6926273148148,240.0,48.0,224.0
image_6824.jpg,300,300,1.0,83.2711,139.4996111111111,111.42973333333333,66.0,152.0,92.0
image_8809.jpg,480,720,0.6666666666666666,97.82852141203703,113.47223958333333,122.41441550925926,70.0,102.0,119.0
image_1193.jpg,480,720,0.6666666666666666,72.73581018518519,84.7542332175926,167.7359837962963,29.0,64.0,197.0
image_6830.jpg,480,640,0.75,56.725029296875,79.30192708333334,129.89391276041667,30.0,40.0,132.0
image_1187.jpg,320,320,1.0,28.221181640625,102.537236328125,206.395302734375,25.0,91.0,216.0
image_3948.jpg,1000,666,1.5015015015015014,62.73684984984985,81.37068768768769,117.84884534534534,35.0,72.0,90.0
image_3790.jpg,250,250,1.0,121.064592,51.989968,175.215392,161.0,5.0,221.0
image_4799.jpg,1024,683,1.499267935578331,81.76138560349561,104.95502665172035,85.58434897739751,75.0,89.0,60.0
image_4941.jpg,240,160,1.5,40.743177083333336,113.10606770833333,133.48828125,16.0,112.0,139.0
image_7290.jpg,474,479,0.9895615866388309,157.55571117747064,59.10378513605173,161.9620253164557,213.0,40.0,146.0
image_4969.jpg,460,345,1.3333333333333333,195.95722117202268,155.77657214870825,109.47867674858223,192.0,164.0,88.0
image_502.jpg,803,573,1.4013961605584642,61.15849812765828,145.94534022720208,172.96796480910373,41.0,173.0,184.0
image_9295.jpg,236,354,0.6666666666666666,77.42287896198411,58.721452168916976,155.58132241693,38.0,58.0,163.0
image_1811.jpg,450,299,1.5050167224080269,53.42507617985879,74.41892976588629,37.01705685618729,6.0,36.0,5.0
image_6818.jpg,640,480,1.3333333333333333,34.23180989583334,149.84986979166666,132.55216145833333,11.0,152.0,145.0
image_8835.jpg,384,720,0.5333333333333333,72.94342086226852,130.4586841724537,130.6350802951389,20.0,122.0,119.0
image_264.jpg,127,170,0.7470588235294118,132.7836498378879,143.6309865678555,150.12663270032422,136.0,156.0,173.0
image_3974.jpg,800,450,1.7777777777777777,114.45740555555555,62.558280555555555,185.8546,137.0,54.0,189.0
image_270.jpg,1081,720,1.5013888888888889,101.41494372494604,114.95239233220269,149.63077525953335,104.0,104.0,160.0
image_8821.jpg,236,356,0.6629213483146067,45.83137735669396,38.7695081889164,206.5633688821177,49.0,6.0,221.0
image_9281.jpg,200,345,0.5797101449275363,41.3448115942029,124.55110144927536,185.27855072463768,42.0,142.0,187.0
image_1805.jpg,540,720,0.75,86.23693158436214,59.75645576131687,174.62277520576131,18.0,47.0,197.0
image_516.jpg,800,533,1.5009380863039399,122.05299953095685,82.95088414634147,154.48136960600374,146.0,52.0,163.0
image_5134.jpg,576,720,0.8,91.94730661651235,68.96423369984568,149.39830005787036,35.0,41.0,142.0
image_2883.jpg,720,720,1.0,9.23467399691358,3.836280864197531,251.7327488425926,0.0,0.0,255.0
image_3545.jpg,340,270,1.2592592592592593,40.27943355119826,182.55745098039216,120.7529302832244,17.0,220.0,101.0
image_7723.jpg,500,394,1.2690355329949239,159.3000964467005,58.74040101522843,198.33072588832488,228.0,36.0,216.0
image_8410.jpg,492,328,1.5,81.67072551060876,103.56098180646441,180.04781380130873,46.0,96.0,207.0
image_1352.jpg,236,267,0.8838951310861424,89.26136291500032,84.86908842760108,175.45730971878373,98.0,73.0,207.0
image_1434.jpg,717,720,0.9958333333333333,92.25020533085387,43.95834689291802,212.38100108476678,47.0,38.0,238.0
image_9068.jpg,550,412,1.3349514563106797,41.89284642541924,108.36180494263019,130.58412621359224,19.0,107.0,127.0
image_7045.jpg,450,252,1.7857142857142858,112.55212522045855,49.58694885361552,160.84239858906525,163.0,29.0,188.0
image_8376.jpg,600,399,1.5037593984962405,85.2887552213868,136.8137343358396,147.9396574770259,15.0,130.0,163.0
image_3223.jpg,1345,630,2.134920634920635,85.16062075883637,147.66861037351742,123.07570189414055,87.0,150.0,114.0
image_927.jpg,1024,604,1.695364238410596,24.371153572537253,92.26674060947848,178.45399000155214,21.0,79.0,200.0
image_5652.jpg,480,720,0.6666666666666666,49.35963541666667,147.32587962962964,141.8194704861111,31.0,154.0,147.0
image_933.jpg,267,400,0.6675,39.33581460674157,139.53429775280898,122.08375468164795,23.0,140.0,131.0
image_4558.jpg,477,720,0.6625,100.1679070580014,100.14714069415328,141.48236664337293,38.0,89.0,132.0
image_5646.jpg,1018,720,1.413888888888889,81.38500327439424,110.07126036891509,164.94760150622136,93.0,113.0,151.0
image_2129.jpg,450,300,1.5,19.06216296296296,163.47285925925925,122.11857777777777,19.0,157.0,117.0
image_1420.jpg,337,480,0.7020833333333333,82.73678288822947,18.68015578635015,178.9125556379822,106.0,11.0,177.0
image_7051.jpg,640,427,1.4988290398126465,77.79563817330211,65.9956637880562,149.90367022833723,46.0,32.0,196.0
image_8362.jpg,249,250,0.996,74.99865060240964,29.967967871485943,198.34234538152612,50.0,13.0,208.0
image_7737.jpg,800,400,2.0,43.586340625,67.583296875,185.9198375,18.0,50.0,208.0
image_1346.jpg,400,339,1.1799410029498525,41.46105457227139,155.5175516224189,116.61330383480826,41.0,149.0,121.0
image_2897.jpg,80,80,1.0,0.0,0.0,214.609375,0.0,0.0,255.0
image_9732.jpg,236,316,0.7468354430379747,35.84977740828148,59.01963098047629,197.79400879639562,23.0,42.0,207.0
image_6401.jpg,750,500,1.5,97.1862,106.90054133333334,141.63035733333334,117.0,74.0,158.0
image_2667.jpg,500,333,1.5015015015015014,91.57715315315315,116.59633633633634,161.16686486486486,68.0,114.0,155.0
image_5108.jpg,912,350,2.605714285714286,53.36578634085213,120.70289473684211,121.34447368421053,32.0,122.0,119.0
image_4216.jpg,500,375,1.3333333333333333,143.86522666666667,33.57208,222.07925333333333,146.0,33.0,228.0
image_3579.jpg,236,236,1.0,61.14347529445562,74.6694376615915,147.34244829072105,49.0,55.0,132.0
image_4570.jpg,450,450,1.0,86.15002962962963,94.88472592592592,128.2168197530864,59.0,80.0,123.0
image_2101.jpg,540,720,0.75,29.280380658436215,100.39502057613169,169.00337705761316,30.0,94.0,175.0
image_1408.jpg,820,462,1.774891774891775,90.49903125329955,108.11377890402281,119.3770509977827,99.0,101.0,103.0
image_9054.jpg,474,364,1.3021978021978022,23.795277507302824,92.82506839152408,161.05970348217184,26.0,82.0,163.0
image_6367.jpg,450,450,1.0,120.94662222222222,101.67898271604938,219.06873086419753,135.0,138.0,208.0
image_7079.jpg,238,250,0.952,196.6811932773109,130.70036974789915,172.0724705882353,245.0,173.0,186.0
image_9040.jpg,450,252,1.7857142857142858,85.18743386243386,120.1765873015873,120.96353615520282,61.0,105.0,109.0
image_6373.jpg,464,310,1.4967741935483871,38.33704810901001,68.80199527252503,150.8701543381535,22.0,44.0,151.0
image_4564.jpg,300,175,1.7142857142857142,48.480380952380955,92.43731428571428,83.38379047619047,25.0,80.0,80.0
image_2115.jpg,980,653,1.5007656967840735,67.3252836203394,53.628583929743414,197.09434947026284,19.0,42.0,210.0
image_2673.jpg,192,108,1.7777777777777777,83.44926697530865,46.06495949074074,123.26885609567901,48.0,34.0,116.0
image_4202.jpg,236,236,1.0,56.61358086756679,129.7786555587475,142.53727377190464,21.0,131.0,157.0
image_8438.jpg,645,720,0.8958333333333334,25.217713178294574,78.69391688199828,142.84653316106804,22.0,75.0,148.0
image_9726.jpg,515,720,0.7152777777777778,65.05403182308523,102.78920442286947,189.90488133764833,34.0,103.0,201.0
image_7938.jpg,426,579,0.7357512953367875,63.6739035247756,68.97650149602276,127.68802452017806,42.0,49.0,135.0
image_1391.jpg,800,402,1.9900497512437811,106.00633706467661,40.99478233830846,144.82107276119402,143.0,15.0,142.0
image_2840.jpg,450,450,1.0,32.909313580246916,12.807032098765433,248.94558024691358,0.0,0.0,255.0
image_3586.jpg,450,450,1.0,51.55838518518519,33.14647407407407,227.9394074074074,13.0,1.0,255.0
image_2698.jpg,300,300,1.0,66.27554444444445,93.58127777777777,110.81731111111111,48.0,79.0,81.0
image_5691.jpg,300,400,0.75,79.65073333333333,68.73926666666667,170.496425,24.0,52.0,168.0
image_5849.jpg,640,480,1.3333333333333333,64.362314453125,33.5373828125,183.68203450520832,28.0,11.0,211.0
image_7086.jpg,450,252,1.7857142857142858,90.5994708994709,93.04831569664903,72.87728395061728,106.0,68.0,45.0
image_6398.jpg,280,400,0.7,68.51410714285714,23.34886607142857,226.64882142857144,0.0,0.0,254.0
image_7092.jpg,500,486,1.02880658436214,92.1778683127572,86.83444855967078,141.12323456790122,25.0,95.0,131.0
image_5685.jpg,359,450,0.7977777777777778,128.9796843082637,67.62410399257196,240.07564221603218,140.0,32.0,253.0
image_2854.jpg,481,720,0.6680555555555555,57.706401593901596,65.49715580965581,203.4978776853777,34.0,23.0,229.0
image_1385.jpg,450,450,1.0,83.51692839506173,42.09444938271605,222.57632592592591,70.0,5.0,233.0
image_9901.jpg,1037,720,1.4402777777777778,156.509533376192,99.18215471981142,66.85757125254473,216.0,92.0,37.0
image_7904.jpg,600,451,1.3303769401330376,133.20058758314855,108.91575388026608,143.73195861049518,141.0,118.0,138.0
image_9929.jpg,200,200,1.0,48.730075,99.037975,143.30305,34.0,94.0,143.0
image_8389.jpg,170,135,1.2592592592592593,84.46915032679739,65.6560348583878,163.1773420479303,49.0,10.0,185.0
image_9097.jpg,580,677,0.8567208271787297,103.96960474710946,70.42885193297,121.06282279834971,138.0,64.0,118.0
image_714.jpg,600,400,1.5,60.53899583333333,66.64374166666667,16.856904166666666,0.0,0.0,0.0
image_5861.jpg,474,352,1.3465909090909092,57.68630729766014,24.473808496355964,178.58170910049867,49.0,18.0,186.0
image_9083.jpg,570,370,1.5405405405405406,113.78403034613561,78.19436699857752,126.93554291133239,116.0,72.0,121.0
image_7910.jpg,620,349,1.7765042979942693,24.44713929198632,210.6298641279231,100.48763748960162,24.0,213.0,89.0
image_2868.jpg,474,470,1.0085106382978724,85.51218242212047,29.794205045336206,225.4529984738307,36.0,16.0,236.0
image_9082.jpg,360,240,1.5,133.30729166666666,95.5260763888889,103.67976851851851,184.0,94.0,79.0
image_5860.jpg,300,300,1.0,101.92266666666667,144.80832222222222,131.10897777777777,142.0,171.0,142.0
image_715.jpg,300,212,1.4150943396226414,68.74454402515724,69.06754716981132,64.63275157232704,23.0,49.0,57.0
image_2869.jpg,300,200,1.5,33.437733333333334,105.04103333333333,35.515633333333334,4.0,76.0,6.0
image_7911.jpg,460,460,1.0,121.92498582230624,79.2690359168242,161.93787807183364,154.0,9.0,191.0
image_9928.jpg,238,250,0.952,61.07931092436975,39.22964705882353,219.73843697478992,6.0,2.0,255.0
image_5874.jpg,400,268,1.492537313432836,104.29159514925374,75.75238805970149,135.98152052238805,144.0,52.0,111.0
image_9096.jpg,760,508,1.4960629921259843,81.15775227932035,107.20632770410278,132.8979978242851,69.0,104.0,123.0
image_8388.jpg,460,276,1.6666666666666667,103.705277252678,86.93187618147448,191.36833648393196,138.0,77.0,197.0
image_729.jpg,800,450,1.7777777777777777,60.08515277777778,78.83964722222223,127.03050833333333,27.0,66.0,112.0
image_5684.jpg,300,221,1.3574660633484164,49.165927601809955,73.81509803921568,145.94435897435898,33.0,80.0,139.0
image_7093.jpg,611,407,1.5012285012285012,51.5615758594482,102.3103825444251,140.62312558057238,26.0,102.0,157.0
image_9900.jpg,466,461,1.0108459869848156,25.886317298651,171.2923528809362,192.76238909629188,19.0,172.0,187.0
image_1384.jpg,800,530,1.509433962264151,34.93457783018868,133.6607429245283,167.5993466981132,20.0,131.0,169.0
image_3593.jpg,480,270,1.7777777777777777,110.09850308641975,15.357345679012345,122.73703703703704,155.0,5.0,115.0
image_2855.jpg,800,600,1.3333333333333333,102.51902291666667,49.011691666666664,108.20943333333334,112.0,33.0,92.0
image_2699.jpg,360,240,1.5,123.91082175925926,123.94976851851852,191.70150462962962,146.0,136.0,185.0
image_3587.jpg,950,633,1.5007898894154819,62.40067847343477,111.93486488733683,120.88787062442837,35.0,111.0,115.0
image_2841.jpg,365,273,1.336996336996337,111.76311907270811,96.27646143810527,177.588228210146,142.0,100.0,191.0
image_9914.jpg,480,720,0.6666666666666666,59.22423032407407,16.022068865740742,206.71689814814815,35.0,10.0,209.0
image_1390.jpg,450,300,1.5,57.8116,85.04566666666666,139.13811851851852,22.0,77.0,147.0
image_7939.jpg,236,177,1.3333333333333333,121.65278176769128,59.04321076319066,205.73920329407258,138.0,40.0,220.0
image_6399.jpg,959,720,1.3319444444444444,50.12010630286178,90.37969093963619,147.5236632487545,11.0,79.0,153.0
image_7087.jpg,900,675,1.3333333333333333,73.34576625514403,184.0174353909465,79.35873086419753,32.0,205.0,81.0
image_5848.jpg,307,160,1.91875,97.25175081433225,104.37375814332248,142.82911237785015,60.0,91.0,147.0
image_5690.jpg,423,720,0.5875,45.38671526136065,32.84600078802207,192.08585828736537,0.0,0.0,255.0
image_2114.jpg,240,160,1.5,74.78684895833334,132.64721354166667,104.87627604166667,59.0,137.0,95.0
image_4565.jpg,380,253,1.5019762845849802,90.27726232577491,49.26305387975869,189.92411067193675,127.0,33.0,203.0
image_6372.jpg,320,240,1.3333333333333333,104.91484375,45.3746875,134.35852864583333,127.0,11.0,141.0
image_9041.jpg,1000,413,2.4213075060532687,67.27671186440678,134.1304430992736,162.95467554479418,35.0,138.0,198.0
image_9727.jpg,450,300,1.5,107.9886,85.45902962962963,221.9756,146.0,88.0,229.0
image_8439.jpg,352,492,0.7154471544715447,145.93808896895789,88.01105760347376,95.33830492424242,170.0,81.0,92.0
image_4203.jpg,510,720,0.7083333333333334,95.0734994553377,71.11469226579521,112.78271241830065,85.0,53.0,103.0
image_2672.jpg,250,166,1.5060240963855422,35.16703614457831,174.2412530120482,106.98055421686747,37.0,179.0,71.0
image_3578.jpg,245,300,0.8166666666666667,20.485687074829933,176.33151020408164,202.42990476190477,22.0,187.0,210.0
image_2666.jpg,862,380,2.268421052631579,132.59104591525218,84.27318964464526,201.08566369520088,162.0,25.0,218.0
image_6400.jpg,570,720,0.7916666666666666,74.72224415204678,47.57336744639376,157.06497319688108,31.0,35.0,168.0
image_9733.jpg,80,80,1.0,0.0,0.0,214.609375,0.0,0.0,255.0
image_7078.jpg,400,266,1.5037593984962405,73.0325,89.72788533834587,132.44111842105264,43.0,72.0,130.0
image_6366.jpg,600,600,1.0,123.79766111111111,140.17140555555557,189.07856666666666,144.0,133.0,194.0
image_9055.jpg,1080,720,1.5,138.36355967078188,40.30121784979424,209.72307098765432,146.0,12.0,230.0
image_1409.jpg,557,720,0.7736111111111111,44.39618491921006,113.47275334131258,132.58828795132655,17.0,81.0,197.0
image_2100.jpg,258,400,0.645,117.64941860465116,75.4278003875969,192.03143410852712,138.0,51.0,209.0
image_4571.jpg,300,610,0.4918032786885246,112.57697267759563,101.85957923497267,109.13554098360656,33.0,105.0,116.0
image_8363.jpg,550,550,1.0,88.64594049586776,170.1233090909091,134.9652297520661,61.0,185.0,122.0
image_7050.jpg,542,408,1.3284313725490196,44.03307919108603,83.70584165400477,76.88767545763693,21.0,78.0,67.0
image_2128.jpg,178,283,0.6289752650176679,68.30924683368404,17.276531544050503,208.07210068686226,28.0,9.0,215.0
image_5647.jpg,1280,720,1.7777777777777777,78.14043185763889,146.64620225694443,189.2590625,93.0,165.0,175.0
image_4559.jpg,728,720,1.011111111111111,112.162644993895,75.82177197802197,158.65507669413918,138.0,71.0,155.0
image_932.jpg,236,308,0.7662337662337663,49.679383116883116,103.66617598503191,110.42609509134932,20.0,87.0,111.0
image_3236.jpg,468,323,1.4489164086687307,35.503043052578654,17.409561800428673,113.78561694583367,0.0,0.0,112.0
image_3550.jpg,540,720,0.75,166.97302211934155,56.44607767489712,203.39627829218108,197.0,41.0,221.0
image_5121.jpg,317,400,0.7925,32.04763406940063,40.397547318611984,68.81477917981073,34.0,24.0,56.0
image_1347.jpg,400,300,1.3333333333333333,137.951225,141.99620833333333,169.83435833333334,138.0,150.0,182.0
image_6428.jpg,450,293,1.5358361774744027,80.22494501327266,32.43184679560106,176.38386044747818,36.0,23.0,183.0
image_8405.jpg,730,500,1.46,92.50122191780822,71.6634410958904,115.43523287671233,80.0,58.0,102.0
image_7736.jpg,540,720,0.75,113.99823559670781,25.491432613168723,197.2288811728395,116.0,10.0,205.0
image_1353.jpg,212,214,0.9906542056074766,76.29597954505378,27.848615764415445,230.39915799682595,34.0,8.0,248.0
image_8411.jpg,680,540,1.2592592592592593,62.45139161220044,51.281443355119826,183.48433551198258,30.0,24.0,206.0
image_7722.jpg,580,375,1.5466666666666666,40.105811494252876,76.49723678160919,134.42106666666666,24.0,68.0,150.0
image_3544.jpg,170,135,1.2592592592592593,122.83925925925926,25.51864923747277,186.27080610021787,161.0,18.0,192.0
image_2882.jpg,1023,682,1.5,37.799766657206824,57.57164541068618,196.7130213305126,26.0,46.0,211.0
image_5135.jpg,509,720,0.7069444444444445,38.369569962890196,115.26432547478717,110.34279906134032,24.0,111.0,93.0
image_926.jpg,340,270,1.2592592592592593,31.705653594771242,45.17052287581699,185.41511982570808,4.0,2.0,229.0
image_3222.jpg,300,200,1.5,70.85211666666666,48.9962,151.90065,38.0,37.0,153.0
image_8377.jpg,450,450,1.0,155.0960197530864,190.97318518518517,74.74391111111112,181.0,198.0,78.0
image_7044.jpg,170,135,1.2592592592592593,103.29782135076253,66.90453159041394,226.93747276688453,75.5,34.0,246.0
image_9069.jpg,1040,580,1.793103448275862,59.9050049734748,71.18482924403183,128.1886074270557,36.0,58.0,110.0
image_1435.jpg,300,225,1.3333333333333333,48.404637037037034,21.151837037037037,200.43413333333334,0.0,0.0,246.0
image_8820.jpg,320,320,1.0,34.777958984375,150.064423828125,169.741162109375,32.0,162.0,186.0
image_271.jpg,405,720,0.5625,125.89620713305898,116.16185185185185,121.56539780521263,191.0,104.0,104.0
image_3975.jpg,478,720,0.6638888888888889,91.10445432357044,62.60949848907485,43.27701069270107,106.0,51.0,39.0
image_517.jpg,242,340,0.711764705882353,61.27534030140982,22.931271268838113,208.95386485172583,42.0,13.0,212.0
image_1804.jpg,200,183,1.092896174863388,162.25084699453552,40.19685792349727,179.62112021857922,188.0,11.0,199.0
image_9280.jpg,1024,680,1.5058823529411764,22.26918514476103,87.17576401654412,196.95699678308824,19.0,67.0,205.0
image_1810.jpg,1075,720,1.4930555555555556,90.25414211886304,73.75741472868216,110.96417183462532,80.0,64.0,101.0
image_9294.jpg,310,400,0.775,19.26381451612903,49.10938709677419,210.93424193548387,20.0,46.0,224.0
image_503.jpg,400,300,1.3333333333333333,40.229958333333336,95.0332,148.51753333333335,20.0,106.0,168.0
image_4968.jpg,960,480,2.0,87.74096354166667,61.05111111111111,153.15971788194443,71.0,43.0,164.0
image_265.jpg,230,230,1.0,31.041266540642724,56.24228733459357,144.71945179584122,34.0,53.0,146.0
image_6819.jpg,305,203,1.5024630541871922,78.49538883953808,153.7856254542518,164.1352014859081,49.0,135.0,187.0
image_3791.jpg,590,332,1.7771084337349397,93.18315805595262,120.94131100673881,108.65829589544619,67.0,116.0,95.0
image_3949.jpg,405,720,0.5625,27.690781893004115,179.9830109739369,149.68993484224967,24.0,187.0,151.0
image_1186.jpg,150,150,1.0,129.47364444444443,62.13422222222222,113.74546666666667,147.0,39.0,123.0
image_6831.jpg,257,257,1.0,48.66603582188981,68.48934881678754,200.1316598283093,25.0,11.0,228.0
image_5486.jpg,600,600,1.0,129.7293861111111,228.56732222222223,134.05229722222222,141.0,235.0,128.0
image_4940.jpg,314,176,1.7840909090909092,136.72929936305732,128.15272148233933,74.17852489866821,155.0,139.0,55.0
image_5492.jpg,239,310,0.7709677419354839,93.4587258739371,130.03521392900527,118.11612903225806,18.0,138.0,111.0
image_4954.jpg,576,384,1.5,39.066537362557874,59.085928457754626,183.0586841724537,28.0,37.0,208.0
image_7285.jpg,236,298,0.7919463087248322,44.80307985439654,84.30575304288477,165.02939085428278,24.0,87.0,172.0
image_8808.jpg,300,200,1.5,69.14821666666667,78.33635,129.2731,32.0,46.0,125.0
image_3785.jpg,450,300,1.5,75.45040740740741,87.06377777777777,161.55314814814815,69.0,84.0,169.0
image_2470.jpg,765,551,1.3883847549909256,99.40128821038397,75.35103139864536,133.24215271105416,65.0,58.0,128.0
image_4001.jpg,570,551,1.0344827586206897,113.90515808577706,103.4484509822651,167.2784379278505,124.0,68.0,170.0
image_7508.jpg,480,640,0.75,62.90602213541667,57.50033528645833,134.97565755208333,15.0,52.0,121.0
image_9525.jpg,360,360,1.0,142.8811959876543,135.8669598765432,58.21162808641975,170.0,148.0,38.0
image_1179.jpg,1080,720,1.5,35.19100051440329,86.9150257201646,159.71501414609054,28.0,63.0,162.0
image_9243.jpg,960,640,1.5,65.5245263671875,95.03418294270833,113.788466796875,49.0,102.0,109.0
image_6170.jpg,180,180,1.0,31.922006172839506,94.4713888888889,75.87805555555556,8.0,75.0,11.0
image_3008.jpg,900,500,1.8,104.26577777777777,73.87105111111111,122.30947333333333,146.0,72.0,110.0
image_4767.jpg,258,172,1.5,25.753357670813052,105.36684243735353,130.92139895438976,26.0,103.0,135.0
image_5479.jpg,450,450,1.0,135.52505679012344,49.288508641975305,240.34623703703704,143.0,37.0,255.0
image_2316.jpg,299,450,0.6644444444444444,29.447320698625045,153.30230397621702,147.55862504645114,24.0,143.0,137.0
image_2302.jpg,623,600,1.0383333333333333,76.404810058855,55.43682182985554,121.44234617442483,18.0,49.0,108.0
image_9257.jpg,450,300,1.5,87.54358518518518,40.1966,146.2146888888889,65.0,31.0,143.0
image_8149.jpg,720,720,1.0,96.3377237654321,94.18636959876544,163.13733796296296,45.0,60.0,192.0
image_6602.jpg,600,460,1.3043478260869565,106.52154347826087,142.71669927536232,167.26867028985507,118.0,155.0,159.0
image_2464.jpg,98,98,1.0,86.34100374843815,62.06497292794669,146.51936693044564,93.0,49.0,145.0
image_8607.jpg,340,270,1.2592592592592593,65.45179738562092,27.38276688453159,177.80035947712418,16.0,25.0,182.0
image_9519.jpg,267,320,0.834375,77.30868445692884,77.08977059925094,129.44056647940076,28.0,30.0,137.0
image_1145.jpg,540,720,0.75,105.04365483539095,71.36429526748971,169.1262628600823,136.0,56.0,186.0
image_3752.jpg,236,320,0.7375,128.13373940677965,35.240254237288134,122.34650423728813,148.0,30.0,116.0
image_3034.jpg,220,220,1.0,105.42652892561983,62.35574380165289,155.27555785123968,113.0,47.0,159.0
image_5445.jpg,800,450,1.7777777777777777,147.9759138888889,75.73698333333333,119.90958888888889,148.0,69.0,104.0
image_4983.jpg,211,211,1.0,26.31268390197884,42.13609307967027,241.50147121583072,0.0,0.0,255.0
image_1623.jpg,240,180,1.3333333333333333,73.783125,142.97703703703704,155.08763888888888,36.0,150.0,185.0
image_7252.jpg,300,300,1.0,44.695122222222224,32.85021111111111,209.91436666666667,0.0,0.0,232.0
image_7246.jpg,400,300,1.3333333333333333,66.07525,47.521775,172.977025,49.0,7.0,183.0
image_8175.jpg,512,373,1.3726541554959786,96.42427320710456,63.732201952077745,162.16415675268095,56.0,52.0,158.0
image_3020.jpg,480,359,1.3370473537604457,43.31759517177345,49.40203110492108,156.25181638811515,17.0,54.0,181.0
image_4997.jpg,800,597,1.340033500837521,34.54240787269682,69.91085217755443,162.6096335845896,21.0,66.0,176.0
image_2458.jpg,540,720,0.75,74.67264403292181,30.364753086419753,142.70454989711934,49.0,11.0,155.0
image_5337.jpg,720,720,1.0,58.2992650462963,79.75259452160493,151.69474151234567,28.0,68.0,163.0
image_4029.jpg,400,601,0.6655574043261231,71.44190099833611,23.958826955074876,225.76300332778703,34.0,8.0,233.0
image_3746.jpg,850,637,1.3343799058084773,79.2439874411303,83.34122818358112,209.6631748083849,51.0,70.0,234.0
image_7520.jpg,350,250,1.4,59.75022857142857,99.76081142857143,155.32589714285714,23.0,89.0,159.0
image_8613.jpg,300,300,1.0,16.432244444444443,17.733544444444444,238.1669,0.0,0.0,246.0
image_1151.jpg,329,609,0.5402298850574713,63.00814030674632,93.52068516328028,160.54910386751914,34.0,52.0,168.0
image_6979.jpg,499,343,1.4548104956268222,97.67234176808428,96.06249233160197,148.78446105038066,97.0,82.0,138.0
image_8954.jpg,626,469,1.3347547974413647,59.47110976382351,45.20887347834084,230.91617676110548,9.0,1.0,255.0
image_9492.jpg,350,260,1.3461538461538463,171.50005494505496,110.11131868131868,207.78572527472528,146.0,88.0,227.0
image_305.jpg,480,500,0.96,69.70525,41.4867875,207.75270833333335,0.0,0.0,251.0
image_3801.jpg,360,230,1.565217391304348,80.16570048309178,34.26113526570048,127.9952536231884,47.0,30.0,116.0
image_4808.jpg,480,720,0.6666666666666666,52.22802951388889,81.23826967592592,181.11116898148148,25.0,81.0,193.0
image_463.jpg,626,626,1.0,128.5025467239637,77.76430299380416,222.52389021016853,136.0,72.0,232.0
image_1970.jpg,800,600,1.3333333333333333,69.51504791666666,89.09966458333334,151.64439166666668,28.0,88.0,150.0
image_1964.jpg,474,355,1.3352112676056338,48.136940631128546,25.86818803114043,138.79080049919773,31.0,14.0,147.0
image_477.jpg,1200,627,1.9138755980861244,119.67645933014354,109.5883639021797,163.93335592769805,139.0,96.0,175.0
image_311.jpg,1024,683,1.499267935578331,60.49232762170571,149.64696479227672,120.17679212801977,30.0,147.0,121.0
image_3815.jpg,1080,720,1.5,83.6278330761317,73.89960776748971,113.06133359053499,37.0,58.0,97.0
image_8798.jpg,1024,682,1.501466275659824,67.82131626878666,44.46120383522727,125.29205662344208,26.0,31.0,125.0
image_8940.jpg,960,720,1.3333333333333333,67.58787471064815,46.844946469907406,115.91858072916666,49.0,41.0,110.0
image_9486.jpg,236,572,0.4125874125874126,66.87102939433449,88.31096657579708,180.38096331634466,20.0,71.0,186.0
image_339.jpg,500,375,1.3333333333333333,61.17568,67.25987733333334,136.76525866666665,26.0,49.0,125.0
image_7483.jpg,220,200,1.1,87.92693181818181,98.21868181818182,135.96120454545454,50.0,86.0,138.0
image_6945.jpg,225,169,1.331360946745562,64.91555555555556,13.55913214990138,159.97969756738988,42.0,8.0,198.0
image_8968.jpg,340,270,1.2592592592592593,89.3748366013072,37.919368191721134,137.25873638344225,89.0,15.0,144.0
image_81.jpg,400,600,0.6666666666666666,33.594320833333335,85.84134166666666,150.80164166666665,22.0,85.0,156.0
image_3183.jpg,660,374,1.7647058823529411,62.48428941824664,102.83134419056879,66.34146815751093,31.0,86.0,36.0
image_4834.jpg,210,322,0.6521739130434783,101.82845312037858,51.130996746524694,106.51641526175688,34.0,37.0,102.0
image_3197.jpg,250,236,1.0593220338983051,148.03776271186442,48.702881355932206,198.23096610169492,172.0,40.0,208.0
image_2289.jpg,340,270,1.2592592592592593,64.6580174291939,55.24273420479303,120.92654684095861,34.0,42.0,130.0
image_4820.jpg,640,220,2.909090909090909,120.15107954545455,57.709296875,129.56163352272728,135.0,42.0,129.0
image_1780.jpg,275,183,1.5027322404371584,50.61655240933929,44.98857426726279,186.74525583705912,35.0,35.0,188.0
image_1958.jpg,500,400,1.25,26.68746,85.637925,151.81241,24.0,86.0,166.0
image_95.jpg,800,600,1.3333333333333333,116.21871666666667,58.001752083333336,88.29461875,145.0,37.0,56.0
image_6951.jpg,187,200,0.935,116.23435828877005,63.24072192513369,157.7072192513369,153.0,33.0,146.0
image_6789.jpg,375,300,1.25,88.31286222222222,91.93254222222222,82.52968,82.0,85.0,69.0
image_3829.jpg,492,600,0.82,72.05632113821139,73.15853997289973,151.87373983739838,25.0,70.0,154.0
image_5280.jpg,480,320,1.5,90.14080729166666,86.45386067708333,80.66404296875,28.0,59.0,69.0
image_2504.jpg,500,500,1.0,111.424196,11.253404,150.729232,170.0,5.0,165.0
image_8997.jpg,850,425,2.0,93.07203875432526,52.67179515570934,87.73411211072664,136.0,42.0,89.0
image_8029.jpg,500,500,1.0,37.156116,30.466436,236.353956,0.0,0.0,255.0
image_9337.jpg,640,480,1.3333333333333333,90.88710611979167,95.8188671875,105.27763020833333,31.0,93.0,95.0
image_6004.jpg,238,250,0.952,45.710957983193275,85.55912605042016,217.01100840336133,26.0,15.0,252.0
image_2262.jpg,456,456,1.0,47.53424611418898,101.27203081717451,227.60746094952293,21.0,119.0,240.0
image_4613.jpg,640,426,1.5023474178403755,117.21551129694836,62.094468896713614,132.36685372652582,161.0,36.0,125.0
image_2276.jpg,450,300,1.5,149.16116296296298,57.00624444444444,153.0009259259259,174.0,36.0,175.0
image_5519.jpg,465,659,0.7056145675265554,60.204735098797464,191.13438086380472,135.51893550018764,18.0,200.0,137.0
image_3168.jpg,600,680,0.8823529411764706,95.6792181372549,79.61712990196078,223.86036274509803,36.0,78.0,244.0
image_9323.jpg,826,620,1.332258064516129,102.86733773334375,85.68108451144263,95.33088729204093,42.0,22.0,74.0
image_6010.jpg,1000,667,1.4992503748125936,97.69080809595202,102.27445127436282,93.29171214392804,77.0,81.0,85.0
image_1019.jpg,250,250,1.0,51.607296,30.601424,172.894896,19.0,8.0,149.0
image_9445.jpg,480,320,1.5,49.80762369791667,47.302096354166665,109.48520833333333,29.0,37.0,111.0
image_6776.jpg,730,486,1.5020576131687242,98.54764361012458,56.609848356728115,155.6496420316816,70.0,35.0,188.0
image_7468.jpg,674,449,1.5011135857461024,112.22807690020025,81.77780164295203,100.28629727782808,130.0,76.0,94.0
image_2510.jpg,300,300,1.0,68.2469,50.19222222222222,180.22194444444443,50.0,42.0,192.0
image_1031.jpg,640,452,1.415929203539823,123.79684388827434,103.22946626106194,128.9726597068584,147.0,96.0,134.0
image_7440.jpg,80,80,1.0,0.0,0.0,214.609375,0.0,0.0,255.0
image_8773.jpg,550,440,1.25,46.39789669421488,133.35076859504133,95.91188842975207,18.0,138.0,90.0
image_6986.jpg,700,467,1.4989293361884368,127.07342918323647,65.82815539920465,218.14567451820128,133.0,44.0,225.0
image_3626.jpg,780,605,1.2892561983471074,83.19588895952532,161.16515575333756,124.23728756092393,72.0,164.0,122.0
image_4149.jpg,350,525,0.6666666666666666,28.138650340136053,72.7988843537415,113.93043809523809,15.0,68.0,111.0
image_5257.jpg,400,267,1.4981273408239701,25.920084269662922,93.3975468164794,133.0924063670412,17.0,93.0,134.0
image_5531.jpg,450,300,1.5,73.30819259259259,32.21914814814815,131.57616296296297,36.0,23.0,119.0
image_3140.jpg,1024,683,1.499267935578331,79.41950293969619,112.96584747895315,176.97213865757686,64.0,112.0,187.0
image_7326.jpg,299,450,0.6644444444444444,41.16297287253809,120.24214790040877,141.56808621330362,22.0,124.0,133.0
image_6038.jpg,450,394,1.1421319796954315,8.580462492949803,210.52380146644106,184.3106937394247,3.0,227.0,186.0
image_8001.jpg,360,240,1.5,35.932870370370374,29.235613425925926,232.7819675925926,0.0,0.0,255.0
image_56.jpg,474,357,1.3277310924369747,164.57119809949296,219.5656490444279,179.38359394390667,164.0,225.0,199.0
image_1743.jpg,582,720,0.8083333333333333,134.0925472508591,57.47898529973272,185.68171534937,146.0,57.0,191.0
image_5525.jpg,225,225,1.0,56.64995555555556,58.843358024691355,178.6045037037037,35.0,41.0,191.0
image_488.jpg,600,398,1.5075376884422111,123.13350083752094,144.31836683417086,113.3882621440536,149.0,153.0,105.0
image_3154.jpg,300,200,1.5,91.13083333333333,28.316583333333334,169.91591666666667,106.0,13.0,174.0
image_3632.jpg,300,165,1.8181818181818181,76.78379797979798,137.15002020202022,158.57955555555554,66.0,131.0,140.0
image_3.jpg,300,200,1.5,44.44271666666667,87.48321666666666,118.89926666666666,23.0,90.0,120.0
image_5243.jpg,800,533,1.5009380863039399,96.94723968105066,43.983545966228895,130.71907833020637,106.0,31.0,144.0
image_9479.jpg,640,480,1.3333333333333333,45.232350260416666,20.016526692708332,124.41885091145834,0.0,0.0,106.0
image_7454.jpg,600,450,1.3333333333333333,64.809,123.12290740740741,118.85576666666667,63.0,120.0,112.0
image_8767.jpg,640,480,1.3333333333333333,92.626181640625,39.95546223958333,134.186611328125,42.0,21.0,134.0
image_6992.jpg,393,612,0.6421568627450981,110.00636963861032,29.591565633887143,231.02648888223652,159.0,6.0,243.0
image_661.jpg,450,450,1.0,25.99415802469136,63.867748148148145,222.1973925925926,0.0,0.0,255.0
image_5914.jpg,1140,641,1.7784711388455539,69.84870952732847,134.77155896762187,137.4166091906834,15.0,135.0,135.0
image_107.jpg,300,300,1.0,36.88088888888889,41.041288888888886,165.32672222222223,10.0,4.0,158.0
image_9690.jpg,270,270,1.0,61.97893004115226,53.41655692729767,206.14609053497944,30.0,23.0,226.0
image_7865.jpg,760,555,1.3693693693693694,43.133131816026555,127.39749881460408,143.12740161213844,25.0,129.0,144.0
image_7871.jpg,720,720,1.0,58.79309799382716,84.82781635802469,249.1861786265432,31.0,93.0,254.0
image_2909.jpg,500,624,0.8012820512820513,49.493689102564105,112.97469230769231,77.31034935897436,21.0,94.0,57.0
image_113.jpg,240,160,1.5,43.124348958333336,115.46075520833334,149.76911458333333,14.0,117.0,155.0
image_675.jpg,236,170,1.388235294117647,70.21306081754736,65.53840977068793,148.32362911266202,27.0,68.0,146.0
image_5900.jpg,236,353,0.6685552407932012,78.80521678590291,81.9222763720171,237.64806501176358,26.0,23.0,244.0
image_3381.jpg,500,700,0.7142857142857143,70.56682,21.682342857142856,72.24489714285714,28.0,9.0,49.0
image_1596.jpg,250,250,1.0,98.70304,104.924448,72.629424,106.0,74.0,39.0
image_7859.jpg,300,180,1.6666666666666667,74.59783333333333,96.53125925925926,101.18318518518518,29.0,81.0,102.0
image_9874.jpg,696,283,2.4593639575971733,104.14911051541367,122.64119044717924,122.27788777872547,145.0,125.0,108.0
image_4388.jpg,236,322,0.7329192546583851,41.31987577639752,59.61694652068639,139.73170860090536,29.0,44.0,128.0
image_2921.jpg,143,200,0.715,115.69951048951049,75.68409090909091,150.41590909090908,160.0,77.0,154.0
image_2935.jpg,350,350,1.0,55.965502040816325,87.05652244897959,99.47028571428571,39.0,72.0,99.0
image_5082.jpg,500,333,1.5015015015015014,89.32866066066066,130.07813213213214,99.33789189189189,122.0,141.0,61.0
image_9860.jpg,216,146,1.4794520547945205,90.44482496194826,28.14462836123795,188.2648718924404,35.0,20.0,192.0
image_7695.jpg,665,387,1.7183462532299743,0.0,0.0,101.71743700336111,0.0,0.0,87.0
image_1582.jpg,236,181,1.3038674033149171,66.04623560258452,149.83217061522615,171.8260136716921,24.0,192.0,202.0
image_649.jpg,424,550,0.7709090909090909,53.3602358490566,47.80943825042882,179.54449399656946,24.0,38.0,186.0
image_891.jpg,720,720,1.0,76.38468942901234,89.78446566358025,134.89755208333332,25.0,81.0,154.0
image_3395.jpg,550,364,1.510989010989011,57.89098901098901,26.214725274725275,155.74646853146854,0.0,0.0,157.0
image_4411.jpg,500,662,0.7552870090634441,32.55256193353474,95.10883383685801,151.99159516616314,28.0,84.0,161.0
image_2060.jpg,409,450,0.9088888888888889,91.55831024178212,52.01845150774246,190.50799239337135,47.0,12.0,245.0
image_1569.jpg,450,290,1.5517241379310345,55.57919540229885,48.468613026819924,179.77906513409962,31.0,41.0,192.0
image_6206.jpg,567,400,1.4175,87.70530423280424,35.285996472663136,154.0530070546737,59.0,19.0,157.0
image_9135.jpg,340,270,1.2592592592592593,104.31386710239651,66.65468409586056,170.6380936819172,154.0,22.0,190.0
image_7118.jpg,800,299,2.6755852842809364,82.52260033444816,97.81594481605352,100.25211120401337,23.0,87.0,91.0
image_6560.jpg,480,480,1.0,104.31874131944444,117.53065972222223,105.05549913194444,42.0,93.0,82.0
image_2706.jpg,194,192,1.0104166666666667,79.89038337628865,63.95038659793814,186.00786619415808,26.0,47.0,196.0
image_5069.jpg,614,409,1.5012224938875305,129.06490367385297,42.140961111155356,181.6666932137652,159.0,20.0,180.0
image_4377.jpg,500,375,1.3333333333333333,156.95805866666666,130.09333333333333,155.67650666666665,156.0,123.0,128.0
image_3418.jpg,480,640,0.75,40.01538736979167,146.6958984375,181.663037109375,36.0,142.0,211.0
image_4363.jpg,220,320,0.6875,30.307144886363638,48.02488636363636,161.23464488636364,11.0,39.0,166.0
image_8559.jpg,640,508,1.2598425196850394,208.05962413877953,238.75200848917322,117.65074126476378,217.0,241.0,130.0
image_6574.jpg,450,300,1.5,81.6090962962963,127.03053333333334,181.86308888888888,70.0,125.0,184.0
image_9647.jpg,1000,667,1.4992503748125936,42.82127286356822,116.73130434782608,111.44791304347827,21.0,130.0,106.0
image_6212.jpg,150,150,1.0,32.440488888888886,105.19582222222222,188.16217777777777,18.0,88.0,198.0
image_4405.jpg,480,720,0.6666666666666666,54.51701678240741,102.38796585648149,108.08939236111111,23.0,98.0,96.0
image_2074.jpg,340,340,1.0,21.595769896193772,44.691167820069204,217.0778892733564,0.0,0.0,255.0
image_9109.jpg,240,240,1.0,22.463177083333335,61.75517361111111,210.28609375,14.0,5.0,255.0
image_8217.jpg,320,240,1.3333333333333333,114.85326822916667,64.4138671875,120.3534765625,144.0,51.0,112.0
image_7124.jpg,180,223,0.8071748878923767,135.95675137020427,78.68522670652716,130.387668161435,220.0,63.0,121.0
image_3342.jpg,161,214,0.7523364485981309,11.020055726475881,127.14988100075463,166.14526615197073,6.0,149.0,168.0
image_5733.jpg,238,250,0.952,30.127243697478992,22.316252100840337,250.3124369747899,0.0,0.0,255.0
image_5055.jpg,650,433,1.5011547344110854,98.86724817907266,52.85889500799431,170.85267010126134,120.0,44.0,187.0
image_7642.jpg,326,245,1.3306122448979592,97.93962689370227,59.864442218605234,144.03763615875798,106.0,51.0,160.0
image_6548.jpg,400,300,1.3333333333333333,29.87275,47.07683333333333,234.79804166666668,22.0,4.0,255.0
image_1227.jpg,476,317,1.501577287066246,91.80840601224718,29.12316093629881,121.6220873207327,106.0,14.0,119.0
image_5041.jpg,260,195,1.3333333333333333,74.21090729783037,40.80615384615385,166.6064694280079,28.0,8.0,182.0
image_3430.jpg,320,320,1.0,66.610673828125,90.952734375,79.305947265625,36.0,85.0,86.0
image_852.jpg,720,480,1.5,42.02030671296296,117.07650462962962,164.0891753472222,26.0,95.0,193.0
image_5727.jpg,236,177,1.3333333333333333,75.89296658048454,15.39150627214402,150.7213683807335,51.0,8.0,154.0
image_2048.jpg,350,525,0.6666666666666666,120.28515918367347,98.89237551020408,150.22257959183673,154.0,97.0,148.0
image_1541.jpg,450,300,1.5,20.22225185185185,142.15545925925926,107.67916296296296,13.0,148.0,107.0
image_8203.jpg,320,212,1.509433962264151,122.06527122641509,33.35552771226415,163.24168632075472,136.0,10.0,174.0
image_7130.jpg,730,487,1.4989733059548254,99.12990633174876,68.22883463193722,168.99358949115356,120.0,51.0,177.0
image_7898.jpg,900,720,1.25,123.93838425925927,148.6197114197531,104.53515586419753,123.0,147.0,95.0
image_8573.jpg,1079,720,1.4986111111111111,26.501264030480897,60.982613788487285,173.4275267737617,22.0,43.0,212.0
image_5057.jpg,500,355,1.408450704225352,53.03022535211267,111.12148169014084,107.84316056338028,15.0,99.0,110.0
image_2738.jpg,800,535,1.4953271028037383,33.750992990654204,170.59145093457943,84.69232943925233,18.0,184.0,64.0
image_5731.jpg,553,700,0.79,77.28832343063807,94.73832343063808,182.9086515112374,41.0,72.0,197.0
image_844.jpg,530,720,0.7361111111111112,126.14117662473795,55.90654350104822,173.3078537735849,164.0,37.0,197.0
image_3340.jpg,480,269,1.7843866171003717,157.13138166047088,96.17540272614622,180.06609355638167,170.0,94.0,193.0
image_8215.jpg,300,400,0.75,112.02753333333334,102.622325,126.844225,153.0,131.0,89.0
image_7126.jpg,615,409,1.5036674816625917,100.43894487844634,77.45678335022959,170.7981274971674,142.0,65.0,174.0
image_6238.jpg,1000,686,1.4577259475218658,81.02245043731779,176.4527084548105,121.06719387755102,11.0,202.0,107.0
image_1557.jpg,800,636,1.2578616352201257,90.0,105.53517688679246,73.78178655660378,75.0,113.0,27.0
image_8201.jpg,756,497,1.5211267605633803,83.38829271927864,103.35375480395601,157.33332002597595,60.0,104.0,181.0
image_7132.jpg,310,230,1.3478260869565217,83.44039270687237,70.618190743338,142.07413744740532,36.0,54.0,144.0
image_1543.jpg,220,214,1.02803738317757,103.91593033135089,37.92733644859813,230.19063296516566,127.0,19.0,248.0
image_5725.jpg,236,151,1.5629139072847682,90.56080929397238,49.45414749130093,119.26492872376248,102.0,40.0,123.0
image_688.jpg,230,230,1.0,90.28068052930057,38.20882797731569,209.41328922495273,136.0,25.0,248.0
image_850.jpg,300,441,0.6802721088435374,24.312033257747544,120.16253968253969,122.7308238851096,20.0,124.0,111.0
image_3354.jpg,356,450,0.7911111111111111,73.24160424469413,131.51157927590512,197.31082397003746,56.0,162.0,206.0
image_3432.jpg,640,427,1.4988290398126465,91.83154639929742,29.814095433255268,87.4900175644028,29.0,21.0,87.0
image_5043.jpg,474,711,0.6666666666666666,28.355047564789594,125.57062614609482,92.10407282783504,16.0,118.0,84.0
image_9679.jpg,513,720,0.7125,169.16036387264458,60.2137833008447,158.09493177387915,233.0,21.0,164.0
image_8567.jpg,300,407,0.7371007371007371,33.75618345618346,119.70939393939393,136.24395577395578,19.0,134.0,140.0
image_4375.jpg,720,720,1.0,134.23807291666665,164.45869791666667,48.85465663580247,170.0,170.0,6.0
image_2704.jpg,216,146,1.4794520547945205,103.8763635210553,37.44891552511415,208.91920345002538,30.0,22.0,228.0
image_9651.jpg,636,432,1.4722222222222223,114.48230768110878,42.05584308758444,103.08427600163056,136.0,30.0,103.0
image_9889.jpg,300,225,1.3333333333333333,60.45801481481482,50.181511111111114,143.1145925925926,21.0,41.0,144.0
image_8229.jpg,240,160,1.5,64.70143229166666,106.31739583333334,204.83184895833332,24.0,113.0,211.0
image_6204.jpg,240,332,0.7228915662650602,50.688566767068274,36.45166917670683,197.77093373493975,30.0,22.0,238.0
image_9137.jpg,236,354,0.6666666666666666,74.11087570621469,71.2427583069999,97.6373647419324,34.0,71.0,89.0
image_878.jpg,80,80,1.0,0.0,0.0,214.609375,0.0,0.0,255.0
image_2076.jpg,1152,720,1.6,106.34252266589506,71.38765914351852,136.50503713348766,145.0,43.0,130.0
image_5719.jpg,480,480,1.0,169.27575520833332,37.67646267361111,224.77444010416667,188.0,7.0,236.0
image_4407.jpg,800,534,1.4981273408239701,61.176706460674154,90.14412219101123,150.04735486891386,43.0,92.0,143.0
image_3368.jpg,354,255,1.388235294117647,37.62626564750194,101.38988589786197,187.32953362135814,14.0,108.0,204.0
image_6210.jpg,1000,670,1.492537313432836,113.53093432835821,46.88118805970149,152.0659194029851,15.0,16.0,165.0
image_9123.jpg,236,236,1.0,23.203892559609308,89.13692186153405,102.01741597242172,23.0,81.0,42.0
image_6576.jpg,600,401,1.4962593516209477,56.42168329177057,112.134642560266,103.94177057356609,30.0,102.0,98.0
image_9645.jpg,600,400,1.5,21.1418125,155.83866666666665,107.222825,18.0,159.0,60.0
image_4361.jpg,800,600,1.3333333333333333,59.79498958333333,71.49960208333333,129.08213333333333,30.0,59.0,126.0
image_2710.jpg,600,450,1.3333333333333333,23.769,92.35122962962963,80.90484444444445,14.0,72.0,80.0
image_5094.jpg,488,659,0.7405159332321699,100.49559068633548,14.580673648598223,244.88165128485784,0.0,0.0,255.0
image_139.jpg,433,360,1.2027777777777777,114.0459327687965,60.446779574031304,155.34405311778292,138.0,24.0,166.0
image_2923.jpg,480,640,0.75,40.140244140625,77.641669921875,98.74411458333333,35.0,67.0,87.0
image_7683.jpg,750,420,1.7857142857142858,125.21407301587301,59.18873650793651,158.74356825396825,140.0,46.0,166.0
image_1594.jpg,474,403,1.1761786600496278,60.180675524285164,65.49851849525186,178.4183811288752,31.0,30.0,185.0
image_3383.jpg,540,720,0.75,118.74590277777777,109.80655864197531,153.6965380658436,65.0,91.0,176.0
image_893.jpg,240,160,1.5,79.92497395833334,90.88075520833333,169.90486979166667,58.0,81.0,172.0
image_3397.jpg,320,240,1.3333333333333333,84.50822916666667,97.27330729166667,204.29364583333333,113.0,94.0,215.0
image_1580.jpg,720,720,1.0,133.7765162037037,34.17827739197531,212.63358410493828,162.0,6.0,236.0
image_7697.jpg,300,300,1.0,100.87767777777778,34.29304444444445,178.73175555555557,102.0,19.0,201.0
image_9862.jpg,236,314,0.7515923566878981,32.68626524883947,32.9567499730109,205.65746788297528,24.0,25.0,215.0
image_6589.jpg,509,720,0.7069444444444445,10.25189369133377,29.781873499235974,235.9823892163283,0.0,0.0,255.0
image_5080.jpg,700,394,1.7766497461928934,146.14082306018855,88.40226976069616,129.9086403190718,149.0,70.0,147.0
image_9692.jpg,553,369,1.4986449864498645,85.6095061673944,101.02816859995,104.55665328805186,70.0,107.0,90.0
image_105.jpg,460,259,1.776061776061776,167.2863186167534,47.79080073862683,128.87625482625484,191.0,44.0,120.0
image_5916.jpg,350,292,1.1986301369863013,38.12059686888454,88.47517612524462,111.9232974559687,20.0,88.0,105.0
image_677.jpg,577,720,0.8013888888888889,89.66043231272867,49.745645580589255,158.78747833622182,45.0,43.0,166.0
image_111.jpg,480,720,0.6666666666666666,20.081171875,32.59931134259259,208.49031539351853,19.0,26.0,209.0
image_8598.jpg,228,160,1.425,106.10953947368421,104.30868969298245,191.37919407894736,147.0,85.0,211.0
image_7873.jpg,720,720,1.0,66.49715663580247,36.644492669753085,187.87398919753088,0.0,0.0,255.0
image_9686.jpg,720,720,1.0,83.57309027777778,14.59869598765432,197.72563271604938,51.0,2.0,241.0
image_9309.jpg,306,444,0.6891891891891891,107.88222045574987,83.08697668256492,109.64379084967321,107.0,83.0,75.0
image_7324.jpg,315,235,1.3404255319148937,39.67721715636609,115.03671732522797,168.81558932792976,15.0,112.0,169.0
image_8017.jpg,228,228,1.0,30.609745306248076,100.90835641735919,196.20017697753156,24.0,97.0,200.0
image_3142.jpg,480,720,0.6666666666666666,79.62388599537037,120.67008391203704,178.23106770833334,48.0,101.0,198.0
image_5533.jpg,370,223,1.6591928251121075,88.08106896133802,133.72466367713005,148.4422857835414,23.0,137.0,146.0
image_5255.jpg,371,371,1.0,34.6497337275957,172.9760245856976,162.68709178224512,13.0,189.0,169.0
image_3624.jpg,80,80,1.0,0.0,0.0,214.609375,0.0,0.0,255.0
image_6984.jpg,236,236,1.0,91.58492530881931,113.9101012640046,152.91448218902613,120.0,111.0,142.0
image_7442.jpg,236,177,1.3333333333333333,32.91891697787992,118.83323757540937,182.8439864023748,34.0,112.0,186.0
image_8771.jpg,500,375,1.3333333333333333,64.08857066666667,100.76743466666667,154.48116266666668,44.0,115.0,163.0
image_7456.jpg,1079,720,1.4986111111111111,32.4138734424879,134.7107905982906,126.49718489341983,19.0,134.0,126.0
image_1027.jpg,300,450,0.6666666666666666,65.51942962962963,110.81431111111111,181.36154814814816,18.0,149.0,177.0
image_5241.jpg,474,316,1.5,71.49800379212734,44.65968995353309,139.23875714362015,34.0,33.0,149.0
image_1.jpg,480,480,1.0,133.42975260416668,82.26603732638888,196.26197916666666,175.0,79.0,203.0
image_3630.jpg,258,387,0.6666666666666666,134.02732207599703,67.55714800793221,160.30897582276705,198.0,45.0,181.0
image_3156.jpg,600,578,1.0380622837370241,91.95587946943483,167.0832583621684,147.1291810841984,120.0,212.0,85.0
image_4639.jpg,233,216,1.0787037037037037,24.727487680813862,111.13018597997139,82.18369496105548,15.0,98.0,37.0
image_5527.jpg,360,480,0.75,33.06570601851852,95.20156828703703,127.10054398148148,23.0,103.0,153.0
image_2248.jpg,720,423,1.702127659574468,38.30466574730759,39.466413842920936,179.85002955082743,28.0,26.0,200.0
image_1741.jpg,450,327,1.3761467889908257,123.77391097519538,80.03544002718314,108.49600407747197,148.0,65.0,86.0
image_54.jpg,450,450,1.0,34.047165432098765,181.2593037037037,171.76774814814814,32.0,235.0,153.0
image_4611.jpg,236,177,1.3333333333333333,124.55470171406684,93.98870056497175,171.92545245619075,135.0,80.0,185.0
image_2260.jpg,540,720,0.75,23.23361625514403,77.70173096707819,98.80414866255144,22.0,75.0,84.0
image_9335.jpg,500,375,1.3333333333333333,127.55099733333333,105.14893333333333,115.68629333333334,85.0,114.0,102.0
image_6006.jpg,236,285,0.8280701754385965,93.71263752601844,132.83205471305382,150.34470710674992,110.0,138.0,149.0
image_7318.jpg,225,225,1.0,47.282172839506174,117.86567901234568,123.00910617283951,32.0,117.0,121.0
image_9453.jpg,519,341,1.5219941348973607,65.63001825075291,123.95167223229875,127.81275179541076,46.0,128.0,121.0
image_6760.jpg,480,720,0.6666666666666666,45.95318576388889,142.96050347222223,178.54674768518518,31.0,170.0,215.0
image_8995.jpg,990,660,1.5,141.46432353841445,106.10939393939394,161.34140036730946,152.0,91.0,191.0
image_2506.jpg,340,270,1.2592592592592593,126.38790849673202,131.8342265795207,132.3795751633987,81.0,133.0,146.0
image_5269.jpg,600,400,1.5,25.76632083333333,49.224158333333335,226.06292083333332,0.0,0.0,255.0
image_4177.jpg,444,294,1.510204081632653,59.0677207820065,149.955805295091,104.44897193111478,18.0,153.0,105.0
image_3618.jpg,960,720,1.3333333333333333,76.84932581018519,24.61066550925926,195.33919270833334,70.0,3.0,210.0
image_2512.jpg,340,270,1.2592592592592593,37.52234204793028,109.97909586056645,166.42350762527232,8.0,125.0,170.0
image_4163.jpg,200,176,1.1363636363636365,63.33409090909091,175.8753693181818,128.02022727272728,9.0,227.0,153.0
image_8759.jpg,1024,678,1.5103244837758112,56.52874377765487,128.93397400442478,184.34184296644543,36.0,124.0,201.0
image_9447.jpg,1000,666,1.5015015015015014,17.758304804804805,143.1817117117117,173.92732132132133,15.0,135.0,176.0
image_6774.jpg,720,720,1.0,120.57532793209876,190.19735532407407,179.72597029320988,144.0,207.0,205.0
image_8981.jpg,340,270,1.2592592592592593,72.94346405228758,60.272592592592595,185.41496732026144,35.0,38.0,190.0
image_9321.jpg,600,486,1.2345679012345678,165.96932784636488,165.17858367626886,122.26577503429355,249.0,224.0,192.0
image_4605.jpg,612,459,1.3333333333333333,69.77578780241218,77.89814814814815,166.48405883776894,21.0,78.0,189.0
image_2274.jpg,340,270,1.2592592592592593,101.94058823529411,82.55364923747277,226.42521786492375,94.0,35.0,241.0
image_3181.jpg,627,352,1.78125,88.54229646947948,57.884918261563,117.83339223575467,77.0,48.0,116.0
image_83.jpg,300,200,1.5,78.66788333333334,13.140333333333333,248.52843333333334,102.0,3.0,255.0
image_1796.jpg,1000,667,1.4992503748125936,81.27515742128935,115.29914092953523,197.30930134932532,34.0,108.0,212.0
image_6947.jpg,1067,720,1.4819444444444445,113.80846610434239,50.872714255961675,153.75884359054461,138.0,47.0,169.0
image_4188.jpg,450,299,1.5050167224080269,68.86905982905984,99.78105536975102,180.3463099219621,32.0,77.0,187.0
image_5296.jpg,500,333,1.5015015015015014,29.476276276276277,44.6333033033033,181.04158558558558,18.0,11.0,204.0
image_5282.jpg,1280,720,1.7777777777777777,54.44922092013889,130.94840494791666,169.07903645833332,27.0,137.0,184.0
image_6953.jpg,488,720,0.6777777777777778,56.45538194444445,54.42745901639344,110.3670110428051,35.0,45.0,96.0
image_7495.jpg,450,300,1.5,27.393037037037036,62.017037037037035,196.8944148148148,22.0,22.0,188.0
image_97.jpg,450,299,1.5050167224080269,71.73165366034931,113.0670977331847,147.05583797844668,53.0,115.0,144.0
image_1782.jpg,450,309,1.4563106796116505,34.34066163250629,66.6969866954333,179.89467817331894,29.0,43.0,187.0
image_449.jpg,300,291,1.0309278350515463,70.40320733104238,32.36822451317297,178.98213058419245,24.0,13.0,203.0
image_4822.jpg,270,270,1.0,103.15587105624142,51.8941975308642,145.49310013717422,112.0,25.0,140.0
image_3195.jpg,1000,562,1.7793594306049823,97.94422775800712,48.9730871886121,183.78402491103202,63.0,51.0,197.0
image_1972.jpg,240,160,1.5,41.772447916666664,69.89572916666667,166.43817708333333,16.0,71.0,200.0
image_461.jpg,360,240,1.5,174.57502314814815,34.55078703703704,213.03104166666665,207.0,17.0,221.0
image_307.jpg,560,314,1.78343949044586,97.15160941765241,38.62792311191993,132.4013762511374,106.0,28.0,109.0
image_3803.jpg,450,450,1.0,33.95351604938271,112.30210864197531,245.81294814814814,23.0,107.0,252.0
image_9490.jpg,216,146,1.4794520547945205,92.82756215119228,72.33618721461187,137.0943049213597,82.0,62.0,147.0
image_8956.jpg,480,300,1.6,64.2771875,78.06861111111111,136.4615347222222,37.0,58.0,145.0
image_9484.jpg,529,720,0.7347222222222223,62.94641356857803,48.954234929636634,95.35679479101029,35.0,23.0,71.0
image_8942.jpg,450,301,1.495016611295681,102.76928755998523,89.33692875599853,220.95940199335547,139.0,71.0,232.0
image_313.jpg,572,720,0.7944444444444444,111.75004370629371,130.09155254467754,147.1751141219891,127.0,146.0,129.0
image_3817.jpg,400,543,0.7366482504604052,107.49894567219152,96.00823664825046,107.2715699815838,119.0,60.0,90.0
image_475.jpg,550,412,1.3349514563106797,73.63912180052957,103.05356134157105,103.45851279788172,55.0,102.0,95.0
image_1966.jpg,476,714,0.6666666666666666,36.418638043452674,55.611806487300804,177.13256773297553,25.0,31.0,194.0
image_7250.jpg,960,720,1.3333333333333333,7.0,0.75,243.70595920138888,0.0,0.0,245.0
image_8163.jpg,375,250,1.5,22.776789333333333,112.87333333333333,171.57291733333332,22.0,125.0,173.0
image_1621.jpg,920,600,1.5333333333333334,105.45552355072464,94.05448188405798,87.9208061594203,42.0,78.0,79.0
image_2328.jpg,450,299,1.5050167224080269,28.706406540319584,113.59264214046823,171.65342251950946,29.0,111.0,192.0
image_4981.jpg,1280,720,1.7777777777777777,128.5549880642361,117.99373155381944,88.70479275173611,143.0,108.0,59.0
image_3036.jpg,800,532,1.5037593984962405,44.75814614661654,54.6084844924812,166.6277232142857,28.0,43.0,178.0
image_3988.jpg,496,540,0.9185185185185185,40.977143070489845,84.1388030167264,161.6920325567503,28.0,63.0,183.0
image_5321.jpg,300,300,1.0,86.923,53.175977777777774,172.88264444444445,38.0,38.0,178.0
image_1147.jpg,580,326,1.7791411042944785,70.16983287497355,100.65422572456103,150.87328115083562,25.0,103.0,154.0
image_6628.jpg,300,400,0.75,50.20755833333333,77.57860833333334,104.85923333333334,15.0,80.0,72.0
image_7536.jpg,236,352,0.6704545454545454,106.08864599383668,94.28129815100154,102.53448815485362,134.0,81.0,89.0
image_8605.jpg,236,236,1.0,77.48366130422292,27.082124389543235,153.8288027865556,61.0,12.0,181.0
image_1153.jpg,300,225,1.3333333333333333,68.01682962962963,104.41022222222222,111.16382222222222,14.0,104.0,103.0
image_8611.jpg,625,410,1.524390243902439,44.842279024390244,55.226973658536586,173.84404292682927,26.0,44.0,197.0
image_3744.jpg,669,499,1.3406813627254508,20.29301053527084,150.56894955830944,143.48690205523155,16.0,183.0,153.0
image_298.jpg,960,720,1.3333333333333333,115.20204716435185,68.99250578703703,168.59187789351853,146.0,76.0,200.0
image_5335.jpg,450,389,1.1568123393316196,75.55248214795773,19.40787774921451,238.91517852042273,0.0,0.0,255.0
image_4995.jpg,300,450,0.6666666666666666,64.12004444444445,76.49565925925926,183.2451037037037,44.0,67.0,193.0
image_5453.jpg,1000,667,1.4992503748125936,77.63965817091454,107.90738380809596,180.49647376311844,31.0,79.0,200.0
image_8177.jpg,360,240,1.5,80.26916666666666,36.43884259259259,155.79488425925925,94.0,33.0,178.0
image_9269.jpg,236,314,0.7515923566878981,49.541198855662316,56.28890478246788,156.43614379790566,23.0,34.0,148.0
image_1635.jpg,320,320,1.0,93.90712890625,98.33748046875,126.836044921875,27.0,87.0,117.0
image_2314.jpg,340,270,1.2592592592592593,145.97922657952068,105.67081699346406,150.98400871459694,153.0,85.0,150.0
image_4765.jpg,256,256,1.0,80.31329345703125,98.053955078125,114.24649047851562,94.0,51.0,73.0
image_6172.jpg,474,354,1.3389830508474576,27.05136594436101,146.04848744904527,157.43442632720684,22.0,152.0,155.0
image_9527.jpg,1080,720,1.5,56.722737911522636,63.476194701646094,160.8013052983539,23.0,43.0,164.0
image_6614.jpg,548,460,1.191304347826087,52.159778641701045,26.886726436052047,196.09900825134878,36.0,21.0,211.0
image_8639.jpg,236,279,0.8458781362007168,28.495686774801044,83.52973695401252,192.91335581070408,29.0,84.0,208.0
image_4003.jpg,183,275,0.6654545454545454,64.65359165424739,60.43626428216592,150.28826626924987,42.0,52.0,181.0
image_2472.jpg,570,569,1.0017574692442883,82.58432152437332,85.91054481546573,184.57442111429717,55.0,81.0,176.0
image_3778.jpg,236,369,0.6395663956639567,51.0868701483625,25.00558081852005,211.57770658215057,45.0,16.0,250.0
image_4017.jpg,480,720,0.6666666666666666,18.315422453703704,133.63453414351852,138.36142939814815,13.0,133.0,133.0
image_2466.jpg,235,199,1.1809045226130652,71.6388324601732,67.24655190847857,161.7836416123169,21.0,51.0,168.0
image_9533.jpg,519,700,0.7414285714285714,44.55730250481695,116.15913845306909,93.76431599229286,19.0,95.0,62.0
image_7278.jpg,720,720,1.0,30.00825810185185,49.94995563271605,237.2221836419753,0.0,0.0,254.0
image_9255.jpg,320,480,0.6666666666666666,35.86958333333333,39.13991536458333,201.32576171875,21.0,22.0,207.0
image_1609.jpg,243,320,0.759375,81.57259516460906,86.7877829218107,129.22123199588478,26.0,41.0,144.0
image_2300.jpg,186,271,0.6863468634686347,87.39836527397532,60.817779629409195,193.32934571281197,29.0,54.0,201.0
image_4942.jpg,264,300,0.88,25.763093434343435,60.11525252525252,131.6935101010101,24.0,40.0,141.0
image_529.jpg,550,660,0.8333333333333334,115.01284848484849,34.709479338842975,183.6879779614325,124.0,20.0,198.0
image_7293.jpg,275,183,1.5027322404371584,88.08363636363636,90.6801390958768,102.14591157476403,39.0,79.0,87.0
image_6833.jpg,550,368,1.4945652173913044,72.82374505928854,198.44283102766798,104.33514822134387,34.0,227.0,98.0
image_1184.jpg,100,100,1.0,50.2607,149.0607,166.449,20.0,180.5,173.0
image_3793.jpg,644,720,0.8944444444444445,25.272502587991717,46.66226276742581,175.06867667356798,26.0,14.0,180.0
image_2499.jpg,474,470,1.0085106382978724,38.04537211598887,22.69477960319598,203.5444698805997,26.0,9.0,213.0
image_3787.jpg,267,400,0.6675,94.94024344569289,31.649644194756554,170.9866479400749,136.0,30.0,174.0
image_6827.jpg,960,720,1.3333333333333333,26.060828993055555,24.738017939814814,105.06646846064815,23.0,19.0,99.0
image_1190.jpg,468,373,1.2546916890080428,51.269568754153205,101.43527875163264,125.93469443871588,16.0,97.0,128.0
image_6199.jpg,300,240,1.25,31.932777777777776,41.70772222222222,224.52927777777776,0.0,2.0,255.0
image_7287.jpg,200,300,0.6666666666666666,24.6692,129.32651666666666,101.17821666666667,23.0,109.0,104.0
image_4956.jpg,400,400,1.0,66.4305625,84.74653125,169.9153125,65.0,94.0,180.0
image_9282.jpg,135,220,0.6136363636363636,50.85121212121212,51.718686868686866,215.00417508417507,39.0,40.0,245.0
image_1806.jpg,360,202,1.7821782178217822,150.43374587458746,171.36325632563256,84.22003575357536,159.0,163.0,70.0
image_273.jpg,1280,720,1.7777777777777777,116.17520616319445,86.87713650173612,211.65118598090277,44.0,78.0,226.0
image_3977.jpg,480,480,1.0,83.20017361111111,53.93574652777778,169.24501302083334,31.0,47.0,187.0
image_8822.jpg,236,157,1.5031847133757963,21.74819173054086,73.19866673863758,201.00345460433985,8.0,64.0,207.0
image_8836.jpg,198,200,0.99,89.4645707070707,31.969848484848484,172.25391414141413,103.0,17.0,178.0
image_267.jpg,300,676,0.4437869822485207,74.25479783037476,76.09789447731755,134.21659270216963,42.0,52.0,103.0
image_3963.jpg,721,720,1.0013888888888889,110.29576976421636,119.99432501155802,143.58575859146248,146.0,130.0,145.0
image_9296.jpg,238,250,0.952,93.9375294117647,48.317142857142855,229.77455462184875,138.0,44.0,237.0
image_1812.jpg,540,720,0.75,36.73813014403292,92.43681069958848,146.0784465020576,24.0,81.0,155.0
image_8188.jpg,852,571,1.4921190893169878,90.3871348346941,82.40894814303216,140.247029755885,68.0,71.0,127.0
image_8407.jpg,700,525,1.3333333333333333,74.97123265306122,102.76041360544218,182.41849523809523,41.0,94.0,201.0
image_7734.jpg,1020,720,1.4166666666666667,113.25032135076253,148.51064678649237,116.88022194989107,69.0,143.0,108.0
image_9719.jpg,1180,720,1.6388888888888888,24.98768950094162,111.33903483992466,160.2815195386064,21.0,116.0,199.0
image_1345.jpg,480,320,1.5,94.02694661458334,81.4419921875,165.709609375,137.0,63.0,163.0
image_5123.jpg,80,80,1.0,0.0,0.0,214.609375,0.0,0.0,255.0
image_2894.jpg,790,527,1.4990512333965844,76.22996180914178,46.80336752095693,170.8970744361444,18.0,15.0,186.0
image_3552.jpg,1000,360,2.7777777777777777,38.941808333333334,100.61056388888889,201.00657777777778,31.0,95.0,215.0
image_930.jpg,236,279,0.8458781362007168,79.36615333211834,102.09947755300406,101.31556406050665,51.0,108.0,91.0
image_5645.jpg,236,354,0.6666666666666666,84.62971607775543,36.21190031600115,141.67655367231637,42.0,27.0,162.0
image_8361.jpg,400,267,1.4981273408239701,90.24526217228464,144.29334269662922,158.4263202247191,146.0,135.0,168.0
image_7052.jpg,550,561,0.9803921568627451,63.83671041970507,75.84411278561011,174.93666504618378,51.0,68.0,175.0
image_1437.jpg,630,720,0.875,38.412358906525576,124.42414902998236,91.34492724867725,15.0,126.0,87.0
image_6358.jpg,1000,667,1.4992503748125936,58.89078860569715,59.355529235382306,188.30854572713642,33.0,41.0,199.0
image_8375.jpg,233,300,0.7766666666666666,110.95962804005723,86.79812589413447,137.25959942775393,102.0,62.0,151.0
image_7046.jpg,500,300,1.6666666666666667,69.49824666666666,53.33253333333333,184.41674666666665,26.0,34.0,197.0
image_5889.jpg,236,177,1.3333333333333333,92.4725892942641,81.2075553002011,127.65093842765489,67.0,60.0,135.0
image_924.jpg,240,160,1.5,53.62770833333333,103.97947916666666,216.09986979166666,65.0,99.0,225.0
image_3220.jpg,476,317,1.501577287066246,79.04527741696047,18.09652599210031,142.9287901280386,51.0,13.0,155.0
image_2658.jpg,480,720,0.6666666666666666,105.49964988425926,91.84438946759259,177.85446180555556,29.0,88.0,174.0
image_5137.jpg,330,270,1.2222222222222223,14.43662177328844,92.63535353535353,138.94617283950618,8.0,68.0,135.0
image_4229.jpg,128,128,1.0,61.2769775390625,222.71319580078125,150.67901611328125,55.0,250.0,200.0
image_2880.jpg,210,250,0.84,21.390419047619048,149.9533142857143,172.20205714285714,20.0,161.0,174.0
image_3546.jpg,1080,720,1.5,84.45868312757202,50.24886702674897,162.27115483539094,36.0,44.0,154.0
image_8413.jpg,398,600,0.6633333333333333,24.019166666666667,137.07764656616416,143.10828726968174,12.0,123.0,165.0
image_1351.jpg,527,720,0.7319444444444444,106.08105102255956,93.26156968163609,97.93074530887624,110.0,75.0,75.0
image_2670.jpg,500,281,1.7793594306049823,109.3492669039146,140.64663345195729,106.5733950177936,131.0,125.0,76.0
image_4201.jpg,360,240,1.5,28.468321759259258,21.673483796296296,225.6246064814815,0.0,0.0,228.0
image_7708.jpg,250,363,0.6887052341597796,194.21418181818183,22.233146005509642,227.61641873278236,187.0,5.0,252.0
image_6416.jpg,480,720,0.6666666666666666,47.96806134259259,91.6827199074074,127.49603298611112,26.0,68.0,135.0
image_9725.jpg,160,160,1.0,58.8584765625,167.5022265625,104.70515625,54.0,174.0,94.0
image_1379.jpg,580,580,1.0,38.77384066587396,75.40905766944114,165.36031807372177,41.0,66.0,170.0
image_3208.jpg,320,180,1.7777777777777777,180.05508680555556,66.78789930555556,65.67539930555556,216.0,67.0,42.0
image_4567.jpg,320,240,1.3333333333333333,135.179609375,53.98166666666667,125.511796875,164.0,37.0,125.0
image_5679.jpg,492,720,0.6833333333333333,43.05605239385727,58.12486449864499,187.63521623757904,34.0,36.0,216.0
image_2116.jpg,492,659,0.7465857359635811,10.75405578790234,48.106859987416264,203.825875618392,0.0,0.0,255.0
image_918.jpg,235,188,1.25,155.13173381620643,13.421186057039383,210.2523313716614,177.0,9.0,220.0
image_4573.jpg,480,720,0.6666666666666666,60.38564525462963,93.01633391203704,165.62166377314816,9.0,108.0,163.0
image_2102.jpg,213,120,1.775,49.66764475743349,94.19319248826291,103.0252738654147,16.0,91.0,127.0
image_6364.jpg,480,360,1.3333333333333333,0.0,0.0,136.57484375,0.0,0.0,143.0
image_9057.jpg,960,720,1.3333333333333333,53.59993923611111,69.83712094907408,222.91469618055555,27.0,66.0,236.0
image_8349.jpg,237,250,0.948,144.9983628691983,161.46015189873418,195.25306329113923,146.0,158.0,204.0
image_6402.jpg,552,496,1.1129032258064515,22.972639814165497,14.30370500233754,155.46885591982235,0.0,0.0,180.0
image_9731.jpg,900,600,1.5,80.28876481481481,115.48267037037037,186.88953703703703,25.0,118.0,206.0
image_2664.jpg,489,327,1.4954128440366972,114.27953822004591,94.21815725783756,145.05348867751073,151.0,89.0,136.0
image_3591.jpg,700,401,1.745635910224439,116.89806198788743,102.58832205201283,85.5216636978981,127.0,101.0,72.0
image_9902.jpg,736,490,1.5020408163265306,23.34008152173913,118.34892968056788,179.41070874001775,20.0,141.0,195.0
image_7091.jpg,292,219,1.3333333333333333,76.50390942640895,67.2282635891662,149.28401200975793,51.0,24.0,173.0
image_5692.jpg,450,450,1.0,133.5258913580247,46.92262222222222,181.41152592592593,137.0,35.0,188.0
image_7085.jpg,500,300,1.6666666666666667,78.84826666666666,62.46784666666667,124.13348666666667,60.0,52.0,121.0
image_1392.jpg,340,270,1.2592592592592593,56.968028322440084,65.00626361655773,179.84176470588235,26.0,36.0,207.0
image_2843.jpg,300,300,1.0,29.839544444444446,7.4688888888888885,232.66544444444443,0.0,0.0,255.0
image_3585.jpg,236,315,0.7492063492063492,29.18852569276298,132.7737019101426,133.6225585149314,23.0,135.0,139.0
image_7913.jpg,780,438,1.7808219178082192,103.32685282753776,103.02288081020957,136.6698191078328,146.0,79.0,146.0
image_717.jpg,600,600,1.0,130.48165555555556,105.7206861111111,225.23281666666668,122.0,101.0,235.0
image_5862.jpg,420,630,0.6666666666666666,145.0965873015873,197.61080498866212,78.80455404383976,179.0,213.0,58.0
image_9080.jpg,378,567,0.6666666666666666,92.4350148838685,79.65618263766412,142.55979675820944,85.0,55.0,151.0
image_703.jpg,338,338,1.0,60.188211197086936,32.57018311683765,225.25929589300094,23.0,2.0,255.0
image_7907.jpg,300,400,0.75,146.76361666666668,77.26500833333333,160.988225,156.0,49.0,174.0
image_5877.jpg,560,420,1.3333333333333333,140.01582057823128,44.71135629251701,203.12553146258503,198.0,32.0,219.0
image_702.jpg,800,449,1.78173719376392,127.94611080178174,51.33853285077951,160.02782572383074,146.0,41.0,174.0
image_9095.jpg,1000,667,1.4992503748125936,46.30734182908546,100.36984407796102,151.57175862068965,22.0,101.0,177.0
image_7906.jpg,213,160,1.33125,26.580399061032864,186.86164906103286,123.73794014084507,21.0,189.0,119.0
image_7912.jpg,268,225,1.191111111111111,44.246334991708125,82.38369817578773,162.35817578772802,26.0,61.0,178.0
image_9081.jpg,1152,720,1.6,52.87219931520062,205.032511091821,137.6946976273148,55.0,225.0,144.0
image_716.jpg,220,200,1.1,38.91615909090909,64.86038636363637,198.8605681818182,17.0,5.0,250.0
image_7084.jpg,400,400,1.0,47.4014125,47.9665375,244.56229375,0.0,0.0,255.0
image_5693.jpg,371,240,1.5458333333333334,38.92279874213836,31.245945642407907,226.6816037735849,0.0,0.0,255.0
image_3584.jpg,480,720,0.6666666666666666,33.71054398148148,68.09421296296296,163.39511863425926,15.0,65.0,168.0
image_2842.jpg,480,720,0.6666666666666666,62.845613425925926,91.75999710648148,203.78761863425925,36.0,40.0,227.0
image_9917.jpg,236,354,0.6666666666666666,29.536675284879824,170.37580197261323,191.17851670975773,20.0,199.0,200.0
image_1393.jpg,240,160,1.5,39.68354166666666,79.1296875,105.96833333333333,19.0,49.0,91.0
image_9903.jpg,825,464,1.7780172413793103,98.61122518286311,56.673618077324974,86.04681818181818,127.0,49.0,55.0
image_1387.jpg,760,400,1.9,91.59077960526315,110.37092105263157,176.249,98.0,75.0,157.0
image_3590.jpg,236,160,1.475,35.55071504237288,114.54454449152543,173.5151218220339,26.0,110.0,186.0
image_2856.jpg,480,330,1.4545454545454546,81.71470959595959,75.43282196969697,131.82700126262625,51.0,70.0,118.0
image_4599.jpg,590,350,1.6857142857142857,88.57230024213075,75.35561743341404,175.40953026634384,42.0,23.0,189.0
image_5687.jpg,800,600,1.3333333333333333,87.48761666666667,111.7793125,73.21806875,97.0,102.0,49.0
image_7090.jpg,236,314,0.7515923566878981,112.24283439490446,47.4364271834179,179.0390397279499,127.0,9.0,183.0
image_8348.jpg,260,260,1.0,52.82923076923077,17.427307692307693,230.17507396449705,10.0,2.0,239.0
image_6365.jpg,250,300,0.8333333333333334,74.26393333333333,51.24878666666667,207.26832,22.0,4.0,255.0
image_2103.jpg,80,80,1.0,0.0,0.0,214.609375,0.0,0.0,255.0
image_4572.jpg,480,480,1.0,109.37155815972223,50.34688802083333,136.0014236111111,112.0,39.0,128.0
image_919.jpg,450,331,1.3595166163141994,0.0,0.0,110.5971064115475,0.0,0.0,101.0
image_4214.jpg,1079,720,1.4986111111111111,67.0844248790032,69.04047214499022,195.56295438162908,28.0,60.0,198.0
image_9730.jpg,560,437,1.2814645308924486,33.91648005884276,80.34120627656097,142.7882069303694,22.0,78.0,140.0
image_6403.jpg,238,298,0.7986577181208053,58.78716654447014,8.957842197281597,108.18931532344482,28.0,8.0,87.0
image_9724.jpg,750,500,1.5,175.125648,97.19206133333333,178.45651466666666,180.0,87.0,185.0
image_6417.jpg,230,230,1.0,35.659981096408316,120.89090737240076,149.8191493383743,21.0,110.0,165.0
image_7709.jpg,1000,669,1.4947683109118086,57.15882062780269,126.91325411061285,181.30318236173392,22.0,123.0,193.0
image_4200.jpg,825,550,1.5,135.10507768595042,115.37153278236914,64.01824132231405,143.0,107.0,53.0
image_2117.jpg,238,250,0.952,16.31875630252101,1.4405210084033613,223.20988235294118,0.0,0.0,255.0
image_5678.jpg,640,494,1.2955465587044535,19.27056869939271,98.09349696356276,220.92958312246964,22.0,20.0,247.0
image_4566.jpg,480,320,1.5,58.81188802083334,30.48177734375,175.53809895833334,25.0,27.0,173.0
image_3209.jpg,960,720,1.3333333333333333,44.43100115740741,82.77571614583333,177.86656539351853,28.0,74.0,194.0
image_9042.jpg,236,177,1.3333333333333333,22.441827061189315,109.82308723546873,167.9704826199368,16.0,103.0,175.0
image_5650.jpg,640,480,1.3333333333333333,100.18846354166666,69.62800130208333,123.32500325520833,138.0,23.0,118.0
image_3221.jpg,500,262,1.9083969465648856,59.41712213740458,163.84818320610688,73.5425038167939,62.0,168.0,66.0
image_925.jpg,480,720,0.6666666666666666,34.10548900462963,98.59521990740741,208.66130787037036,24.0,83.0,238.0
image_5888.jpg,360,240,1.5,18.685092592592593,106.98068287037037,213.94908564814816,18.0,105.0,217.0
image_7047.jpg,655,720,0.9097222222222222,67.81779050042408,95.36456530958439,199.90245759117897,26.0,75.0,223.0
image_8374.jpg,848,477,1.7777777777777777,39.02151566393734,150.65634023575018,135.54831939005578,14.0,156.0,138.0
image_6359.jpg,280,271,1.033210332103321,148.88600421718502,50.99571692145493,198.38863995782816,180.0,49.0,205.0
image_1436.jpg,580,386,1.5025906735751295,103.07093085581562,83.60238967303913,136.04495711988565,79.0,72.0,142.0
image_1350.jpg,640,360,1.7777777777777777,134.21975694444444,116.0834765625,116.49975260416667,157.0,102.0,107.0
image_7721.jpg,625,417,1.498800959232614,55.945135731414865,102.56590119904077,91.68976115107914,42.0,97.0,76.0
image_8412.jpg,1024,682,1.501466275659824,25.928786828720675,102.30340880452712,178.05537624862538,23.0,105.0,191.0
image_2881.jpg,699,438,1.595890410958904,56.89017578928802,103.91066494208948,184.5014926738132,27.0,108.0,204.0
image_4228.jpg,480,720,0.6666666666666666,100.86379050925926,73.27814236111111,209.9021701388889,142.0,37.0,232.0
image_5136.jpg,455,646,0.7043343653250774,83.67790970639268,83.29990473922362,158.32892525431225,35.0,80.0,151.0
image_2659.jpg,236,338,0.6982248520710059,117.37482449102397,79.66227058469562,163.431752081035,147.0,77.0,173.0
image_3553.jpg,889,500,1.778,103.11476040494938,68.07365804274465,144.41923059617548,18.0,19.0,160.0
image_2895.jpg,275,275,1.0,70.08185123966942,110.0761520661157,170.98278347107438,15.0,115.0,181.0
image_1344.jpg,773,512,1.509765625,71.34687045197283,96.16369107778137,193.05522315653297,58.0,104.0,205.0
image_9718.jpg,400,344,1.1627906976744187,137.66228924418604,38.09037790697674,174.11559593023256,155.0,32.0,186.0
image_7735.jpg,400,298,1.342281879194631,56.58419463087248,144.36495805369128,162.99888422818793,21.0,182.0,176.0
image_8406.jpg,450,300,1.5,58.4532,106.11986666666667,128.70907407407407,50.0,103.0,123.0
image_7053.jpg,340,270,1.2592592592592593,46.830250544662306,53.620294117647056,141.9733551198257,35.0,18.0,144.0
image_8360.jpg,626,626,1.0,120.35824852759546,75.7578545254111,220.07731782502628,127.0,73.0,223.0
image_3235.jpg,360,234,1.5384615384615385,87.6514245014245,62.17919040835707,148.5738722697056,28.0,55.0,147.0
image_931.jpg,1023,682,1.5,29.696045212316143,42.115643713647685,230.98879438601318,1.0,2.0,255.0
image_3962.jpg,300,443,0.6772009029345373,53.20706546275395,119.10047404063205,106.3810458991723,27.0,145.0,90.0
image_266.jpg,170,170,1.0,91.0952249134948,25.741418685121108,223.34740484429065,103.0,12.0,250.0
image_8837.jpg,257,365,0.7041095890410959,62.645605244922976,41.12103832418315,135.31152923618143,49.0,19.0,127.0
image_8189.jpg,650,505,1.2871287128712872,66.79340137090632,80.54956892612338,134.20144097486673,48.0,35.0,151.0
image_9297.jpg,569,720,0.7902777777777777,94.41018599882835,217.16134055848468,159.39799843780511,33.0,234.0,192.0
image_500.jpg,600,400,1.5,143.10395416666665,51.520154166666664,156.3672625,150.0,34.0,174.0
image_514.jpg,1280,599,2.1368948247078463,21.264949394824708,186.93998591402337,88.97769981218698,23.0,186.0,73.0
image_1807.jpg,450,299,1.5050167224080269,43.64213303604608,113.37488665923449,139.30145670754365,20.0,121.0,143.0
image_9283.jpg,378,500,0.756,138.6512328042328,152.593417989418,178.32042328042328,145.0,175.0,198.0
image_8823.jpg,350,450,0.7777777777777778,129.7548507936508,17.005847619047618,175.04662222222223,161.0,6.0,177.0
image_3976.jpg,325,390,0.8333333333333334,86.56048915187377,57.72339250493096,218.73398816568047,21.0,57.0,246.0
image_272.jpg,570,428,1.3317757009345794,17.736899491719953,80.61298163633383,133.44115428758812,16.0,87.0,127.0
image_1191.jpg,527,350,1.5057142857142858,63.6339116291678,54.89441040932502,119.18540525887775,34.0,50.0,105.0
image_6826.jpg,238,250,0.952,97.40705882352941,57.83238655462185,211.43978151260504,123.0,48.0,219.0
image_3786.jpg,960,720,1.3333333333333333,181.21723668981483,67.96109953703704,141.48532262731482,173.0,68.0,144.0
image_2498.jpg,427,285,1.4982456140350877,135.23681334483751,44.61203007518797,171.00188175356425,142.0,27.0,208.0
image_5491.jpg,400,266,1.5037593984962405,25.950864661654137,155.85505639097744,186.68073308270678,18.0,139.0,206.0
image_4957.jpg,300,235,1.2765957446808511,46.246695035460995,1.7276737588652482,62.16276595744681,0.0,0.0,36.0
image_7286.jpg,540,720,0.75,126.66537808641975,126.07813786008231,81.10434156378601,138.0,113.0,55.0
image_5485.jpg,236,354,0.6666666666666666,131.6695633438667,32.42126304701714,193.9232500239395,161.0,14.0,203.0
image_4943.jpg,384,256,1.5,47.12579345703125,66.98998006184895,131.23979695638022,22.0,48.0,108.0
image_3792.jpg,80,80,1.0,0.0,0.0,214.609375,0.0,0.0,255.0
image_1185.jpg,340,270,1.2592592592592593,109.69041394335513,70.34539215686274,114.51462962962962,145.0,66.0,114.0
image_6832.jpg,1024,682,1.501466275659824,74.22125441028226,129.15946893328444,185.8853140464626,45.0,123.0,204.0
image_6601.jpg,160,160,1.0,73.4028515625,76.633515625,194.4455859375,75.0,70.0,183.0
image_9532.jpg,238,250,0.952,51.05183193277311,83.6112268907563,199.80176470588236,14.0,38.0,251.0
image_2467.jpg,626,311,2.012861736334405,82.85524896500006,105.79044204513936,192.93585568556549,31.0,90.0,199.0
image_5308.jpg,240,240,1.0,56.859288194444446,74.32776041666666,204.66255208333334,49.0,26.0,234.0
image_4016.jpg,689,720,0.9569444444444445,107.33921544912111,155.06416303821965,152.6264775842606,82.0,160.0,162.0
image_3779.jpg,620,348,1.7816091954022988,101.01473859844272,38.17719225064887,136.30501946607342,116.0,27.0,123.0
image_4770.jpg,560,370,1.5135135135135136,75.86766891891892,42.38608590733591,130.71241795366797,42.0,23.0,126.0
image_2301.jpg,307,512,0.599609375,54.65402967223127,81.1727529519544,187.67954117467426,27.0,49.0,210.0
image_1608.jpg,718,720,0.9972222222222222,62.598941891055404,27.354596100278552,138.46815420922314,18.0,14.0,149.0
image_6173.jpg,236,354,0.6666666666666666,76.43016853394619,65.02185674614574,185.25870200134062,31.0,48.0,206.0
image_9240.jpg,720,720,1.0,142.26562114197532,19.791109182098765,151.54901427469136,157.0,11.0,125.0
image_4764.jpg,400,399,1.0025062656641603,104.52549498746868,78.88222431077695,188.63185463659147,127.0,44.0,221.0
image_2315.jpg,533,400,1.3325,109.08873358348968,35.42489681050657,139.28101313320826,144.0,24.0,150.0
image_2473.jpg,360,261,1.3793103448275863,70.03512132822478,89.07982120051085,151.9682418050234,64.0,74.0,154.0
image_4002.jpg,159,212,0.75,93.09202563189747,100.24026937225584,208.0243859024564,50.0,57.0,246.0
image_8638.jpg,1079,720,1.4986111111111111,138.0607532694882,71.53882066728453,103.23345175574092,161.0,42.0,96.0
image_6615.jpg,474,603,0.7860696517412935,70.40737242059744,68.43142585245363,116.01832958974467,25.0,54.0,105.0
image_9526.jpg,640,480,1.3333333333333333,67.328916015625,86.275966796875,146.32122395833332,56.0,65.0,158.0
image_5334.jpg,576,720,0.8,73.76049623842593,40.56763358410494,203.08564814814815,22.0,23.0,214.0
image_299.jpg,626,417,1.501199040767386,59.93408340420316,78.00874571907968,204.58303644624237,31.0,57.0,223.0
image_3745.jpg,576,720,0.8,33.40629581404321,82.59646749614197,155.83665364583334,17.0,46.0,166.0
image_8610.jpg,1080,720,1.5,125.69615354938271,106.1726607510288,128.42466306584362,155.0,99.0,131.0
image_7523.jpg,819,546,1.5,45.678429425682175,116.6299337618019,159.9072463962574,23.0,114.0,166.0
image_1152.jpg,489,366,1.3360655737704918,160.0888285449283,72.68568060165164,173.09205247689607,157.0,76.0,200.0
image_1634.jpg,240,160,1.5,60.048125,90.602109375,134.06390625,49.0,89.0,131.0
image_9268.jpg,800,533,1.5009380863039399,68.89274390243902,60.51291510318949,195.34146810506567,63.0,50.0,206.0
image_7245.jpg,333,500,0.666,63.830132132132135,49.49747147147147,97.16371171171171,23.0,40.0,51.0
image_5452.jpg,585,720,0.8125,77.81833333333333,82.05297483380816,72.10141975308642,34.0,42.0,51.0
image_4994.jpg,540,405,1.3333333333333333,96.34809327846365,88.79704160951074,93.5766803840878,52.0,68.0,84.0
image_3037.jpg,580,460,1.2608695652173914,85.52915292353823,106.68404422788606,164.29297976011995,54.0,105.0,183.0
image_4758.jpg,474,314,1.5095541401273886,94.16764761213685,51.61370904888602,139.33678679889275,73.0,6.0,153.0
image_5446.jpg,150,231,0.6493506493506493,28.807474747474746,127.62715728715729,186.24190476190475,26.0,141.0,176.0
image_4980.jpg,540,720,0.75,74.59969135802469,108.82949588477366,140.30583847736625,31.0,73.0,157.0
image_2329.jpg,180,137,1.313868613138686,121.64063260340633,172.87968369829684,142.92838605028385,165.0,188.0,142.0
image_1620.jpg,1188,720,1.65,70.5883756546951,108.51567760942761,135.94526281331838,34.0,88.0,136.0
image_8604.jpg,600,600,1.0,80.2878361111111,52.63187777777778,152.67876666666666,56.0,24.0,167.0
image_7537.jpg,320,320,1.0,87.4242578125,12.99669921875,208.8116796875,18.0,2.0,253.0
image_6629.jpg,340,270,1.2592592592592593,70.1084422657952,29.92868191721133,190.9305119825708,53.0,14.0,221.0
image_1146.jpg,1062,720,1.475,94.36342331031597,76.65973530027202,223.4542503661854,106.0,66.0,243.0
image_5320.jpg,540,720,0.75,62.30205761316873,68.05897633744856,110.50420524691359,63.0,56.0,114.0
image_3989.jpg,424,612,0.6928104575163399,71.78496500801579,30.07850073991861,185.30496593291406,31.0,21.0,194.0
image_3751.jpg,300,187,1.6042780748663101,58.93092691622103,208.14882352941177,186.46438502673797,34.0,225.0,203.0
image_3816.jpg,208,267,0.7790262172284644,87.91000432152117,57.64511307980409,153.80929487179486,77.0,66.0,176.0
image_312.jpg,449,720,0.6236111111111111,91.34826466221233,93.9191010888394,210.35122185102696,61.0,71.0,232.0
image_8943.jpg,200,142,1.408450704225352,22.214084507042255,67.23785211267605,212.28014084507043,19.0,28.0,248.0
image_9485.jpg,540,720,0.75,65.42928497942387,127.78805812757201,136.52704989711935,42.0,124.0,125.0
image_1967.jpg,400,300,1.3333333333333333,71.70838333333333,34.683775,130.30614166666666,49.0,31.0,150.0
image_474.jpg,576,720,0.8,88.84240933641975,102.08405671296296,103.51212625385803,41.0,102.0,103.0
image_460.jpg,733,720,1.0180555555555555,15.176521524935577,73.41439669546763,227.58492307109293,13.0,5.0,254.0
image_8957.jpg,230,230,1.0,59.473402646502834,53.98748582230624,148.4659168241966,20.0,29.0,163.0
image_9491.jpg,420,270,1.5555555555555556,112.69231922398589,123.45609347442681,120.60495590828924,135.0,115.0,115.0
image_306.jpg,660,440,1.5,72.13569214876033,90.20195592286501,140.02223484848486,53.0,95.0,148.0
image_7494.jpg,122,160,0.7625,31.412038934426228,66.79738729508196,220.58078893442624,19.0,40.0,249.0
image_6952.jpg,474,313,1.5143769968051117,59.57754681117807,89.90819077661396,109.35459888650733,55.0,85.0,97.0
image_4823.jpg,960,639,1.5023474178403755,86.33180588158581,58.78622685185185,198.00337441314554,38.0,20.0,213.0
image_96.jpg,611,621,0.9838969404186796,64.79494295405489,73.74516842324428,147.27965558955384,51.0,67.0,126.0
image_1797.jpg,340,270,1.2592592592592593,30.01384531590414,73.77338779956428,115.47705882352942,25.0,59.0,122.0
image_82.jpg,480,720,0.6666666666666666,89.30079571759259,145.71611979166667,90.59863425925926,35.0,146.0,64.0
image_3180.jpg,230,308,0.7467532467532467,21.438241106719367,156.70465838509315,174.09009034443818,18.0,165.0,179.0
image_4837.jpg,236,150,1.5733333333333333,73.4535593220339,82.0435593220339,84.38584745762712,42.0,68.0,75.0
image_5297.jpg,80,80,1.0,0.0,0.0,214.609375,0.0,0.0,255.0
image_4189.jpg,538,538,1.0,72.92266552424648,63.21037229999585,150.92515305205842,28.0,49.0,157.0
image_6946.jpg,258,189,1.3650793650793651,102.06308190804315,66.50881834215167,143.00020507772444,110.0,59.0,142.0
image_8980.jpg,310,450,0.6888888888888889,71.37903225806451,89.40998566308244,113.91096774193548,55.0,83.0,106.0
image_6775.jpg,240,160,1.5,131.20984375,58.325833333333335,195.38294270833333,145.0,53.0,221.0
image_9446.jpg,612,408,1.5,120.90282183134691,62.00967576573113,179.23107298474946,156.0,30.0,199.0
image_4162.jpg,719,720,0.9986111111111111,72.2095831401638,90.04366790295163,145.78020978210478,35.0,91.0,164.0
image_2513.jpg,736,489,1.5051124744376279,68.07465046234552,111.63332722059216,123.66711122966124,27.0,109.0,123.0
image_2275.jpg,440,250,1.76,97.0336,50.856227272727274,154.4686090909091,146.0,20.0,176.0
image_69.jpg,600,466,1.2875536480686696,26.42744277539342,197.50364806866952,119.29548998569385,25.0,207.0,100.0
image_6013.jpg,1081,720,1.5013888888888889,74.05010021584953,116.28605072463768,136.6451857847672,52.0,109.0,139.0
image_9320.jpg,700,467,1.4989293361884368,53.98401651881309,122.74442337106149,220.00265218721322,40.0,126.0,254.0
image_6007.jpg,667,720,0.9263888888888889,120.90377936031985,139.65565134099617,115.2488901382642,115.0,142.0,68.0
image_9334.jpg,250,362,0.6906077348066298,75.0303093922652,74.8344861878453,104.93917127071823,38.0,59.0,96.0
image_1768.jpg,800,463,1.7278617710583153,75.1747651187905,141.77235151187904,141.99956533477322,28.0,145.0,146.0
image_4610.jpg,626,417,1.501199040767386,134.4283142176355,108.2619846614721,206.71701871729454,136.0,118.0,222.0
image_3619.jpg,720,720,1.0,27.890663580246912,41.41102430555556,197.27259066358025,28.0,19.0,219.0
image_4176.jpg,1500,720,2.0833333333333335,127.88767592592593,80.98311574074074,148.88155462962962,149.0,91.0,163.0
image_5268.jpg,481,720,0.6680555555555555,69.79571494571495,90.702797990298,133.19550415800416,28.0,77.0,133.0
image_2507.jpg,474,316,1.5,141.53045719168938,72.02916866955081,148.7980959247984,156.0,38.0,164.0
image_8994.jpg,400,320,1.25,97.609625,98.271109375,147.8403828125,49.0,66.0,142.0
image_6761.jpg,480,438,1.095890410958904,153.783951674277,96.54092465753425,153.5383085996956,173.0,85.0,163.0
image_9452.jpg,400,272,1.4705882352941178,107.64330882352941,133.50592830882354,189.25555147058824,106.0,165.0,210.0
image_3631.jpg,663,720,0.9208333333333333,51.1030752471929,111.31688034188033,191.64198298977712,13.0,138.0,242.0
image_5240.jpg,480,351,1.3675213675213675,105.09925213675214,78.39842711301044,185.2889066951567,143.0,86.0,196.0
image_6749.jpg,960,720,1.3333333333333333,58.118323206018516,50.57288049768518,119.37888020833333,35.0,31.0,134.0
image_8764.jpg,540,720,0.75,49.912170781893,88.28145576131688,74.31043209876543,38.0,79.0,58.0
image_7457.jpg,300,200,1.5,84.66728333333333,58.21471666666667,120.12865,50.0,39.0,118.0
image_6991.jpg,563,470,1.1978723404255318,25.65171006386758,68.26574581459506,138.24149503042213,22.0,64.0,139.0
image_1998.jpg,454,341,1.3313782991202345,57.34313434185539,93.88353120518816,104.09963569186249,48.0,95.0,100.0
image_8002.jpg,480,720,0.6666666666666666,34.933501157407406,62.61408854166667,168.65096354166667,20.0,51.0,175.0
image_7331.jpg,900,633,1.4218009478672986,111.53823240301914,100.85555380024574,171.24402843601897,152.0,70.0,179.0
image_1740.jpg,550,450,1.2222222222222223,57.14629090909091,59.271527272727276,237.55329292929292,0.0,0.0,255.0
image_5526.jpg,768,574,1.3379790940766552,183.8186656141115,168.4864143256388,100.72289670441347,196.0,171.0,91.0
image_4638.jpg,238,250,0.952,101.1346218487395,80.41593277310925,237.95480672268909,102.0,28.0,255.0
image_3157.jpg,400,295,1.3559322033898304,71.15255084745763,105.13683898305085,154.57927966101695,44.0,79.0,176.0
image_5532.jpg,900,650,1.3846153846153846,72.91439829059829,121.43805128205128,147.66470427350427,46.0,148.0,169.0
image_41.jpg,183,275,0.6654545454545454,93.81078986587184,59.49468455042226,138.6801390958768,59.0,46.0,141.0
image_7325.jpg,612,408,1.5,156.38957372164552,114.83576428937589,146.23756888376266,157.0,100.0,151.0
image_9308.jpg,640,480,1.3333333333333333,93.38147786458333,120.68485677083333,152.27261067708332,28.0,130.0,158.0
image_1754.jpg,275,206,1.3349514563106797,136.0636716681377,66.82031774051191,143.17433362753752,146.0,41.0,136.0
image_1032.jpg,236,354,0.6666666666666666,51.38989035717706,85.54990184812793,133.98257205783779,27.0,65.0,148.0
image_8770.jpg,315,210,1.5,113.8395918367347,124.63818594104309,139.16813303099016,147.0,119.0,147.0
image_6985.jpg,238,250,0.952,117.91910924369748,138.8352100840336,234.2058823529412,132.0,142.0,251.0
image_3625.jpg,770,514,1.4980544747081712,63.899338016069535,115.05705189751882,122.2726969528526,49.0,107.0,115.0
image_7872.jpg,180,180,1.0,73.30262345679013,152.04583333333332,157.65259259259258,26.0,153.0,168.0
image_8599.jpg,340,270,1.2592592592592593,47.77493464052288,41.11194989106754,112.76699346405229,31.0,31.0,105.0
image_104.jpg,400,272,1.4705882352941178,78.97168198529411,63.817288602941176,147.44613970588236,29.0,45.0,159.0
image_9693.jpg,500,604,0.8278145695364238,68.6479701986755,103.04706291390728,34.6364238410596,8.0,115.0,13.0
image_7866.jpg,300,219,1.36986301369863,40.29435312024353,101.29217656012176,148.56934550989345,22.0,103.0,151.0
image_662.jpg,300,450,0.6666666666666666,96.86433333333333,126.17805925925926,110.72585925925927,56.0,121.0,114.0
image_1581.jpg,405,720,0.5625,36.324646776406034,114.92406721536351,122.30477023319617,25.0,121.0,127.0
image_2088.jpg,290,281,1.0320284697508897,32.491495889066144,42.28483249478464,146.92480058902933,24.0,33.0,135.0
image_892.jpg,480,720,0.6666666666666666,67.00455729166667,90.9554542824074,219.47596064814815,24.0,58.0,233.0
image_2936.jpg,480,720,0.6666666666666666,97.89530092592592,86.785625,81.59690104166667,59.0,75.0,79.0
image_5081.jpg,340,270,1.2592592592592593,25.145893246187363,73.62581699346406,177.64675381263618,21.0,61.0,188.0
image_6588.jpg,750,500,1.5,54.31600533333334,167.308256,66.96837866666667,47.0,187.0,49.0
image_7696.jpg,528,720,0.7333333333333333,15.799565972222222,11.168684238215489,245.12932975589226,0.0,0.0,255.0
image_7682.jpg,580,449,1.2917594654788418,37.30069119115275,118.9117579294985,115.52528607633822,28.0,120.0,110.0
image_2922.jpg,450,300,1.5,57.592,108.64985925925926,171.23711111111112,28.0,107.0,180.0
image_138.jpg,235,171,1.3742690058479532,24.614358591514247,57.56284683339555,134.96944133383104,23.0,45.0,132.0
image_3382.jpg,500,334,1.4970059880239521,23.91388622754491,42.75384431137724,198.8005868263473,16.0,44.0,212.0
image_886.jpg,300,300,1.0,18.412211111111112,120.4825,167.15636666666666,17.0,128.0,175.0
image_1595.jpg,320,240,1.3333333333333333,114.50610677083333,116.15842447916667,143.89141927083332,142.0,108.0,154.0
image_9122.jpg,339,254,1.3346456692913387,80.48225443058556,44.92873899612106,194.3104661696049,25.0,23.0,202.0
image_6211.jpg,511,720,0.7097222222222223,76.05224777125463,20.006292128723636,248.23137095020655,0.0,0.0,253.0
image_3369.jpg,306,460,0.6652173913043479,59.92528417163967,94.44273941460642,148.52428246660983,21.0,80.0,170.0
image_4406.jpg,504,672,0.75,31.574109504913075,35.605149872448976,206.30013758975812,27.0,18.0,218.0
image_5718.jpg,300,453,0.6622516556291391,47.875091979396615,88.6363502575423,61.4970272259014,22.0,74.0,35.0
image_2077.jpg,360,480,0.75,36.78831597222222,38.318391203703705,176.6020949074074,42.0,3.0,182.0
image_2711.jpg,236,177,1.3333333333333333,109.28873408024513,35.67545245619075,152.50684669156374,128.0,16.0,162.0
image_7669.jpg,200,200,1.0,63.003025,30.754675,77.30285,42.0,10.0,56.0
image_9644.jpg,450,252,1.7857142857142858,90.28359788359788,63.246022927689594,156.60338624338624,103.0,28.0,176.0
image_6577.jpg,444,300,1.48,68.66503753753754,64.88725975975976,144.40265765765767,72.0,72.0,125.0
image_1218.jpg,480,360,1.3333333333333333,70.64546875,48.009913194444444,144.84489583333334,36.0,35.0,150.0
image_9888.jpg,476,317,1.501577287066246,66.72728176444079,44.585385573787875,167.305768364128,59.0,9.0,182.0
image_9650.jpg,500,500,1.0,90.833636,29.539564,169.45062,106.0,17.0,176.0
image_6563.jpg,540,720,0.75,125.08247685185185,65.826908436214,112.2132767489712,162.0,46.0,83.0
image_4374.jpg,450,300,1.5,50.71146666666667,24.711081481481482,178.35505185185184,28.0,11.0,189.0
image_879.jpg,498,665,0.7488721804511278,84.66500588821451,68.6854576199535,161.6697043814355,51.0,44.0,185.0
image_4412.jpg,469,702,0.6680911680911681,114.95006347991422,7.2627369866175835,177.73789477520822,170.0,2.0,204.0
image_2063.jpg,480,277,1.7328519855595668,25.44181708784597,16.50391847172082,211.01498194945847,23.0,2.0,251.0
image_9136.jpg,363,450,0.8066666666666666,77.03974900520355,67.41131925313744,187.66963575145394,30.0,22.0,251.0
image_6205.jpg,220,200,1.1,142.54979545454546,46.132113636363634,188.98661363636364,178.0,36.0,198.0
image_8228.jpg,320,180,1.7777777777777777,117.1581076388889,38.92534722222222,115.65605902777777,139.0,16.0,99.0
image_3355.jpg,540,720,0.75,53.704331275720165,41.2342103909465,190.51213991769546,18.0,26.0,189.0
image_851.jpg,265,195,1.358974358974359,64.3336816642477,70.74585389453314,114.86316400580552,34.0,64.0,108.0
image_689.jpg,666,361,1.8448753462603877,32.01495262575595,160.5618735078569,156.00116459950254,18.0,148.0,153.0
image_5724.jpg,720,720,1.0,32.451259645061725,46.367484567901236,221.8268325617284,0.0,0.0,255.0
image_1542.jpg,260,330,0.7878787878787878,140.2687529137529,41.877937062937065,221.32400932400932,145.0,24.0,236.0
image_7133.jpg,1079,720,1.4986111111111111,24.85332612501287,69.22173952219133,133.52103671094636,24.0,42.0,135.0
image_7655.jpg,400,265,1.509433962264151,70.67133962264151,92.51222641509435,104.64711320754716,57.0,85.0,85.0
image_8566.jpg,454,454,1.0,91.495206582701,111.90892021968212,168.1820625278969,64.0,113.0,185.0
image_9678.jpg,720,720,1.0,18.626824845679014,60.19922260802469,179.03648919753087,0.0,0.0,255.0
image_1224.jpg,736,552,1.3333333333333333,107.16798844124133,89.90635584042218,124.9906958884688,146.0,85.0,122.0
image_5042.jpg,236,236,1.0,38.64843076702097,27.067940247055443,164.55359451307095,28.0,11.0,174.0
image_3433.jpg,340,270,1.2592592592592593,62.46259259259259,34.95721132897604,158.89558823529413,22.0,6.0,175.0
image_5056.jpg,840,600,1.4,59.76654563492063,65.8891369047619,151.01868055555556,28.0,36.0,150.0
image_3427.jpg,300,294,1.0204081632653061,74.96845804988662,65.81674603174604,143.69571428571427,44.0,66.0,141.0
image_7641.jpg,480,300,1.6,100.92475694444444,196.29038888888888,53.50636111111111,145.0,230.0,33.0
image_8572.jpg,500,309,1.6181229773462784,73.34860841423948,66.33050485436893,141.94762459546925,21.0,62.0,141.0
image_7899.jpg,400,288,1.3888888888888888,24.82765625,135.40092881944443,47.89763020833333,18.0,127.0,34.0
image_1230.jpg,749,499,1.501002004008016,41.49238664244377,140.75407156101255,100.59837431873092,36.0,150.0,92.0
image_1556.jpg,400,571,0.7005253940455342,49.208401926444836,92.07707530647986,89.85862084063048,33.0,93.0,86.0
image_7127.jpg,626,626,1.0,68.79580530575998,42.520029294981065,244.5791245189805,21.0,1.0,255.0
image_3341.jpg,259,194,1.3350515463917525,75.18146718146718,41.931855272061455,118.88305536759145,54.0,25.0,113.0
image_845.jpg,480,720,0.6666666666666666,111.63153067129629,38.5923755787037,195.27114872685186,161.0,12.0,213.0
image_5730.jpg,504,417,1.20863309352518,30.701386509839747,78.78781736515549,142.04342716303148,28.0,74.0,151.0
image_6201.jpg,1128,720,1.5666666666666667,26.353075748620963,118.0844722714736,122.42766080575257,23.0,115.0,115.0
image_9132.jpg,240,160,1.5,43.047109375,162.133203125,121.4353125,16.0,164.0,121.0
image_5708.jpg,720,720,1.0,48.612872299382715,82.70495949074073,216.31699459876543,29.0,36.0,231.0
image_2067.jpg,394,516,0.7635658914728682,21.91146755597529,149.6174497304529,159.03137173887382,22.0,158.0,166.0
image_3379.jpg,800,534,1.4981273408239701,70.35625468164794,114.25649110486891,78.19336844569288,29.0,106.0,43.0
image_4416.jpg,450,300,1.5,96.55111851851852,106.23581481481482,137.8660074074074,139.0,108.0,151.0
image_6567.jpg,340,340,1.0,122.02045847750865,67.54251730103806,238.05260380622838,127.0,4.0,255.0
image_9654.jpg,238,250,0.952,123.87383193277311,190.7568907563025,173.1995294117647,124.0,253.0,168.0
image_1208.jpg,650,434,1.4976958525345623,112.8505140021269,75.38137539879476,159.3663594470046,139.0,62.0,145.0
image_7679.jpg,500,387,1.2919896640826873,87.03392764857881,91.81299224806202,122.05225839793282,50.0,84.0,116.0
image_6573.jpg,550,367,1.4986376021798364,21.702184790686154,193.60661877631904,43.41593262323507,17.0,205.0,27.0
image_9898.jpg,600,600,1.0,34.680566666666664,46.59345,223.37376666666665,0.0,0.0,255.0
image_4364.jpg,400,352,1.1363636363636365,74.86993607954545,77.41141335227273,188.48313920454547,43.0,69.0,225.0
image_2715.jpg,886,720,1.2305555555555556,53.420171808377226,93.59830699774267,172.4766334336594,24.0,71.0,182.0
image_4402.jpg,480,720,0.6666666666666666,69.78380208333333,161.764609375,89.99678240740741,22.0,176.0,70.0
image_6215.jpg,700,464,1.5086206896551724,81.95276477832512,83.52508004926108,133.54258928571429,50.0,73.0,144.0
image_9126.jpg,477,720,0.6625,121.34788027020731,28.32939960400652,216.9191037735849,150.0,10.0,247.0
image_699.jpg,720,720,1.0,61.514400077160495,148.65238425925926,158.4413387345679,20.0,163.0,169.0
image_5734.jpg,135,135,1.0,100.04444444444445,18.904252400548696,199.89371742112482,16.0,14.0,208.0
image_841.jpg,576,720,0.8,40.91390576774691,113.09662181712963,112.25301408179013,18.0,108.0,120.0
image_3345.jpg,236,342,0.6900584795321637,66.04383486966003,55.69583209436019,118.11868123699078,60.0,36.0,115.0
image_7123.jpg,350,340,1.0294117647058822,92.41721008403361,144.03427731092438,176.4158655462185,32.0,156.0,192.0
image_1552.jpg,707,398,1.7763819095477387,48.540620357800314,108.80511823615959,138.3144044124441,48.0,100.0,139.0
image_1234.jpg,452,543,0.8324125230202578,149.09930083606318,22.469038771818315,199.14739484020274,155.0,3.0,199.0
image_8576.jpg,640,480,1.3333333333333333,74.72080078125,83.637392578125,165.9177734375,20.0,50.0,178.0
image_7645.jpg,1023,714,1.4327731092436975,38.75462267018244,61.010185892538836,237.79466664476152,0.0,5.0,255.0
image_3423.jpg,236,334,0.7065868263473054,64.55982949355526,55.85586877093271,151.5653100578504,32.0,60.0,162.0
image_2729.jpg,320,240,1.3333333333333333,68.67302083333334,71.27141927083333,133.8830078125,30.0,60.0,139.0
image_5046.jpg,399,257,1.5525291828793775,73.52739826219245,111.60456588943175,122.37975288415592,81.0,101.0,104.0
image_7889.jpg,480,720,0.6666666666666666,43.93215856481481,80.97969907407408,160.75583622685184,29.0,65.0,180.0
image_8562.jpg,236,236,1.0,55.42297471990807,104.21768170066073,143.19660298764722,46.0,104.0,143.0
image_7651.jpg,238,250,0.952,76.76875630252101,99.8376806722689,206.83467226890755,37.0,125.0,243.0
image_7137.jpg,310,400,0.775,65.51571774193549,106.69041935483871,106.17029032258064,42.0,100.0,105.0
image_1546.jpg,570,703,0.8108108108108109,92.5699882708193,52.56077462504055,130.34059544308852,93.0,19.0,137.0
image_6229.jpg,236,236,1.0,131.59280738293594,113.23604926745188,138.1295245619075,138.0,109.0,152.0
image_855.jpg,180,180,1.0,69.47092592592593,119.5174074074074,43.34638888888889,0.0,132.0,1.0
image_3351.jpg,768,512,1.5,56.920509338378906,107.55405171712239,122.33280944824219,58.0,110.0,125.0
image_5913.jpg,450,298,1.5100671140939597,107.59891126025354,108.8376211782252,179.34419835943325,148.0,101.0,174.0
image_666.jpg,575,375,1.5333333333333334,108.31388753623189,81.1415652173913,109.33155710144928,128.0,69.0,99.0
image_9697.jpg,640,640,1.0,57.4797021484375,89.5869677734375,156.271904296875,42.0,86.0,149.0
image_7862.jpg,720,720,1.0,68.18390046296297,61.2868074845679,76.21269483024692,0.0,0.0,0.0
image_100.jpg,380,253,1.5019762845849802,66.67192635739546,34.15450384855419,126.04930309964635,42.0,20.0,96.0
image_114.jpg,240,160,1.5,48.737578125,93.75338541666666,112.402734375,49.0,85.0,101.0
image_9683.jpg,480,720,0.6666666666666666,34.31686053240741,37.36560185185185,234.37169270833334,0.0,0.0,255.0
image_7876.jpg,120,160,0.75,107.08260416666667,112.41854166666667,140.00307291666667,70.0,108.0,133.0
image_5907.jpg,416,234,1.7777777777777777,93.99378492767916,98.8527387409599,118.88392710387903,42.0,72.0,120.0
image_672.jpg,480,360,1.3333333333333333,148.3025,68.89256944444445,149.27685185185186,170.0,68.0,145.0
image_1591.jpg,800,533,1.5009380863039399,139.01458724202627,36.319143996247654,213.02170262664166,161.0,7.0,218.0
image_882.jpg,240,160,1.5,138.48731770833334,120.86690104166667,117.55109375,147.0,114.0,121.0
image_3386.jpg,600,403,1.488833746898263,129.40937551695617,82.3017576509512,184.4952688172043,144.0,96.0,222.0
image_2098.jpg,529,720,0.7347222222222223,47.39731148918295,66.9222379752153,78.26993278722958,38.0,63.0,66.0
image_2926.jpg,500,465,1.075268817204301,44.47141935483871,100.78341935483871,125.96598279569892,34.0,95.0,122.0
image_9873.jpg,1224,720,1.7,24.847569444444446,52.0778038761801,34.60776143790849,0.0,0.0,2.0
image_7686.jpg,1081,720,1.5013888888888889,105.05049979442903,64.30946911296125,135.95193365196835,89.0,44.0,144.0
image_6598.jpg,960,720,1.3333333333333333,63.77106336805556,121.65202546296297,94.12149305555556,25.0,122.0,81.0
image_9867.jpg,460,230,2.0,99.90877126654064,81.11071833648393,128.8629111531191,65.0,71.0,133.0
image_7692.jpg,612,378,1.619047619047619,57.36752170003804,73.28985977106892,142.54342601238025,43.0,70.0,135.0
image_128.jpg,340,270,1.2592592592592593,124.37302832244009,79.05771241830065,147.5524945533769,130.0,85.0,153.0
image_5085.jpg,1024,683,1.499267935578331,148.63026314284406,56.047744326500734,120.64993737417643,191.0,51.0,105.0
image_2932.jpg,1083,720,1.5041666666666667,57.823487996306554,100.97211962655176,82.3307928080435,51.0,91.0,78.0
image_896.jpg,768,512,1.5,82.04646555582683,75.01673380533855,129.3305435180664,29.0,53.0,123.0
image_3392.jpg,250,333,0.7507507507507507,30.375207207207207,85.86081681681682,158.45125525525526,19.0,66.0,174.0
image_8748.jpg,236,236,1.0,73.66171717897156,105.84334602125826,144.79111605860385,23.0,88.0,161.0
image_8990.jpg,350,350,1.0,12.750775510204083,65.40232653061224,174.18793469387754,11.0,72.0,173.0
image_9456.jpg,480,720,0.6666666666666666,67.8933130787037,119.67675636574074,113.8000607638889,39.0,106.0,105.0
image_6765.jpg,128,110,1.1636363636363636,47.31392045454545,52.12890625,192.55625,36.0,27.0,235.0
image_2503.jpg,612,340,1.8,102.24087370242215,132.96399942329873,153.07959438677432,102.0,146.0,149.0
image_4172.jpg,940,627,1.4992025518341308,78.80020699718348,46.19289931792731,199.1598561199905,29.0,21.0,211.0
image_9330.jpg,236,177,1.3333333333333333,140.12577803313224,58.963755625778035,129.51876855309777,145.0,33.0,119.0
image_6003.jpg,400,400,1.0,85.2634125,66.5788625,136.1153125,15.0,48.0,169.0
image_79.jpg,240,160,1.5,111.29216145833334,74.82497395833333,128.75481770833332,103.0,74.0,119.0
image_9324.jpg,480,320,1.5,73.545,31.673430989583334,226.143671875,26.0,7.0,233.0
image_6017.jpg,236,316,0.7468354430379747,100.23464653507831,90.92167721518987,138.4707546663806,56.0,53.0,132.0
image_1778.jpg,80,80,1.0,0.0,0.0,214.609375,0.0,0.0,255.0
image_7309.jpg,626,438,1.4292237442922375,50.47032328183582,122.9876179847404,59.273305177469474,24.0,110.0,54.0
image_4600.jpg,544,720,0.7555555555555555,34.11327869689543,138.79087775735294,118.43920292075164,17.0,151.0,119.0
image_2271.jpg,427,285,1.4982456140350877,144.57077119027076,67.66735691688237,141.1022392045688,150.0,65.0,170.0
image_5278.jpg,434,650,0.6676923076923077,151.94100319035803,43.31481389578164,190.05393477490253,149.0,26.0,199.0
image_2517.jpg,517,350,1.477142857142857,81.39365570599612,81.8730864879801,129.2588284056369,55.0,66.0,127.0
image_3609.jpg,450,353,1.274787535410765,83.16879446018257,103.02744098205855,168.9443185395027,59.0,85.0,161.0
image_4166.jpg,335,224,1.4955357142857142,82.68777985074627,63.85067963752665,182.42353411513858,39.0,48.0,201.0
image_8984.jpg,318,450,0.7066666666666667,112.7653319357093,88.10297693920336,174.79883997204752,121.0,80.0,208.0
image_9442.jpg,456,700,0.6514285714285715,16.573703007518798,198.62977130325814,188.72450187969926,17.0,206.0,205.0
image_6771.jpg,540,720,0.75,97.02132458847737,83.43140432098765,201.88365226337447,130.0,76.0,222.0
image_5250.jpg,220,220,1.0,102.23243801652893,76.52535123966942,132.995847107438,134.0,31.0,95.0
image_3621.jpg,238,250,0.952,123.81423529411765,51.66842016806723,224.2259831932773,94.0,69.0,216.0
image_8774.jpg,800,600,1.3333333333333333,85.64176041666667,89.20432708333334,169.35885833333333,52.0,64.0,193.0
image_6981.jpg,570,570,1.0,11.746531240381655,73.35800246229608,202.06650661742074,0.0,0.0,255.0
image_1036.jpg,320,320,1.0,92.3675,112.125185546875,150.430224609375,28.0,87.0,155.0
image_6759.jpg,320,200,1.6,75.460375,66.654953125,106.34771875,28.0,54.0,95.0
image_1750.jpg,500,369,1.3550135501355014,108.21763685636856,98.86054742547425,143.35042276422763,104.0,95.0,141.0
image_7321.jpg,700,420,1.6666666666666667,113.47083673469388,53.92588775510204,132.29557482993198,130.0,35.0,128.0
image_45.jpg,720,540,1.3333333333333333,88.09670524691359,51.286286008230455,176.54776234567902,30.0,50.0,189.0
image_1988.jpg,800,267,2.9962546816479403,37.485777153558054,149.09283707865168,162.10280898876405,12.0,139.0,160.0
image_8012.jpg,960,720,1.3333333333333333,50.1052734375,127.5638527199074,124.58929542824075,51.0,144.0,123.0
image_3147.jpg,194,259,0.749034749034749,27.875751303586355,47.469848346137006,200.9257652350436,26.0,42.0,209.0
image_2259.jpg,960,720,1.3333333333333333,76.90641493055556,89.8953443287037,161.28055700231482,22.0,48.0,187.0
image_5536.jpg,800,600,1.3333333333333333,90.04359375,77.60802083333333,152.06049375,32.0,81.0,130.0
image_5522.jpg,236,316,0.7468354430379747,85.75592683973396,58.306077022098265,194.58160802402918,42.0,41.0,202.0
image_9318.jpg,179,118,1.5169491525423728,75.54341444938926,64.7460467758735,172.97107281507434,85.0,17.0,172.0
image_1744.jpg,338,338,1.0,149.44808480095236,187.29465004726725,123.88665487903084,142.0,206.0,99.0
image_7335.jpg,640,480,1.3333333333333333,98.0631640625,90.19079427083334,144.72805989583333,148.0,70.0,163.0
image_8006.jpg,300,177,1.694915254237288,25.670056497175143,101.9483615819209,192.9184745762712,18.0,67.0,216.0
image_8760.jpg,1080,720,1.5,157.82576774691358,92.19468235596707,192.62883744855966,152.0,78.0,217.0
image_6995.jpg,609,609,1.0,57.31273643028357,57.07556871341482,241.76730541602294,30.0,43.0,247.0
image_1022.jpg,365,365,1.0,40.91275661474948,21.270985175455056,240.35500093826235,0.0,0.0,255.0
image_5244.jpg,260,194,1.3402061855670102,93.56243061062649,59.93592386994449,141.9873909595559,42.0,53.0,149.0
image_4.jpg,480,320,1.5,110.21654947916667,95.06430989583333,147.5418359375,124.0,81.0,158.0
image_302.jpg,240,240,1.0,28.463940972222222,36.61095486111111,235.54692708333334,5.0,2.0,255.0
image_3806.jpg,204,160,1.275,67.09212622549019,48.52616421568627,209.53057598039214,66.0,36.0,221.0
image_8953.jpg,480,319,1.5047021943573669,104.92956504702194,26.460024817136887,159.1224921630094,145.0,15.0,171.0
image_9495.jpg,480,640,0.75,24.624407552083333,59.4440625,211.89133138020833,24.0,67.0,221.0
image_1977.jpg,500,281,1.7793594306049823,91.59309608540926,110.04638434163701,138.6176797153025,28.0,106.0,140.0
image_464.jpg,365,280,1.3035714285714286,122.08097847358121,128.52440313111546,166.99456947162426,142.0,122.0,167.0
image_470.jpg,1079,720,1.4986111111111111,154.15870662135723,13.51506281536402,203.97648156729483,154.0,10.0,219.0
image_1963.jpg,202,269,0.7509293680297398,83.22886377857117,74.20173727409916,129.7444145901579,70.0,56.0,129.0
image_8947.jpg,236,314,0.7515923566878981,43.78424916333801,117.39669923350966,118.06343787110008,26.0,96.0,121.0
image_9481.jpg,370,220,1.6818181818181819,77.53285012285012,105.889914004914,125.9815479115479,26.0,96.0,132.0
image_316.jpg,465,304,1.5296052631578947,95.46982880588568,104.65456281833616,152.47687464629314,34.0,85.0,156.0
image_3812.jpg,236,333,0.7087087087087087,98.5547920802158,104.8391866442714,90.46064284623607,42.0,94.0,83.0
image_6942.jpg,383,450,0.8511111111111112,16.967067014795475,199.16289527125036,77.16941688424717,13.0,210.0,59.0
image_5293.jpg,300,300,1.0,98.66783333333333,109.98502222222223,126.14775555555556,25.0,98.0,128.0
image_4833.jpg,480,720,0.6666666666666666,82.69932291666667,102.20313946759259,169.86864583333335,60.0,100.0,174.0
image_458.jpg,363,242,1.5,68.46344739658038,35.55791954101496,175.39082029915988,31.0,19.0,171.0
image_3184.jpg,299,400,0.7475,29.53103678929766,178.6251086956522,120.9208110367893,29.0,180.0,101.0
image_86.jpg,250,186,1.3440860215053763,50.91116129032258,107.55118279569892,145.9661505376344,25.0,90.0,165.0
image_1787.jpg,300,417,0.7194244604316546,35.69545963229417,110.78703437250199,161.7455315747402,29.0,124.0,176.0
image_4827.jpg,600,388,1.5463917525773196,54.62228092783505,123.29402491408935,181.99540807560138,18.0,132.0,201.0
image_3190.jpg,236,354,0.6666666666666666,73.19193478885377,135.7819232979029,157.88264866417697,57.0,140.0,184.0
image_4199.jpg,255,240,1.0625,118.26915032679739,194.0683660130719,182.5084640522876,146.0,221.0,197.0
image_5287.jpg,510,510,1.0,181.00994617454825,38.49298346789696,204.80851595540176,182.0,35.0,223.0
image_6956.jpg,320,180,1.7777777777777777,87.8746875,90.09149305555556,86.25460069444445,23.0,58.0,15.0
image_6611.jpg,236,236,1.0,79.13483912668774,56.400100545820166,246.84302283826486,47.0,14.0,255.0
image_4006.jpg,346,240,1.4416666666666667,106.97845616570328,152.1480852601156,190.3631262042389,140.0,174.0,199.0
image_3769.jpg,767,431,1.7795823665893271,102.54297788412381,52.703215892212704,127.86028368579787,143.0,52.0,137.0
image_2477.jpg,236,340,0.6941176470588235,79.41517946161515,44.80685443668993,189.7255109670987,19.0,11.0,208.0
image_5318.jpg,651,488,1.334016393442623,91.49802636549067,52.449198584775,126.38125456422654,70.0,42.0,121.0
image_2311.jpg,1024,682,1.501466275659824,51.49705742531158,133.59567591871334,116.14187648918622,51.0,140.0,105.0
image_4760.jpg,880,461,1.9088937093275489,92.24595740485111,63.68930684283179,135.3646839873792,127.0,68.0,123.0
image_7269.jpg,474,379,1.2506596306068603,26.328072987987486,77.08018547588034,167.51119423755608,25.0,70.0,185.0
image_1618.jpg,540,720,0.75,141.01031378600823,53.07913580246914,158.2608693415638,159.0,49.0,163.0
image_6177.jpg,240,160,1.5,38.18794270833333,133.12572916666667,94.60565104166666,31.0,138.0,56.0
image_9250.jpg,170,135,1.2592592592592593,102.18191721132898,135.6170806100218,158.6809586056645,51.0,134.0,167.0
image_6163.jpg,340,270,1.2592592592592593,62.75223311546841,16.231318082788672,105.20794117647058,29.0,10.0,58.0
image_2305.jpg,576,720,0.8,39.2240306712963,32.46187065972222,108.07225597993828,13.0,9.0,70.0
image_4774.jpg,309,400,0.7725,126.47945792880259,44.820016181229775,162.87601132686083,131.0,17.0,187.0
image_4012.jpg,600,517,1.1605415860735009,73.45074145712444,58.44002901353965,163.06085751128305,42.0,30.0,167.0
image_2463.jpg,400,266,1.5037593984962405,96.45248120300752,13.119445488721805,157.07640037593984,106.0,7.0,160.0
image_9536.jpg,236,149,1.5838926174496644,71.72363781139802,68.64944261176203,126.21539074053008,33.0,65.0,115.0
image_6605.jpg,960,720,1.3333333333333333,85.32044415509259,108.66492332175926,120.05399884259259,35.0,70.0,104.0
image_8628.jpg,720,720,1.0,174.62148341049382,54.27418016975309,188.85250192901233,215.0,26.0,200.0
image_3755.jpg,640,337,1.8991097922848665,22.90205396884273,46.52290893916914,176.06334384272998,21.0,43.0,186.0
image_5324.jpg,238,250,0.952,45.88526050420168,55.3752268907563,226.14509243697478,26.0,29.0,249.0
image_289.jpg,236,354,0.6666666666666666,20.92026955855597,46.936907497845446,216.35176673369722,21.0,21.0,226.0
image_1142.jpg,640,480,1.3333333333333333,90.07871744791667,87.16861328125,129.79090494791666,51.0,77.0,121.0
image_7533.jpg,550,366,1.5027322404371584,44.14032786885246,75.45558867362146,96.11396920019871,27.0,59.0,85.0
image_7255.jpg,480,360,1.3333333333333333,23.74861111111111,29.070943287037036,220.3439351851852,0.0,0.0,255.0
image_8166.jpg,960,720,1.3333333333333333,87.31031973379629,67.83927951388888,125.57587673611111,46.0,43.0,120.0
image_1624.jpg,300,300,1.0,24.02297777777778,138.3217,147.6283222222222,20.0,132.0,152.0
image_9278.jpg,360,480,0.75,90.81451967592592,3.9361805555555556,242.64033564814815,106.0,3.0,245.0
image_4984.jpg,577,720,0.8013888888888889,29.218433468130176,61.42735413056037,163.2642403235124,26.0,57.0,167.0
image_3033.jpg,530,601,0.8818635607321131,128.77933946567043,41.28811100995197,155.54522336985528,135.0,43.0,148.0
image_2339.jpg,400,300,1.3333333333333333,53.789116666666665,111.44000833333334,124.54195,58.0,99.0,119.0
image_4990.jpg,800,533,1.5009380863039399,67.1925469043152,119.56489681050657,142.04780018761727,49.0,102.0,129.0
image_3027.jpg,236,236,1.0,173.89180551565642,42.39334961218041,201.1180695202528,221.0,34.0,206.0
image_4748.jpg,600,431,1.3921113689095128,34.56553750966744,182.63444702242847,160.0819682907966,13.0,198.0,162.0
image_7241.jpg,338,450,0.7511111111111111,85.90048652202498,112.44702827087443,161.08746877054568,28.0,87.0,164.0
image_8172.jpg,397,450,0.8822222222222222,115.25457038902883,70.31460397425133,149.7558130422614,106.0,44.0,156.0
image_1630.jpg,272,400,0.68,41.09986213235294,104.31511029411764,163.0046875,23.0,103.0,163.0
image_1156.jpg,236,195,1.2102564102564102,114.48426770969144,154.68617992177315,128.67696653628857,50.0,162.0,109.0
image_8614.jpg,262,192,1.3645833333333333,86.92348520992367,79.90227417302799,94.85323234732824,42.0,71.0,79.0
image_3741.jpg,270,225,1.2,108.37366255144033,165.80814814814815,166.5634403292181,23.0,151.0,211.0
image_3999.jpg,1000,667,1.4992503748125936,43.56105847076462,123.31276911544228,111.45011094452774,19.0,114.0,112.0
image_5330.jpg,569,720,0.7902777777777777,58.91840949033392,52.456690587775824,133.37075522358916,29.0,41.0,124.0
image_276.jpg,225,225,1.0,12.964543209876544,105.73108148148148,197.6251061728395,1.0,5.0,245.0
image_3972.jpg,236,132,1.7878787878787878,70.52474961479199,134.09691191576786,184.03848870056498,45.0,127.0,205.0
image_1803.jpg,465,700,0.6642857142857143,113.10123502304147,19.712921658986176,151.44015975422428,156.0,16.0,164.0
image_8199.jpg,560,360,1.5555555555555556,81.27618551587301,53.63453373015873,80.8605505952381,24.0,49.0,68.0
image_510.jpg,350,350,1.0,59.66601632653061,30.299395918367345,224.84349387755103,0.0,0.0,255.0
image_504.jpg,480,480,1.0,110.74401475694444,144.75942274305555,107.26013888888889,123.0,137.0,108.0
image_9293.jpg,440,550,0.8,51.47477685950413,99.6414256198347,78.5206570247934,32.0,99.0,66.0
image_1817.jpg,640,480,1.3333333333333333,69.89497721354167,59.048837890625,148.467314453125,33.0,44.0,145.0
image_8833.jpg,388,259,1.498069498069498,61.87891573458584,54.32893165625124,203.17677029017236,56.0,6.0,211.0
image_262.jpg,600,337,1.7804154302670623,71.24727002967359,61.326805143422355,132.35216617210682,68.0,51.0,109.0
image_3966.jpg,236,360,0.6555555555555556,127.46946798493408,59.50530838041431,180.67425847457628,144.0,57.0,179.0
image_6836.jpg,378,454,0.8325991189427313,129.54092371162855,93.52453791110179,222.39255413374357,198.0,3.0,251.0
image_1181.jpg,474,632,0.75,86.09673930459863,87.03811488543502,119.35534836831704,104.0,86.0,106.0
image_2488.jpg,480,360,1.3333333333333333,54.680422453703706,149.96958333333333,119.43633101851852,23.0,153.0,121.0
image_3796.jpg,720,720,1.0,44.963551311728395,153.77814236111112,112.38671296296296,30.0,160.0,107.0
image_5481.jpg,400,284,1.408450704225352,118.6312147887324,76.05198063380281,144.8874295774648,141.0,73.0,138.0
image_4947.jpg,554,720,0.7694444444444445,95.19159897713598,41.742421279582835,157.79605896510228,142.0,34.0,166.0
image_6188.jpg,717,720,0.9958333333333333,144.19810746939407,36.75229156981249,142.96286029753603,154.0,14.0,161.0
image_7282.jpg,1280,547,2.340036563071298,69.55746972120659,53.70207095521024,139.83549331581352,23.0,51.0,149.0
image_538.jpg,236,353,0.6685552407932012,28.26502856868488,64.48679598597974,162.83535794881644,14.0,58.0,201.0
image_3782.jpg,360,193,1.8652849740932642,104.13789579735176,45.78389464594128,145.33344847438113,143.0,41.0,159.0
image_6822.jpg,720,720,1.0,84.13967206790123,90.51382137345679,110.83920331790124,52.0,91.0,73.0
image_1195.jpg,287,414,0.6932367149758454,122.31231799895639,47.81990944133044,114.90416435220253,158.0,31.0,82.0
image_9046.jpg,720,720,1.0,59.13035493827161,92.58063271604938,173.69518325617284,16.0,86.0,173.0
image_8358.jpg,445,720,0.6180555555555556,120.20630461922596,96.17675405742821,159.39634831460674,99.0,81.0,174.0
image_4562.jpg,840,560,1.5,99.86105867346939,123.44922193877551,79.54262542517007,119.0,109.0,56.0
image_2113.jpg,357,535,0.6672897196261682,137.66891803450352,61.06113249037933,128.4755883661876,157.0,27.0,117.0
image_2675.jpg,440,400,1.1,96.72333522727273,40.78429545454546,206.760375,50.0,26.0,215.0
image_4204.jpg,300,450,0.6666666666666666,67.5745925925926,111.10147407407408,162.3464148148148,32.0,102.0,177.0
image_6413.jpg,400,300,1.3333333333333333,138.87881666666667,135.5674,219.819075,133.0,105.0,216.0
image_9720.jpg,1280,720,1.7777777777777777,31.440674913194446,96.85911241319444,131.92827256944443,24.0,84.0,144.0
image_7719.jpg,240,456,0.5263157894736842,25.819252558479533,83.03054641812865,159.93543494152047,26.0,77.0,162.0
image_9734.jpg,480,720,0.6666666666666666,18.721504629629628,114.03670428240741,198.321953125,18.0,116.0,203.0
image_2661.jpg,236,295,0.8,78.8710715311692,71.99356506750934,131.61703533467394,21.0,66.0,129.0
image_4576.jpg,300,450,0.6666666666666666,53.59176296296296,99.14337777777777,155.09297777777778,21.0,114.0,164.0
image_3219.jpg,800,402,1.9900497512437811,50.75193097014925,46.251256218905475,109.27338308457712,23.0,28.0,85.0
image_2107.jpg,360,480,0.75,31.448333333333334,19.545503472222222,226.64639467592593,0.0,0.0,255.0
image_5668.jpg,357,720,0.49583333333333335,124.77377840024899,95.91071039526922,177.03104964207904,85.0,91.0,238.0
image_6361.jpg,300,284,1.056338028169014,0.0,0.0,158.19084507042254,0.0,0.0,207.0
image_9052.jpg,1080,720,1.5,151.9066756687243,100.68767489711934,192.34055555555557,158.0,79.0,200.0
image_935.jpg,380,214,1.7757009345794392,25.391305951795378,88.33418593212002,169.42920560747663,12.0,68.0,181.0
image_5898.jpg,414,276,1.5,95.5948505215991,53.96399565917525,139.983975705384,54.0,37.0,127.0
image_3231.jpg,494,640,0.771875,23.407214701417004,40.220533906882594,110.59191864878542,24.0,38.0,96.0
image_5640.jpg,500,335,1.492537313432836,136.74916417910447,119.49341492537313,155.45558208955225,164.0,98.0,163.0
image_6349.jpg,450,305,1.4754098360655739,43.504823315118394,43.268218579234976,185.34685610200364,0.0,2.0,254.0
image_8364.jpg,427,240,1.7791666666666666,93.92878610460578,58.15339578454333,180.1510343481655,28.0,49.0,205.0
image_7057.jpg,236,356,0.6629213483146067,108.89310369453437,68.85217101504476,145.89047324319176,150.0,63.0,153.0
image_8402.jpg,80,80,1.0,0.0,0.0,214.609375,0.0,0.0,255.0
image_7731.jpg,600,600,1.0,49.15871944444444,114.06360277777777,160.4915638888889,24.0,132.0,164.0
image_1340.jpg,600,400,1.5,139.74381666666667,63.0361625,152.71998333333335,152.0,56.0,163.0
image_5126.jpg,360,360,1.0,35.04805555555556,21.218348765432097,236.80146604938273,5.0,2.0,255.0
image_2649.jpg,236,255,0.9254901960784314,98.84687603855102,43.887570621468925,147.82256563642406,70.0,35.0,159.0
image_3557.jpg,354,498,0.7108433734939759,121.42053524833798,44.34923876296145,159.61701041453952,127.0,19.0,168.0
image_4238.jpg,640,426,1.5023474178403755,102.10398694248826,33.48567341549296,150.07542913732394,143.0,8.0,151.0
image_2891.jpg,216,146,1.4794520547945205,121.46118721461187,70.92567224759006,161.67839928970065,170.0,53.0,166.0
image_5132.jpg,1000,665,1.5037593984962405,139.4328992481203,159.7057067669173,105.679992481203,143.0,161.0,84.0
image_3543.jpg,160,120,1.3333333333333333,48.505625,80.53989583333333,125.16640625,27.0,73.0,119.0
image_2885.jpg,626,417,1.501199040767386,62.466595413764836,60.42464814091219,182.45910236666896,22.0,60.0,206.0
image_8416.jpg,696,464,1.5,120.709088882283,83.52906695897741,176.70725265061435,133.0,76.0,212.0
image_1432.jpg,320,240,1.3333333333333333,169.8370703125,95.992578125,97.82384114583333,154.0,80.0,80.0
image_8370.jpg,343,450,0.7622222222222222,69.15797862001943,82.79490767735666,156.79479105928087,15.0,60.0,217.0
image_7043.jpg,624,397,1.5717884130982367,63.235407382290255,62.13223374023122,177.6753132467868,40.0,33.0,189.0
image_921.jpg,362,385,0.9402597402597402,75.11593599770396,68.40525938150247,205.20833034368945,9.0,2.0,248.0
image_3225.jpg,150,150,1.0,91.15026666666667,93.22973333333333,137.50004444444446,41.0,72.0,145.0
image_5654.jpg,235,293,0.8020477815699659,120.97400334035292,123.88320383414421,181.35430978142475,136.0,125.0,190.0
image_712.jpg,400,300,1.3333333333333333,116.063875,59.564591666666665,122.65720833333333,124.0,56.0,91.0
image_5867.jpg,540,720,0.75,150.01826646090535,133.34413323045268,150.52053755144033,243.0,120.0,146.0
image_9085.jpg,236,295,0.8,37.52754955472565,120.27844010341856,103.95504165469693,23.0,118.0,98.0
image_7916.jpg,980,551,1.778584392014519,53.34183673469388,176.09031815993185,139.89030890032964,15.0,206.0,154.0
image_7902.jpg,615,410,1.5,71.77599048185604,56.352924846321635,155.14369621257188,40.0,44.0,157.0
image_9091.jpg,496,720,0.6888888888888889,61.45686323924731,115.96888160842293,141.93807683691756,52.0,126.0,137.0
image_706.jpg,600,527,1.1385199240986716,46.34385831752056,65.04599620493359,223.48950031625554,34.0,41.0,246.0
image_5873.jpg,236,419,0.5632458233890215,40.465403907608916,129.08808300635087,130.77628332187209,33.0,123.0,147.0
image_7094.jpg,383,500,0.766,26.169289817232375,115.6792637075718,201.19636553524805,20.0,128.0,214.0
image_5683.jpg,1079,720,1.4986111111111111,121.12874446503965,143.4572482236639,154.44403511481823,151.0,143.0,150.0
image_3594.jpg,361,243,1.48559670781893,73.96434230475474,38.043352370529966,174.9016221515452,25.0,21.0,191.0
image_2852.jpg,259,500,0.518,30.085366795366795,37.69840154440154,222.221722007722,3.0,7.0,255.0
image_9907.jpg,1080,720,1.5,152.6532008744856,72.18135802469136,109.87523791152263,159.0,36.0,108.0
image_1397.jpg,236,236,1.0,98.30562338408504,25.62990160873312,193.54400675093365,26.0,11.0,203.0
image_9913.jpg,450,300,1.5,22.598814814814816,63.04871851851852,228.61002962962962,22.0,60.0,233.0
image_3580.jpg,400,400,1.0,149.8384875,63.24651875,178.70989375,148.0,31.0,187.0
image_2846.jpg,480,640,0.75,77.24037760416667,98.23152994791667,158.9286328125,36.0,73.0,163.0
image_5697.jpg,320,320,1.0,73.04462890625,99.06248046875,175.879443359375,42.0,91.0,185.0
image_4589.jpg,669,446,1.5,91.99549223457808,133.78067794110746,169.44613806833036,83.0,112.0,162.0
image_7080.jpg,220,135,1.6296296296296295,42.06094276094276,4.598787878787879,170.05531986531986,0.0,0.0,180.0
image_2847.jpg,800,533,1.5009380863039399,66.4326055347092,69.41099671669794,179.87814727954972,34.0,60.0,198.0
image_3581.jpg,300,239,1.2552301255230125,97.40407252440725,109.21695955369596,124.61496513249651,11.0,107.0,112.0
image_9912.jpg,340,270,1.2592592592592593,119.29178649237473,40.585577342047934,184.14837690631808,131.0,8.0,185.0
image_1396.jpg,540,720,0.75,22.779251543209877,131.64874742798355,110.25729938271606,20.0,131.0,94.0
image_7081.jpg,480,720,0.6666666666666666,87.68231770833333,77.81578125,146.1345630787037,29.0,55.0,152.0
image_4588.jpg,780,517,1.5087040618955512,86.29904032138074,60.995171849427166,100.81819421713038,65.0,56.0,94.0
image_5696.jpg,1024,693,1.4776334776334776,55.59530150838744,69.30393217893217,149.5937894570707,31.0,65.0,148.0
image_5682.jpg,300,450,0.6666666666666666,76.47255555555556,94.8211925925926,76.34923703703704,103.0,78.0,66.0
image_7095.jpg,80,80,1.0,0.0,0.0,214.609375,0.0,0.0,255.0
image_9906.jpg,236,236,1.0,115.26425596093077,139.79278583740304,139.30853203102558,125.0,150.0,129.0
image_1382.jpg,240,162,1.4814814814814814,90.06198559670781,101.31671810699588,226.09763374485595,33.0,76.0,243.0
image_2853.jpg,489,700,0.6985714285714286,0.0,0.0,105.83546888694129,0.0,0.0,33.0
image_3595.jpg,150,150,1.0,116.59697777777778,52.31911111111111,161.04017777777779,134.0,33.0,170.0
image_7903.jpg,960,720,1.3333333333333333,37.486351273148145,50.983275462962965,161.92149450231483,2.0,12.0,178.0
image_5872.jpg,299,378,0.791005291005291,25.920776485993876,22.49789421528552,234.92028985507247,0.0,0.0,255.0
image_9090.jpg,600,524,1.1450381679389312,64.14708333333333,96.35152353689567,129.93961195928753,42.0,55.0,152.0
image_5866.jpg,624,720,0.8666666666666667,82.77685852920229,88.71834045584046,121.24386796652422,29.0,86.0,105.0
image_7917.jpg,450,295,1.5254237288135593,70.73148775894539,215.37416949152544,144.20598870056497,26.0,233.0,154.0
image_1355.jpg,1089,720,1.5125,80.51679803081318,50.62456637077849,124.62894092439547,59.0,36.0,129.0
image_7724.jpg,350,220,1.5909090909090908,69.1625974025974,65.08315584415584,124.39501298701299,66.0,60.0,114.0
image_8417.jpg,668,349,1.9140401146131805,89.46393459499339,54.28292126349021,141.78917952061494,89.0,42.0,166.0
image_2884.jpg,210,210,1.0,57.46149659863946,11.884195011337868,238.36181405895692,0.0,0.0,255.0
image_3542.jpg,500,496,1.0080645161290323,89.76838709677419,39.9465685483871,170.90090322580645,51.0,29.0,180.0
image_5655.jpg,573,720,0.7958333333333333,41.18811809191391,215.87688336242002,156.96394463835563,19.0,235.0,170.0
image_3224.jpg,576,255,2.2588235294117647,135.01350081699346,118.17387663398692,175.50614106753812,147.0,99.0,216.0
image_920.jpg,1280,720,1.7777777777777777,97.15380208333333,119.37736002604167,122.24897243923611,115.0,114.0,130.0
image_7042.jpg,1024,576,1.7777777777777777,86.11600579155817,116.16038174099393,193.4631635877821,43.0,108.0,200.0
image_8371.jpg,120,80,1.5,40.16833333333334,71.98479166666667,210.4140625,19.0,70.0,221.0
image_1433.jpg,600,338,1.7751479289940828,98.36599605522683,89.39961045364892,185.21506903353057,113.0,95.0,234.0
image_7056.jpg,281,179,1.5698324022346368,79.57808306328158,117.91200620290662,148.50567605717808,22.0,110.0,157.0
image_8365.jpg,236,177,1.3333333333333333,93.71038015895816,55.71813655079958,178.7105477353251,142.0,57.0,176.0
image_1427.jpg,412,582,0.7079037800687286,59.26291579087846,78.23025306108832,166.70463000033362,26.0,11.0,169.0
image_6348.jpg,960,720,1.3333333333333333,73.95272569444444,123.84580873842593,156.56644965277778,48.0,127.0,186.0
image_5641.jpg,340,270,1.2592592592592593,73.88064270152505,79.97943355119826,139.01843137254903,42.0,33.0,156.0
image_3230.jpg,480,720,0.6666666666666666,24.73002025462963,95.74139467592593,106.38918402777777,23.0,53.0,124.0
image_934.jpg,1011,720,1.4041666666666666,101.34656006154522,156.01366358940544,94.6339185624794,103.0,155.0,90.0
image_2890.jpg,236,393,0.6005089058524173,57.496150860395915,69.93600940181999,169.272210721525,21.0,63.0,172.0
image_4239.jpg,300,450,0.6666666666666666,70.2552,169.5810962962963,94.5412962962963,14.0,173.0,87.0
image_2648.jpg,570,428,1.3317757009345794,74.82957042138055,60.08866207575012,164.87938186587965,26.0,29.0,172.0
image_5127.jpg,340,270,1.2592592592592593,51.45786492374727,95.30860566448801,142.4473311546841,21.0,91.0,137.0
image_1341.jpg,1000,662,1.5105740181268883,66.50069033232629,96.30880211480363,162.90286102719034,27.0,66.0,171.0
image_7730.jpg,424,283,1.4982332155477032,35.85219014600973,112.15562704180279,133.14467631175413,27.0,104.0,138.0
image_2660.jpg,474,381,1.2440944881889764,118.73885068163948,89.19691684109107,167.0318725982037,147.0,86.0,176.0
image_9735.jpg,957,720,1.3291666666666666,105.27602751654476,65.76160745384884,100.65059357947288,143.0,58.0,89.0
image_6406.jpg,448,624,0.717948717948718,34.71032938415751,92.55851147550366,116.89586195054945,29.0,101.0,129.0
image_7718.jpg,450,300,1.5,46.77665185185185,56.912866666666666,184.59274074074074,18.0,53.0,197.0
image_9053.jpg,544,720,0.7555555555555555,130.26331954656862,35.398320057189544,177.41345996732025,159.0,5.0,202.0
image_6360.jpg,300,224,1.3392857142857142,69.0728869047619,112.94089285714286,132.51215773809523,25.0,113.0,160.0
image_5669.jpg,340,270,1.2592592592592593,13.946318082788672,142.7990522875817,82.54333333333334,13.0,144.0,54.0
image_2106.jpg,450,299,1.5050167224080269,162.0799331103679,92.13808992939428,175.3409661835749,203.0,73.0,187.0
image_3218.jpg,640,490,1.3061224489795917,106.08601721938776,107.07682079081633,128.53239477040816,112.0,97.0,118.0
image_4577.jpg,600,480,1.25,43.033350694444444,104.1850625,79.95525694444444,25.0,92.0,65.0
image_2112.jpg,1280,634,2.0189274447949526,47.77848974763407,119.62695682176656,111.08526715299685,21.0,110.0,98.0
image_4563.jpg,300,300,1.0,67.8450111111111,70.25694444444444,144.8367888888889,46.0,67.0,150.0
image_8359.jpg,540,360,1.5,33.52094650205761,91.98550411522633,135.46154320987654,19.0,82.0,135.0
image_9047.jpg,236,352,0.6704545454545454,50.372423921417564,74.0336093990755,126.44793672958397,44.0,59.0,136.0
image_6374.jpg,600,652,0.9202453987730062,65.18780930470348,103.94314161554192,115.80497699386503,30.0,88.0,105.0
image_9721.jpg,1000,667,1.4992503748125936,53.11405547226387,75.45026536731635,146.8750884557721,47.0,73.0,161.0
image_6412.jpg,768,577,1.3310225303292895,131.83918481008087,51.06711934936453,122.97931109185441,151.0,46.0,109.0
image_4205.jpg,236,325,0.7261538461538461,37.00168187744459,55.91426336375489,195.39924380704042,24.0,51.0,204.0
image_2674.jpg,912,513,1.7777777777777777,28.455225539482235,142.79332315926268,122.90252556342122,15.0,161.0,115.0
image_4952.jpg,720,720,1.0,17.360256558641975,55.760806327160495,219.7972299382716,0.0,0.0,255.0
image_539.jpg,480,720,0.6666666666666666,38.403559027777774,115.31657407407407,118.39569444444444,16.0,119.0,110.0
image_5494.jpg,474,318,1.490566037735849,128.34266114693628,139.74091102088474,157.16610938619536,140.0,141.0,182.0
image_7283.jpg,685,456,1.5021929824561404,93.73300038417212,138.5742412600845,151.88248175182483,65.0,155.0,146.0
image_1194.jpg,600,449,1.3363028953229399,145.68790274684483,119.97834446919079,227.02961395694135,250.0,131.0,240.0
image_6823.jpg,200,200,1.0,142.889375,120.67535,192.969725,142.0,139.0,214.0
image_2489.jpg,433,386,1.121761658031088,36.883144467446066,86.0407507568596,218.49538106235565,28.0,62.0,240.0
image_1180.jpg,626,418,1.4976076555023923,31.185838543497866,47.11252426739227,244.4108030022777,0.0,0.0,255.0
image_7297.jpg,640,480,1.3333333333333333,102.36867513020833,81.16091145833333,118.537529296875,146.0,62.0,112.0
image_6189.jpg,236,296,0.7972972972972973,31.33799530462666,52.76528859367843,176.7906407466789,28.0,45.0,196.0
image_4946.jpg,800,532,1.5037593984962405,53.23003054511278,108.42796052631579,121.68455357142857,37.0,110.0,116.0
image_1816.jpg,236,236,1.0,75.95281528296466,84.32998779086469,150.2760880494111,32.0,79.0,141.0
image_9292.jpg,258,350,0.7371428571428571,39.46469545957918,126.07619047619048,126.59864894795128,26.0,145.0,103.0
image_505.jpg,415,276,1.5036231884057971,59.18670333507945,87.19560852104068,113.99103370001747,25.0,80.0,118.0
image_3967.jpg,400,266,1.5037593984962405,96.71918233082707,47.41837406015038,159.67922932330828,59.0,8.0,171.0
image_8832.jpg,239,239,1.0,59.08602790567392,86.76157630293588,190.10234414663609,53.0,80.0,198.0
image_8826.jpg,634,422,1.5023696682464456,115.8953533571546,70.0533848131924,141.59892804281847,141.0,79.0,123.0
image_3973.jpg,236,328,0.7195121951219512,20.623088052914426,52.85624224886317,233.28039737494834,20.0,48.0,236.0
image_277.jpg,800,600,1.3333333333333333,137.40899375,36.9397875,125.07664583333333,150.0,20.0,112.0
image_511.jpg,450,300,1.5,125.07905925925925,71.86075555555556,141.89057037037037,170.0,30.0,134.0
image_1802.jpg,450,300,1.5,102.3095037037037,135.68028148148147,182.39047407407406,140.0,120.0,207.0
image_8198.jpg,160,145,1.103448275862069,42.71129310344828,76.27711206896552,183.71814655172415,34.0,57.0,201.0
image_9286.jpg,450,433,1.0392609699769053,86.1607390300231,57.901821914293045,226.6523992814986,25.0,2.0,255.0
image_1631.jpg,500,300,1.6666666666666667,138.47765333333334,87.48015333333333,160.68896,144.0,70.0,168.0
image_8173.jpg,225,225,1.0,26.53366913580247,122.44438518518518,193.6389925925926,21.0,123.0,215.0
image_7240.jpg,300,300,1.0,39.0664,112.32826666666666,122.29774444444445,17.0,109.0,110.0
image_4749.jpg,630,419,1.503579952267303,95.7497897488351,36.18033488654014,129.62821153919006,70.0,20.0,115.0
image_3026.jpg,300,300,1.0,106.3501111111111,83.10383333333333,93.0126,161.0,47.0,42.0
image_2338.jpg,180,180,1.0,50.831296296296294,74.05432098765432,158.32,25.0,59.0,160.0
image_5457.jpg,260,170,1.5294117647058822,49.40113122171946,71.08319004524887,142.7673303167421,20.0,54.0,156.0
image_5331.jpg,399,600,0.665,62.6712865497076,68.82421888053467,112.86511278195489,37.0,60.0,112.0
image_3740.jpg,720,720,1.0,25.67090084876543,54.83321759259259,38.81893325617284,0.0,0.0,0.0
image_8615.jpg,1024,683,1.499267935578331,57.27090244097731,38.26322720305637,151.40387650988288,27.0,36.0,159.0
image_7526.jpg,350,466,0.7510729613733905,161.92625996321274,53.79646842427958,188.86332311465358,149.0,52.0,196.0
image_1157.jpg,340,270,1.2592592592592593,104.85556644880174,55.54232026143791,121.21986928104575,113.0,55.0,104.0
image_6638.jpg,548,720,0.7611111111111111,44.50464821573398,43.23834651257096,199.39710563665855,36.0,16.0,231.0
image_8601.jpg,236,319,0.7398119122257053,86.32710801763987,61.03116199989373,141.7355214919505,68.0,49.0,148.0
image_7532.jpg,1024,450,2.2755555555555556,110.93476128472223,106.18160807291666,105.52474392361111,138.0,91.0,96.0
image_1143.jpg,396,313,1.2651757188498403,74.43876464323749,56.454271145964434,195.4597573175848,37.0,22.0,213.0
image_288.jpg,80,80,1.0,0.0,0.0,214.609375,0.0,0.0,255.0
image_3754.jpg,960,720,1.3333333333333333,26.11986545138889,65.10540219907408,162.69736400462963,24.0,65.0,175.0
image_3032.jpg,450,300,1.5,97.85326666666667,79.98018518518519,175.06763703703703,137.0,77.0,179.0
image_4985.jpg,450,300,1.5,78.74224444444444,174.5982888888889,130.34644444444444,59.0,186.0,127.0
image_5443.jpg,390,220,1.7727272727272727,79.51638694638694,71.80750582750582,117.66602564102564,42.0,61.0,116.0
image_9279.jpg,238,250,0.952,28.26895798319328,13.983831932773109,243.47463865546217,0.0,0.0,255.0
image_1625.jpg,1280,493,2.5963488843813387,134.58568870436105,115.84893667596349,175.51097236308317,149.0,116.0,185.0
image_8167.jpg,422,720,0.5861111111111111,42.81144352290679,84.03435689836756,167.17762967351237,10.0,16.0,168.0
image_7254.jpg,414,456,0.9078947368421053,56.27307398932113,76.9961225527587,215.29595198745656,30.0,48.0,232.0
image_4775.jpg,220,200,1.1,90.95227272727273,122.35186363636363,146.52088636363635,70.0,125.0,147.0
image_2304.jpg,385,480,0.8020833333333334,46.69295454545455,202.004512987013,153.12530844155845,42.0,209.0,157.0
image_6162.jpg,200,160,1.25,28.196625,127.75534375,151.48046875,26.0,122.0,140.0
image_9251.jpg,400,600,0.6666666666666666,114.32367916666666,100.11619166666667,192.51336666666666,122.0,76.0,206.0
image_8629.jpg,472,720,0.6555555555555556,45.057738935969866,66.38829154896422,49.98321268832392,34.0,57.0,33.0
image_6604.jpg,900,600,1.5,64.89792407407407,100.40573703703704,96.50725740740741,57.0,97.0,84.0
image_9537.jpg,305,203,1.5024630541871922,98.28348542356457,86.00747799402407,174.06507308406685,140.0,65.0,189.0
image_4013.jpg,1280,700,1.8285714285714285,95.834921875,47.88011495535714,145.25323214285714,127.0,32.0,150.0
image_2476.jpg,541,720,0.7513888888888889,75.66896693366195,57.90266225097556,129.44712466625592,54.0,51.0,129.0
image_3768.jpg,512,512,1.0,28.164470672607422,136.4100456237793,80.2065544128418,8.0,127.0,71.0
image_4007.jpg,330,440,0.75,90.77578512396694,112.31097107438016,96.88651515151516,49.0,92.0,97.0
image_6610.jpg,626,417,1.501199040767386,45.172922364983414,164.7603335861662,131.60636985619172,43.0,169.0,125.0
image_9523.jpg,450,300,1.5,31.02125185185185,98.00053333333334,144.27282222222223,26.0,89.0,145.0
image_6176.jpg,1280,720,1.7777777777777777,109.07197265625,76.92580946180556,154.66316948784723,147.0,109.0,193.0
image_7268.jpg,400,305,1.3114754098360655,32.55908196721312,102.88145081967212,149.85622950819672,26.0,103.0,159.0
image_4761.jpg,250,333,0.7507507507507507,63.88457657657658,104.64631831831832,100.01888288288288,23.0,101.0,81.0
image_2310.jpg,251,141,1.7801418439716312,40.20462829532932,70.954677742929,200.68709558927412,15.0,49.0,210.0
image_3191.jpg,170,170,1.0,95.8721107266436,47.93993079584775,217.28823529411764,117.0,40.0,220.0
image_4826.jpg,250,187,1.3368983957219251,80.4629090909091,101.35204278074866,123.45101604278075,57.0,111.0,120.0
image_1786.jpg,800,534,1.4981273408239701,113.73954588014982,117.72164559925093,191.84422518726592,140.0,102.0,217.0
image_93.jpg,626,394,1.5888324873096447,120.34041371369261,142.68694150273268,134.70504857203093,130.0,147.0,126.0
image_6957.jpg,611,720,0.8486111111111111,68.88185579196218,65.46467766866704,121.32176304782688,26.0,42.0,131.0
image_7491.jpg,450,338,1.331360946745562,101.90095989480605,70.51787639710717,107.73598290598291,29.0,58.0,65.0
image_5286.jpg,493,335,1.471641791044776,73.10218279797766,117.21171021161939,135.05698888922527,50.0,112.0,135.0
image_5292.jpg,150,150,1.0,21.86328888888889,107.29502222222222,157.3372,24.0,82.0,176.0
image_6943.jpg,720,720,1.0,44.726350308641976,82.19626736111111,174.38420717592592,23.0,75.0,177.0
image_7485.jpg,780,390,2.0,90.41429322813939,109.28916831032215,115.41902695595003,80.0,97.0,127.0
image_1792.jpg,275,350,0.7857142857142857,39.85865974025974,81.79127272727273,66.53402597402598,29.0,54.0,57.0
image_87.jpg,1080,720,1.5,178.96615997942388,77.17070216049383,183.49667052469135,218.0,68.0,195.0
image_3185.jpg,230,230,1.0,35.96207939508507,12.11633270321361,219.51614366729677,0.0,0.0,255.0
image_459.jpg,959,720,1.3319444444444444,105.51845962229174,148.48606331827133,111.71878258602712,112.0,163.0,101.0
image_4832.jpg,238,250,0.952,113.11085714285714,72.97521008403362,178.34547899159665,155.0,3.0,206.0
image_1962.jpg,276,200,1.38,48.23278985507246,90.1481884057971,82.53355072463768,35.0,85.0,80.0
image_471.jpg,236,177,1.3333333333333333,76.36557981422963,37.350402183280664,131.61945801015034,85.0,24.0,125.0
image_3813.jpg,570,541,1.0536044362292052,115.97170282452898,92.76188993741285,135.51210883030126,134.0,70.0,136.0
image_317.jpg,480,720,0.6666666666666666,76.35523148148148,125.76872395833334,149.37571469907408,42.0,111.0,171.0
image_9480.jpg,1000,667,1.4992503748125936,81.60451874062969,98.944892053973,130.66846326836583,42.0,56.0,126.0
image_8946.jpg,451,300,1.5033333333333334,90.44060606060606,52.353274205469326,81.70283074648928,93.0,39.0,68.0
image_9494.jpg,480,720,0.6666666666666666,46.78030092592593,126.05266493055555,152.8447800925926,20.0,126.0,155.0
image_8952.jpg,500,375,1.3333333333333333,31.941754666666668,228.554048,131.189536,4.0,241.0,121.0
image_3807.jpg,232,154,1.5064935064935066,91.81381549484998,89.59577922077922,148.07305194805195,53.0,99.0,146.0
image_303.jpg,474,355,1.3352112676056338,31.887359600641826,71.9602662387829,193.2210257324538,18.0,54.0,207.0
image_465.jpg,294,294,1.0,83.45343375445417,100.50977601925123,180.14652459623306,116.0,73.0,210.0
image_1976.jpg,400,400,1.0,91.89311875,67.04950625,122.16815,93.0,59.0,106.0
image_8007.jpg,626,417,1.501199040767386,117.90309222270746,71.49707326790325,236.34523946338138,129.0,82.0,237.0
image_50.jpg,1132,656,1.725609756097561,21.33483258640007,144.31981222528657,176.67074517366197,19.0,133.0,194.0
image_1745.jpg,375,375,1.0,31.438307555555557,6.681991111111111,232.70389333333333,0.0,0.0,254.0
image_9319.jpg,281,351,0.8005698005698005,20.922042765459135,103.77530391053523,177.2674716874005,21.0,97.0,189.0
image_5523.jpg,790,444,1.7792792792792793,82.79941270384309,97.20272551032045,114.53608450222374,65.0,91.0,110.0
image_3152.jpg,768,595,1.2907563025210085,100.43369003851541,63.63663559173669,137.20990677521007,106.0,44.0,135.0
image_5.jpg,340,270,1.2592592592592593,182.88460784313725,15.509270152505447,186.62789760348585,177.0,7.0,202.0
image_3634.jpg,183,240,0.7625,40.270719489981786,79.50897085610201,153.53558743169398,21.0,64.0,160.0
image_5245.jpg,550,366,1.5027322404371584,98.8315350223547,88.4869299552906,114.02601092896175,94.0,91.0,89.0
image_1023.jpg,301,450,0.6688888888888889,30.986179401993354,193.45605758582502,152.52893318567737,30.0,203.0,157.0
image_6994.jpg,400,268,1.492537313432836,51.10321828358209,29.902378731343283,61.05649253731343,0.0,0.0,65.0
image_8761.jpg,236,290,0.8137931034482758,119.93715663354763,36.98199883109293,221.25289304500293,145.0,39.0,234.0
image_7452.jpg,960,720,1.3333333333333333,104.0434129050926,120.46479456018518,75.09176215277778,54.0,121.0,51.0
image_1037.jpg,433,433,1.0,87.18728565409171,107.63308247417181,148.59760839302572,35.0,103.0,160.0
image_6980.jpg,1280,646,1.9814241486068112,55.59307638351393,109.34432565789474,167.1972087848297,33.0,68.0,205.0
image_8775.jpg,240,160,1.5,39.733125,93.48744791666667,162.56763020833333,28.0,83.0,171.0
image_7446.jpg,450,300,1.5,53.193866666666665,91.79214074074073,235.79225925925925,28.0,25.0,255.0
image_3620.jpg,480,720,0.6666666666666666,105.54911747685185,60.812850115740744,161.45958043981483,152.0,54.0,179.0
image_5251.jpg,240,160,1.5,67.92903645833333,75.631328125,153.430859375,30.0,65.0,161.0
image_5537.jpg,720,570,1.263157894736842,41.98722222222222,113.07318226120857,138.265716374269,28.0,99.0,138.0
image_2258.jpg,480,720,0.6666666666666666,83.42833043981481,86.66414351851851,145.14850405092594,58.0,35.0,137.0
image_3146.jpg,500,341,1.466275659824047,57.27493841642229,54.172299120234605,139.6010439882698,49.0,44.0,134.0
image_4629.jpg,381,252,1.5119047619047619,48.780996125484315,111.61864141982252,197.48793900762405,25.0,115.0,209.0
image_1989.jpg,474,315,1.5047619047619047,76.75463800147344,69.17319670484227,122.43667537338423,28.0,66.0,123.0
image_7320.jpg,720,720,1.0,179.05746527777777,80.22661265432099,193.9216840277778,170.0,15.0,227.0
image_1751.jpg,626,417,1.501199040767386,137.31321779636994,91.74851939534635,212.00558147731016,152.0,91.0,217.0
image_4601.jpg,275,154,1.7857142857142858,98.52229043683589,84.19482880755608,128.23081463990556,143.0,30.0,138.0
image_7308.jpg,800,592,1.3513513513513513,39.42070734797297,131.08178420608107,55.42602618243243,3.0,170.0,13.0
image_6016.jpg,660,440,1.5,24.806962809917355,136.85372245179065,176.58175275482094,24.0,157.0,207.0
image_9325.jpg,550,366,1.5027322404371584,63.13100844510681,135.17393442622952,95.4942871336314,15.0,133.0,55.0
image_6770.jpg,600,240,2.5,117.85531944444445,117.62567361111111,159.738375,133.0,137.0,156.0
image_9443.jpg,367,367,1.0,32.76979560320442,29.41383483432203,220.4064028985292,31.0,16.0,229.0
image_8985.jpg,500,313,1.597444089456869,53.652709265175716,77.03274121405751,196.61747603833865,28.0,64.0,210.0
image_3608.jpg,200,200,1.0,93.606875,78.411625,89.7586,29.0,66.0,72.0
image_5279.jpg,562,720,0.7805555555555556,80.09268485567418,72.15072904310004,193.16989175563464,26.0,27.0,212.0
image_4173.jpg,964,533,1.8086303939962476,100.41415537200376,53.06772710641246,147.27051139327224,145.0,39.0,164.0
image_2502.jpg,480,300,1.6,62.41745138888889,25.073104166666667,219.9362152777778,42.0,9.0,231.0
image_9457.jpg,477,720,0.6625,71.63639354763569,39.72858723503378,213.2622525040764,31.0,12.0,227.0
image_8991.jpg,600,400,1.5,77.3625,78.35767916666667,99.15455833333333,28.0,49.0,108.0
image_8749.jpg,849,565,1.502654867256637,75.730523155821,81.7206458404995,157.98467119046873,40.0,56.0,169.0
image_78.jpg,540,720,0.75,56.15281893004115,47.7541975308642,157.80081790123458,29.0,17.0,164.0
image_6002.jpg,450,300,1.5,92.06734814814814,35.96885185185185,216.85908148148147,106.0,14.0,227.0
image_9331.jpg,236,327,0.7217125382262997,154.3605452754885,56.15147981133053,151.10703363914374,154.0,61.0,159.0
image_2264.jpg,360,537,0.6703910614525139,25.549415476929443,75.93289882060832,200.8117887440513,27.0,50.0,221.0
image_4615.jpg,547,538,1.016728624535316,72.59275670606145,46.84334966665081,113.10335184140598,82.0,41.0,87.0
image_2933.jpg,540,720,0.75,194.9204089506173,108.15559927983539,60.76056841563786,208.0,107.0,34.0
image_5084.jpg,278,450,0.6177777777777778,33.873237410071944,26.63123101518785,217.77153477218226,0.0,0.0,255.0
image_129.jpg,400,600,0.6666666666666666,71.34442083333333,88.163325,144.64894583333333,31.0,81.0,160.0
image_7693.jpg,800,533,1.5009380863039399,59.17454737335835,97.76922842401501,101.19123123827391,42.0,95.0,81.0
image_9866.jpg,430,430,1.0,84.6324391563007,76.626230394808,211.36410492157924,12.0,31.0,242.0
image_1584.jpg,236,231,1.0216450216450217,71.53021131410962,58.68000220118864,141.5449592780101,29.0,33.0,147.0
image_3393.jpg,620,620,1.0,105.82853277835588,54.314443288241414,177.81985431841832,133.0,30.0,200.0
image_897.jpg,580,580,1.0,83.70686087990488,47.506673602853745,240.09756837098692,0.0,0.0,255.0
image_2099.jpg,238,250,0.952,56.878268907563026,70.71868907563025,215.66840336134453,40.0,27.0,236.0
image_3387.jpg,1024,682,1.501466275659824,66.13710966138197,88.76762251420455,155.21469912710776,26.0,84.0,173.0
image_883.jpg,640,360,1.7777777777777777,97.03366753472223,59.7908203125,161.84838107638888,143.0,53.0,186.0
image_1590.jpg,242,160,1.5125,127.69540289256199,77.96454028925619,184.26350723140496,149.0,86.0,197.0
image_6599.jpg,285,154,1.8506493506493507,60.21578947368421,144.40398724082934,169.68826611984505,18.0,160.0,179.0
image_9872.jpg,927,720,1.2875,69.73373336929163,100.82433027687883,160.1777702864677,63.0,92.0,164.0
image_2927.jpg,272,310,0.8774193548387097,65.94584914611006,106.3227466793169,204.36650853889944,20.0,133.0,192.0
image_5090.jpg,366,216,1.6944444444444444,20.89723740133576,138.50733657154422,111.32476978344465,20.0,143.0,105.0
image_7877.jpg,1080,720,1.5,146.67500128600824,118.3300630144033,113.30204603909465,150.0,103.0,105.0
image_9682.jpg,549,345,1.5913043478260869,128.33229323407514,66.55277315804757,224.09209894142182,170.0,2.0,246.0
image_115.jpg,509,382,1.3324607329842932,31.372864357790142,161.92217570639485,147.06654563408387,24.0,168.0,151.0
image_673.jpg,680,363,1.8732782369146006,27.129436071949442,97.47006968076487,153.5170879922217,20.0,100.0,158.0
image_5906.jpg,600,400,1.5,109.282675,110.65012916666667,158.44857083333332,109.5,99.0,162.0
image_667.jpg,236,177,1.3333333333333333,71.68397491142392,91.31789236809345,138.00430910657857,60.0,90.0,127.0
image_101.jpg,1000,698,1.4326647564469914,111.56482521489971,39.945243553008595,199.9463194842407,162.0,7.0,213.0
image_7863.jpg,682,720,0.9472222222222222,82.35448843271423,93.73935117302052,206.7103270609319,36.0,82.0,219.0
image_9696.jpg,500,451,1.1086474501108647,146.84639467849223,118.02816407982262,124.46411086474501,119.0,135.0,129.0
image_8588.jpg,80,80,1.0,0.0,0.0,214.609375,0.0,0.0,255.0
image_7650.jpg,225,400,0.5625,102.43515555555555,43.039877777777775,176.94754444444445,70.0,25.0,183.0
image_7888.jpg,514,720,0.7138888888888889,56.56078955901427,139.64243677042802,82.1374378512754,10.0,126.0,78.0
image_1221.jpg,200,187,1.0695187165775402,96.20393048128342,35.15398395721925,181.44358288770053,70.0,16.0,198.0
image_5047.jpg,220,220,1.0,142.61822314049587,17.654669421487604,231.7049173553719,170.0,6.0,237.0
image_2728.jpg,400,240,1.6666666666666667,80.94788541666667,78.94713541666667,140.23357291666667,61.0,56.0,142.0
image_4359.jpg,570,570,1.0,65.16410587873192,87.2041920590951,189.02524469067404,42.0,34.0,209.0
image_3350.jpg,985,720,1.3680555555555556,44.53697405527355,157.32568950930627,95.3421714608009,22.0,177.0,98.0
image_854.jpg,236,160,1.475,173.16965042372883,112.11615466101695,188.17921080508475,237.0,105.0,183.0
image_5721.jpg,800,600,1.3333333333333333,27.292408333333334,28.74952083333333,205.45970625,27.0,7.0,231.0
image_6228.jpg,300,302,0.9933774834437086,76.56798013245033,69.64958057395144,138.4421081677704,50.0,56.0,139.0
image_7136.jpg,918,720,1.275,117.40225127087872,43.15239500121036,216.5357495158557,146.0,19.0,229.0
image_8205.jpg,236,175,1.3485714285714285,104.73406779661018,39.80673123486683,188.48111380145278,99.0,27.0,199.0
image_1553.jpg,705,470,1.5,71.33024898143957,60.56558020220311,177.33947487550927,38.0,49.0,183.0
image_8211.jpg,503,720,0.6986111111111111,136.6341119946985,29.501775458360946,229.2694361608129,134.0,14.0,236.0
image_3344.jpg,400,533,0.7504690431519699,62.38246716697936,105.60600375234522,132.29634146341462,16.0,91.0,132.0
image_840.jpg,1139,720,1.5819444444444444,85.96233660130719,102.0944505414106,183.70293873768412,96.0,102.0,188.0
image_5735.jpg,480,240,2.0,51.14801215277778,53.68121527777778,220.98785590277777,29.0,30.0,237.0
image_698.jpg,200,300,0.6666666666666666,60.450116666666666,110.7287,176.93175,28.0,101.0,176.0
image_5053.jpg,380,285,1.3333333333333333,36.60267774699908,169.01846722068328,54.1228162511542,10.0,188.0,17.0
image_3422.jpg,236,236,1.0,61.82838983050848,125.23897586900316,106.31562410226947,58.0,116.0,96.0
image_7644.jpg,236,354,0.6666666666666666,126.19566934788854,124.35497462415015,127.87271377956526,142.0,115.0,131.0
image_1235.jpg,451,720,0.6263888888888889,36.92329083518108,78.11159460458241,142.47012503079577,28.0,76.0,166.0
image_9899.jpg,500,700,0.7142857142857143,115.44541714285714,51.15179142857143,223.2254142857143,143.0,34.0,229.0
image_9641.jpg,450,300,1.5,161.42448148148148,97.42385185185185,223.7980074074074,148.0,68.0,240.0
image_6572.jpg,200,282,0.7092198581560284,126.16462765957446,32.29996453900709,144.76093971631207,159.0,36.0,170.0
image_9127.jpg,1280,525,2.4380952380952383,31.485455357142857,63.82925148809524,217.06625446428572,31.0,35.0,245.0
image_6214.jpg,537,335,1.6029850746268657,25.919252897523556,203.0289113093749,102.3573806942939,22.0,220.0,93.0
image_8239.jpg,236,354,0.6666666666666666,69.47977113856172,102.9024107057359,100.91908455424687,18.0,74.0,94.0
image_868.jpg,160,200,0.8,48.07309375,70.959125,213.20225,19.0,51.0,219.0
image_2072.jpg,1080,720,1.5,82.87072145061728,70.03218621399176,145.98805941358026,30.0,61.0,142.0
image_4417.jpg,345,345,1.0,91.66943919344675,56.15365679479101,212.43219491703422,42.0,16.0,232.0
image_3378.jpg,500,500,1.0,49.055828,24.51406,201.547808,0.0,2.0,247.0
image_2066.jpg,576,720,0.8,130.460831404321,93.46445794753086,153.62452498070988,145.0,89.0,150.0
image_9133.jpg,431,615,0.7008130081300813,57.13449153981099,96.93200158451701,98.38610529492766,28.0,88.0,85.0
image_6200.jpg,720,720,1.0,22.60552662037037,22.17903549382716,171.2150675154321,18.0,11.0,182.0
image_6566.jpg,300,300,1.0,126.86943333333333,65.38683333333333,93.72328888888889,155.0,63.0,54.0
image_2700.jpg,924,720,1.2833333333333334,91.49256253006253,74.76147336459836,184.84745971620973,99.0,71.0,169.0
image_2070.jpg,200,300,0.6666666666666666,126.01633333333334,32.788183333333336,195.89246666666668,164.0,13.0,212.0
image_4401.jpg,300,300,1.0,43.2961,87.19858888888889,138.76965555555554,24.0,69.0,157.0
image_7108.jpg,1000,674,1.4836795252225519,34.208035608308606,200.00071513353114,109.65821810089021,17.0,209.0,99.0
image_1579.jpg,550,550,1.0,106.81955371900827,122.09237685950413,146.00612892561983,149.0,138.0,142.0
image_9125.jpg,250,250,1.0,55.564944,23.74856,192.96888,26.0,3.0,205.0
image_6216.jpg,400,400,1.0,69.4116625,10.81348125,210.4797625,33.0,2.0,224.0
image_9643.jpg,236,177,1.3333333333333333,85.1258977305372,94.74458967729579,151.91949152542372,75.0,92.0,144.0
image_6570.jpg,440,264,1.6666666666666667,40.852315771349865,87.75609504132231,129.66425619834712,34.0,88.0,115.0
image_4367.jpg,1084,720,1.5055555555555555,50.82846837843378,81.25269962074621,163.95729038540387,34.0,54.0,199.0
image_3408.jpg,960,720,1.3333333333333333,18.336642071759258,137.93026041666667,124.98499855324074,18.0,141.0,127.0
image_5079.jpg,282,357,0.7899159663865546,23.809980729880603,68.47922998986829,203.86979756441585,24.0,33.0,219.0
image_4373.jpg,400,400,1.0,109.91563125,24.47848125,227.61490625,137.0,13.0,230.0
image_2702.jpg,80,80,1.0,0.0,0.0,214.609375,0.0,0.0,255.0
image_9657.jpg,630,472,1.3347457627118644,94.00300309389293,44.2408797417272,131.0931631692225,106.0,39.0,133.0
image_8549.jpg,400,300,1.3333333333333333,45.6315,74.68713333333334,117.07919166666667,30.0,49.0,125.0
image_9131.jpg,356,356,1.0,99.93999337204899,62.36170464587804,239.2122759121323,0.0,0.0,255.0
image_6202.jpg,450,450,1.0,48.81135308641975,32.84872098765432,244.90472592592593,0.0,0.0,255.0
image_2064.jpg,236,314,0.7515923566878981,61.579186008852425,76.90350048580373,137.8559187088416,20.0,74.0,123.0
image_4415.jpg,680,350,1.9428571428571428,63.62907142857143,80.57899159663866,127.34897899159664,46.0,73.0,119.0
image_7134.jpg,236,354,0.6666666666666666,49.30984870248013,55.025603274921,129.10921191228573,42.0,30.0,108.0
image_1545.jpg,282,382,0.7382198952879581,114.90618617949575,29.141908952508263,191.78412424343693,155.0,5.0,224.0
image_9119.jpg,200,300,0.6666666666666666,82.4477,70.38313333333333,86.8749,72.0,57.0,78.0
image_5723.jpg,630,400,1.575,43.945146825396826,100.91295634920635,139.02369047619047,43.0,97.0,142.0
image_3352.jpg,626,417,1.501199040767386,122.99290918702738,15.501237348779124,235.16268263344597,177.0,5.0,245.0
image_856.jpg,480,640,0.75,204.67153971354168,17.226302083333334,137.66994466145835,207.0,15.0,138.0
image_3434.jpg,700,286,2.4475524475524475,75.02654845154845,52.500644355644354,171.7579070929071,42.0,25.0,171.0
image_5045.jpg,480,720,0.6666666666666666,23.151177662037036,62.82656539351852,232.83451099537038,19.0,61.0,239.0
image_1223.jpg,487,720,0.6763888888888889,165.67924081679215,26.081060346794434,134.41796999771844,170.0,3.0,142.0
image_8561.jpg,576,356,1.6179775280898876,104.36470037453184,64.70300308208489,207.54184222846442,49.0,60.0,220.0
image_6558.jpg,220,220,1.0,45.78859504132232,25.96167355371901,213.71894628099173,24.0,5.0,254.0
image_7646.jpg,1200,720,1.6666666666666667,85.23925231481482,78.43857638888889,141.91252199074074,89.0,57.0,147.0
image_8575.jpg,600,515,1.1650485436893203,149.77958252427183,29.64276699029126,139.5407216828479,155.0,23.0,142.0
image_3420.jpg,700,394,1.7766497461928934,45.88331036983321,70.33317621464829,161.620340826686,24.0,43.0,177.0
image_5051.jpg,210,270,0.7777777777777778,77.50825396825397,14.255749559082892,179.95804232804232,77.0,7.0,185.0
image_5737.jpg,256,256,1.0,30.722091674804688,133.77711486816406,114.50257873535156,22.0,156.0,95.0
image_2058.jpg,521,720,0.7236111111111111,67.82839891234805,44.02641288121134,188.92655683514607,37.0,25.0,196.0
image_842.jpg,238,250,0.952,14.982840336134453,37.3826218487395,231.17719327731092,0.0,0.0,255.0
image_4429.jpg,260,280,0.9285714285714286,180.52682692307692,61.32842032967033,236.596510989011,240.0,46.0,253.0
image_8213.jpg,447,597,0.7487437185929648,95.14510284457336,84.61683510767858,154.12860724202667,54.0,62.0,161.0
image_1551.jpg,476,317,1.501577287066246,51.420055403865014,58.46183362935079,162.2393367441614,42.0,17.0,173.0
image_5904.jpg,200,200,1.0,77.05695,97.29075,116.3448,42.0,69.0,121.0
image_671.jpg,576,720,0.8,68.77492283950617,154.61869212962964,183.41390335648148,34.0,179.0,218.0
image_117.jpg,650,488,1.3319672131147542,120.25286885245902,117.219842370744,196.00600882723833,136.0,110.0,217.0
image_9680.jpg,240,240,1.0,126.81020833333334,78.34331597222223,176.4806076388889,177.0,19.0,213.0
image_7875.jpg,962,534,1.801498127340824,84.02389684412157,139.38140149657005,112.83200378425097,42.0,137.0,100.0
image_7861.jpg,301,400,0.7525,45.10747508305648,132.65426910299004,173.87734219269103,29.0,140.0,179.0
image_2919.jpg,1000,667,1.4992503748125936,64.43918140929536,22.587949025487255,163.73012443778111,23.0,16.0,164.0
image_5910.jpg,240,160,1.5,104.67747395833334,36.19330729166666,189.31169270833334,147.0,13.0,219.0
image_665.jpg,300,240,1.25,62.921625,109.58816666666667,116.24754166666666,42.0,113.0,92.0
image_895.jpg,960,720,1.3333333333333333,78.3856712962963,136.8045457175926,122.99459635416666,62.0,139.0,129.0
image_5938.jpg,480,720,0.6666666666666666,87.47515914351852,25.209389467592594,176.61627314814814,58.0,20.0,188.0
image_1586.jpg,197,255,0.7725490196078432,34.56255598686175,92.66457649049468,115.16906539265452,13.0,75.0,121.0
image_9864.jpg,480,720,0.6666666666666666,102.15371527777778,86.76437210648149,101.824609375,100.0,93.0,73.0
image_7691.jpg,306,423,0.723404255319149,65.56005191674778,97.5337072575287,147.70932029234072,24.0,88.0,156.0
image_7849.jpg,300,200,1.5,76.43375,49.23825,143.10658333333333,28.0,28.0,134.0
image_5086.jpg,540,360,1.5,39.348132716049385,129.94486111111112,122.45980452674897,20.0,124.0,106.0
image_2931.jpg,343,720,0.47638888888888886,94.58247084548105,50.94861516034985,214.56498218334954,102.0,24.0,242.0
image_4398.jpg,206,360,0.5722222222222222,52.82710355987055,33.34025080906149,224.17413700107875,49.0,5.0,246.0
image_2925.jpg,480,720,0.6666666666666666,62.7790625,103.06613715277778,80.3439988425926,51.0,97.0,60.0
image_9870.jpg,400,600,0.6666666666666666,125.08908333333333,30.571716666666667,204.192475,162.0,18.0,207.0
image_7685.jpg,386,386,1.0,16.481986093586404,13.40672232811619,231.8891044054874,0.0,0.0,255.0
image_1592.jpg,240,240,1.0,13.977395833333333,15.472378472222223,252.36692708333334,0.0,0.0,255.0
image_3385.jpg,360,240,1.5,92.82799768518518,96.06202546296296,120.50652777777778,131.0,88.0,100.0
image_659.jpg,524,654,0.8012232415902141,114.75598781427271,34.09343849942807,127.45301374979574,148.0,31.0,110.0
image_2514.jpg,280,280,1.0,210.8638775510204,78.18428571428572,134.66261479591836,228.0,79.0,148.0
image_4165.jpg,236,236,1.0,47.91354854926745,98.86214449870727,162.87164248779087,17.0,104.0,169.0
image_9441.jpg,480,720,0.6666666666666666,118.49089699074074,26.71613136574074,218.61053530092593,139.0,10.0,226.0
image_6014.jpg,453,720,0.6291666666666667,62.17623252391464,68.41097314201619,141.5739974245769,23.0,41.0,150.0
image_9327.jpg,236,354,0.6666666666666666,22.352844010341855,111.84294503495164,142.86067222062627,17.0,124.0,142.0
image_8039.jpg,330,330,1.0,31.99914600550964,24.971386593204777,229.54842056932966,0.0,0.0,255.0
image_4603.jpg,640,480,1.3333333333333333,131.00218098958334,192.26746744791666,154.23338541666666,144.0,235.0,131.0
image_4617.jpg,480,720,0.6666666666666666,124.57861979166667,61.82335358796296,125.0394994212963,127.0,55.0,122.0
image_3178.jpg,236,188,1.2553191489361701,109.4861386584926,65.15119004688063,136.26043544897223,119.0,62.0,106.0
image_2266.jpg,940,627,1.4992025518341308,144.64277206556042,69.57306321897588,141.75243306525502,160.0,61.0,151.0
image_5509.jpg,200,250,0.8,69.79796,58.9412,133.29008,29.0,44.0,117.0
image_6000.jpg,649,720,0.9013888888888889,123.04713234035268,120.38056197568909,89.59532828282828,177.0,109.0,36.0
image_7478.jpg,521,720,0.7236111111111111,37.91736244401791,119.40809341010876,145.9276151631478,28.0,133.0,165.0
image_8993.jpg,519,350,1.4828571428571429,61.218645747316266,155.00509771538674,135.74412331406552,33.0,167.0,139.0
image_1009.jpg,480,360,1.3333333333333333,93.2233912037037,64.88302662037037,117.56946759259259,63.0,47.0,111.0
image_6766.jpg,480,320,1.5,143.50916666666666,56.308216145833335,150.65970703125,153.0,33.0,161.0
image_9455.jpg,500,269,1.858736059479554,92.54241635687733,62.312617100371746,152.004468401487,61.0,44.0,163.0
image_4171.jpg,1024,643,1.5925349922239502,154.82038388170685,154.3927527823678,118.8154828440902,183.0,163.0,96.0
image_8763.jpg,800,715,1.118881118881119,38.69451048951049,140.48270979020978,147.52872552447553,23.0,148.0,152.0
image_7450.jpg,600,472,1.271186440677966,80.17185734463277,92.85729519774011,155.33215042372882,38.0,69.0,186.0
image_1021.jpg,500,570,0.8771929824561403,71.11238596491228,38.18356140350877,217.85540701754385,50.0,13.0,238.0
image_5247.jpg,779,720,1.0819444444444444,62.04672657252888,36.356388175723865,191.591365354443,26.0,17.0,196.0
image_2528.jpg,600,600,1.0,16.893675,109.28535,197.69472222222223,16.0,112.0,245.0
image_3636.jpg,381,254,1.5,33.0761878190423,54.344121354909376,165.02896439126212,26.0,45.0,157.0
image_4159.jpg,198,198,1.0,49.35292317110499,33.70321905927967,204.86672278338946,23.0,4.0,203.0
image_7.jpg,225,225,1.0,40.248928395061725,174.8575209876543,133.48371358024693,20.0,187.0,172.0
image_3150.jpg,910,720,1.2638888888888888,102.72945054945055,55.375326617826616,158.7266742979243,134.0,48.0,164.0
image_6028.jpg,238,250,0.952,158.4038487394958,107.12263865546218,187.833243697479,235.0,109.0,200.0
image_52.jpg,236,235,1.004255319148936,99.09972953479985,48.18570140641904,250.3593220338983,93.0,29.0,255.0
image_8005.jpg,450,300,1.5,164.23978518518518,91.32037037037037,125.31398518518519,172.0,113.0,107.0
image_7336.jpg,236,315,0.7492063492063492,28.75181598062954,90.5375840731773,138.37966101694914,24.0,82.0,137.0
image_1753.jpg,200,200,1.0,21.373475,208.120925,149.792275,20.0,231.0,149.0
image_8011.jpg,340,270,1.2592592592592593,53.072385620915036,80.85726579520697,152.87726579520697,31.0,77.0,166.0
image_7322.jpg,381,720,0.5291666666666667,36.762645815106445,100.47014800233305,115.01262394284048,19.0,96.0,99.0
image_3144.jpg,310,440,0.7045454545454546,64.97115102639296,42.44507331378299,133.42391495601174,35.0,26.0,133.0
image_498.jpg,300,195,1.5384615384615385,48.15769230769231,40.36097435897436,147.76979487179486,23.0,22.0,157.0
image_5253.jpg,626,418,1.4976076555023923,136.68529587110385,16.657321491355457,222.42400675665348,178.0,5.0,230.0
image_3622.jpg,500,342,1.4619883040935673,22.086087719298245,186.272,239.49161988304093,26.0,205.0,247.0
image_8777.jpg,768,512,1.5,91.51425170898438,100.1398188273112,130.83525594075522,28.0,75.0,116.0
image_7444.jpg,236,157,1.5031847133757963,105.9060239663176,74.70141962647091,165.96245816690057,136.0,45.0,180.0
image_6982.jpg,282,362,0.7790055248618785,65.65003330590494,59.620195133419536,155.92236785392421,31.0,24.0,190.0
image_9469.jpg,360,240,1.5,90.64166666666667,47.38174768518518,151.74715277777779,78.5,38.0,156.0
image_9482.jpg,300,533,0.5628517823639775,121.87434646654158,110.65440900562852,123.86764227642277,137.0,118.0,102.0
image_6969.jpg,570,380,1.5,48.40688827331486,26.078393351800553,153.42327331486612,49.0,12.0,170.0
image_3811.jpg,77,58,1.3275862068965518,130.33228840125392,38.01522615315719,118.71495745633676,146.0,5.0,144.0
image_315.jpg,1080,720,1.5,151.71055684156377,32.62784336419753,190.07416795267488,161.0,6.0,221.0
image_4818.jpg,427,605,0.7057851239669422,28.62555983509784,37.71384442681015,200.63265527319177,29.0,37.0,214.0
image_473.jpg,750,422,1.7772511848341233,90.70430647709321,54.47653396524487,207.96517535545024,113.0,28.0,221.0
image_1960.jpg,427,285,1.4982456140350877,146.88306010928963,109.20232548584576,150.47268992152513,147.0,104.0,158.0
image_1974.jpg,242,160,1.5125,94.82797004132232,73.83065599173554,163.51417871900827,35.0,38.0,185.0
image_467.jpg,600,400,1.5,71.3619875,84.6153,185.22893333333334,21.0,62.0,200.0
image_301.jpg,770,400,1.925,110.21866883116883,136.65285064935065,156.33731818181818,123.0,140.0,163.0
image_8950.jpg,188,251,0.749003984063745,64.9916504195982,103.65082224294312,149.50063575485294,26.0,103.0,158.0
image_9496.jpg,236,329,0.7173252279635258,26.01603472257998,107.23435165627737,127.68508835196538,23.0,111.0,124.0
image_5284.jpg,236,314,0.7515923566878981,64.74993252725899,79.56667656266868,140.85689031631222,33.0,54.0,135.0
image_329.jpg,450,338,1.331360946745562,25.138224852071005,178.81967126890203,111.43656147271533,16.0,201.0,107.0
image_8978.jpg,332,249,1.3333333333333333,102.28949533072047,25.40100159674844,167.35851841099338,136.0,3.0,214.0
image_7493.jpg,330,607,0.5436573311367381,51.4425390644501,81.65987219809296,122.93361290000499,34.0,69.0,117.0
image_91.jpg,465,700,0.6642857142857143,65.34294930875576,33.4851643625192,117.39265745007681,23.0,34.0,139.0
image_4824.jpg,571,444,1.2860360360360361,32.883245767659076,200.24332213123807,96.02981571764408,30.0,214.0,73.0
image_3193.jpg,600,461,1.3015184381778742,46.079624005784524,153.0495842371656,157.33490238611714,31.0,155.0,166.0
image_2299.jpg,550,309,1.779935275080906,61.61441012062371,100.78859076198881,145.38862606649013,26.0,97.0,146.0
image_3187.jpg,275,183,1.5027322404371584,35.75850968703428,93.69851962245404,148.9855737704918,24.0,76.0,149.0
image_1948.jpg,474,296,1.6013513513513513,95.86728104686965,99.8177457520812,130.83980499486827,64.0,88.0,125.0
image_85.jpg,1024,696,1.471264367816092,77.42783680181394,65.71246127424568,122.4799734532148,51.0,46.0,124.0
image_1790.jpg,592,720,0.8222222222222222,77.94812077702703,54.4914695945946,160.9313180367868,43.0,41.0,174.0
image_6799.jpg,300,300,1.0,185.68705555555556,24.040644444444446,212.40317777777778,200.0,14.0,227.0
image_7487.jpg,300,300,1.0,51.642244444444444,122.47236666666667,157.7637777777778,12.0,121.0,170.0
image_6941.jpg,640,480,1.3333333333333333,138.13640299479167,71.39320963541667,130.03623372395833,151.0,54.0,130.0
image_3839.jpg,800,533,1.5009380863039399,86.52575281425891,116.93436444652907,108.55559099437149,47.0,121.0,81.0
image_9535.jpg,450,300,1.5,46.059555555555555,128.47395555555556,103.67057037037037,47.0,120.0,92.0
image_1169.jpg,973,720,1.351388888888889,19.398569715656045,163.2905332876556,180.85960374557496,19.0,168.0,212.0
image_7518.jpg,1084,720,1.5055555555555555,87.51266528290283,66.01826696391964,184.18767937679377,59.0,69.0,221.0
image_6160.jpg,500,628,0.7961783439490446,35.06626433121019,131.85087579617834,113.63959872611466,19.0,139.0,103.0
image_9253.jpg,539,720,0.7486111111111111,88.11855545248402,40.2722582972583,220.3838023088023,77.0,15.0,223.0
image_5469.jpg,750,496,1.5120967741935485,87.46617204301076,110.60486290322581,138.0875376344086,34.0,88.0,142.0
image_2306.jpg,236,475,0.4968421052631579,144.1215343443354,98.72234611953613,94.08438893844782,146.0,97.0,101.0
image_3018.jpg,275,183,1.5027322404371584,118.77889716840536,40.23537009438649,120.78372578241431,143.0,31.0,84.0
image_4777.jpg,653,490,1.3326530612244898,114.97453198737382,63.0415726474357,206.3567678219833,138.0,62.0,220.0
image_2312.jpg,236,277,0.851985559566787,97.65237410512145,22.708957963654164,230.3576148809888,24.0,6.0,253.0
image_4763.jpg,600,429,1.3986013986013985,143.41335275835277,71.02265345765346,162.8746853146853,151.0,52.0,161.0
image_8159.jpg,474,356,1.3314606741573034,37.506477267339875,57.958119992414545,159.11120395391836,24.0,43.0,156.0
image_6612.jpg,349,262,1.33206106870229,56.91031081169754,75.44293400993023,121.3883724490912,49.0,61.0,144.0
image_9521.jpg,600,399,1.5037593984962405,101.65146198830409,29.379402673350043,178.33156223893067,154.0,14.0,219.0
image_4005.jpg,202,400,0.505,190.56076732673267,122.71653465346535,104.41540841584158,205.0,91.0,104.0
image_2474.jpg,800,534,1.4981273408239701,118.54372425093634,127.95054541198502,223.30264279026218,135.0,119.0,235.0
image_1155.jpg,360,240,1.5,46.79152777777778,188.2933449074074,192.84765046296297,26.0,214.0,220.0
image_8617.jpg,720,720,1.0,38.35804783950617,64.6009124228395,169.86188078703702,26.0,68.0,169.0
image_5333.jpg,486,480,1.0125,29.03823302469136,25.154029492455418,236.5590835048011,0.0,0.0,255.0
image_5455.jpg,450,300,1.5,150.02583703703704,39.12891111111111,159.14374074074075,170.0,24.0,190.0
image_4993.jpg,540,720,0.75,144.40797582304526,11.580612139917696,237.08418209876544,146.0,9.0,239.0
image_3024.jpg,710,528,1.3446969696969697,49.94755388390952,76.85723164746052,218.40705825864276,22.0,10.0,238.0
image_8171.jpg,500,375,1.3333333333333333,85.92736533333333,78.88298666666667,129.44585066666667,57.0,71.0,121.0
image_7242.jpg,341,227,1.502202643171806,27.459092846900152,60.76049969640989,214.73418424690274,29.0,34.0,225.0
image_1633.jpg,400,320,1.25,109.212984375,99.622890625,140.64928125,150.0,98.0,160.0
image_8165.jpg,720,540,1.3333333333333333,90.08121141975309,85.30679783950617,104.97150977366255,97.0,91.0,93.0
image_7256.jpg,790,525,1.5047619047619047,94.85837010247137,31.851920433996384,111.74730560578662,89.0,25.0,121.0
image_1627.jpg,390,260,1.5,66.37545364891518,66.40076923076923,219.6524852071006,42.0,11.0,229.0
image_6148.jpg,236,236,1.0,59.489317006607294,71.63597026716461,176.9334602125826,34.0,42.0,192.0
image_5441.jpg,463,720,0.6430555555555556,141.8717662586993,55.28799796016319,181.7033267338613,158.0,30.0,201.0
image_4987.jpg,479,720,0.6652777777777777,55.12669624217119,120.1982341684064,141.71923567617722,15.0,122.0,140.0
image_3030.jpg,480,720,0.6666666666666666,57.176313657407405,88.63254918981481,204.7561545138889,21.0,57.0,220.0
image_4039.jpg,585,720,0.8125,129.9314126305793,111.49286799620133,149.833952991453,129.0,110.0,149.0
image_3756.jpg,639,206,3.1019417475728157,81.28702310953098,51.63883191272772,134.37380160140998,38.0,34.0,131.0
image_5327.jpg,320,320,1.0,90.358095703125,103.323388671875,125.61736328125,36.0,81.0,150.0
image_1141.jpg,262,262,1.0,0.0,0.0,245.8886428529806,0.0,0.0,248.0
image_8603.jpg,612,612,1.0,38.91463219274638,74.47951108547994,137.71093382886923,18.0,81.0,167.0
image_7530.jpg,600,468,1.2820512820512822,114.59267806267806,92.36004985754985,147.18836894586894,131.0,79.0,160.0
image_8830.jpg,1247,720,1.7319444444444445,123.1585995277555,74.29762095696339,139.89942640114052,148.0,78.0,128.0
image_3965.jpg,800,402,1.9900497512437811,82.47,37.5165236318408,166.78188121890548,42.0,24.0,185.0
image_261.jpg,300,441,0.6802721088435374,50.84036281179138,75.95927437641723,112.29563114134542,26.0,66.0,108.0
image_507.jpg,640,640,1.0,94.95000244140626,102.90600830078125,129.2285302734375,63.0,90.0,121.0
image_9290.jpg,450,300,1.5,44.53871851851852,134.36922222222222,122.90207407407408,26.0,142.0,115.0
image_1814.jpg,333,240,1.3875,108.20893393393393,135.8831956956957,217.699512012012,139.0,117.0,244.0
image_9284.jpg,939,720,1.3041666666666667,153.35501863684772,62.45815436043072,142.10233404330847,160.0,58.0,162.0
image_513.jpg,450,300,1.5,49.953185185185184,178.28685925925927,78.69947407407408,50.0,181.0,67.0
image_4978.jpg,580,580,1.0,76.840790725327,20.148662306777645,213.33508323424493,0.0,0.0,255.0
image_275.jpg,161,214,0.7523364485981309,91.63983862541359,71.8049573344169,216.75999883903177,123.0,43.0,225.0
image_6809.jpg,545,350,1.5571428571428572,87.70850327653997,36.250904325032764,160.6954233289646,31.0,27.0,162.0
image_8824.jpg,932,524,1.7786259541984732,44.19321495265865,25.048776742128886,196.7532291223012,0.0,0.0,255.0
image_3959.jpg,236,461,0.5119305856832972,72.00597448435605,30.216386631861464,208.17479502922902,23.0,3.0,227.0
image_3781.jpg,250,187,1.3368983957219251,127.78083422459893,93.18710160427807,139.8548449197861,148.0,99.0,142.0
image_6821.jpg,325,260,1.25,65.98917159763313,81.99965680473373,74.16989349112426,27.0,69.0,60.0
image_1196.jpg,900,600,1.5,103.41355185185185,39.44314814814815,99.46727037037037,98.0,39.0,81.0
image_1828.jpg,227,500,0.454,28.44577973568282,125.19776211453744,170.37334801762114,25.0,123.0,191.0
image_7281.jpg,600,659,0.9104704097116844,142.58370257966615,114.1202478502782,158.68553616590793,147.0,121.0,161.0
image_4950.jpg,714,720,0.9916666666666667,89.0687675070028,94.11727552131964,166.24399315281667,77.0,82.0,172.0
image_4944.jpg,962,634,1.5173501577287065,138.50700433508004,82.49004440013904,75.45246004315405,152.0,77.0,53.0
image_6835.jpg,340,270,1.2592592592592593,30.969357298474947,48.62511982570806,155.96856209150326,18.0,44.0,158.0
image_8818.jpg,640,480,1.3333333333333333,54.0423046875,60.793837890625,127.31854166666666,31.0,62.0,106.0
image_1182.jpg,480,270,1.7777777777777777,50.009375,179.61131944444443,150.85546296296297,19.0,188.0,147.0
image_249.jpg,222,296,0.75,70.97766009252496,65.2269752860969,128.59562941319697,42.0,47.0,126.0
image_3795.jpg,485,578,0.8391003460207612,38.14942746049299,67.15192808475724,180.06961795027289,18.0,47.0,201.0
image_4575.jpg,600,600,1.0,1.7695444444444444,1.5710805555555556,224.42862222222223,0.0,0.0,254.0
image_2104.jpg,511,338,1.5118343195266273,23.638086360425664,151.57562616519414,169.43063838163943,18.0,141.0,179.0
image_9051.jpg,1152,720,1.6,158.26585165895062,110.5400161554784,119.14465301890432,171.0,118.0,105.0
image_6362.jpg,300,300,1.0,49.00535555555555,81.46974444444444,221.4991777777778,23.0,39.0,245.0
image_9737.jpg,400,300,1.3333333333333333,68.429075,109.06931666666667,137.58289166666665,44.0,106.0,136.0
image_6404.jpg,450,257,1.7509727626459144,81.39734543882403,126.4054561175962,174.06149589277993,50.0,115.0,178.0
image_4213.jpg,1000,667,1.4992503748125936,158.94125187406297,141.6058815592204,99.64094602698651,198.0,127.0,93.0
image_5119.jpg,1000,666,1.5015015015015014,91.8022087087087,79.13477777777777,163.91681831831832,146.0,68.0,171.0
image_3568.jpg,445,281,1.583629893238434,52.303890599384225,99.60194330041185,80.32937742412732,37.0,95.0,64.0
image_4207.jpg,521,720,0.7236111111111111,47.99306088718277,110.89346609085092,156.83309607592238,32.0,112.0,180.0
image_9723.jpg,345,378,0.9126984126984127,28.83076451192393,86.67431178590599,205.75406027145158,27.0,73.0,220.0
image_6410.jpg,80,80,1.0,0.0,0.0,214.609375,0.0,0.0,255.0
image_9045.jpg,1440,604,2.384105960264901,38.84073652501839,64.72713392200147,171.82140015636497,41.0,60.0,168.0
image_6376.jpg,525,389,1.3496143958868894,89.91419757620272,67.02820908311911,197.25130126086424,52.0,48.0,208.0
image_1419.jpg,800,600,1.3333333333333333,98.68181458333333,47.95430625,107.30156666666667,49.0,26.0,83.0
image_7068.jpg,1000,700,1.4285714285714286,71.75121714285714,62.81762142857143,110.24868142857143,69.0,46.0,107.0
image_4561.jpg,235,301,0.7807308970099668,149.87974835654202,19.391390400791686,213.21965080935888,154.0,8.0,230.0
image_1431.jpg,225,177,1.271186440677966,81.38400502197112,27.068349026993094,124.9065662272442,49.0,18.0,135.0
image_7040.jpg,960,720,1.3333333333333333,91.45612702546296,139.21286603009258,117.78391493055555,96.0,136.0,112.0
image_8373.jpg,500,600,0.8333333333333334,65.47246,89.01925666666666,103.83317333333333,33.0,86.0,95.0
image_4549.jpg,237,316,0.75,125.90344763125567,65.47480371735298,221.05896490946964,146.0,9.0,247.0
image_3226.jpg,570,670,0.8507462686567164,47.77488609583661,75.09790782927467,108.9396465043205,46.0,62.0,106.0
image_922.jpg,580,580,1.0,47.607922116527945,82.62827586206896,146.2052883472057,25.0,87.0,151.0
image_2138.jpg,435,720,0.6041666666666666,28.102452107279692,68.17744572158365,245.72780012771392,33.0,31.0,252.0
image_5657.jpg,1000,670,1.492537313432836,71.76617611940299,59.131502985074626,127.59552388059701,49.0,58.0,132.0
image_3540.jpg,242,350,0.6914285714285714,57.80012987012987,96.4382880755608,171.8139433293979,24.0,74.0,204.0
image_2886.jpg,450,298,1.5100671140939597,140.8952423564504,55.00703952274422,199.94737509321402,175.0,15.0,205.0
image_7726.jpg,800,600,1.3333333333333333,98.5034625,69.18853958333334,129.00764583333333,42.0,46.0,136.0
image_8415.jpg,626,626,1.0,26.79285794486011,35.143971562433016,230.76918974369443,0.0,0.0,255.0
image_6438.jpg,219,250,0.876,28.362995433789955,22.513059360730594,236.728,0.0,0.0,247.0
image_7732.jpg,282,338,0.834319526627219,137.94358764530614,147.8591422216627,230.5475366150489,140.0,144.0,249.0
image_8401.jpg,418,314,1.3312101910828025,174.87192576113125,135.33021972998506,138.93532289031785,176.0,137.0,129.0
image_1343.jpg,800,600,1.3333333333333333,49.615777083333334,47.779035416666666,146.18628958333332,31.0,35.0,146.0
image_5125.jpg,150,150,1.0,33.443377777777776,108.51902222222222,239.1256888888889,22.0,104.0,251.0
image_3554.jpg,474,556,0.8525179856115108,32.855352426919225,120.97112057189692,66.42578089427192,25.0,107.0,57.0
image_2892.jpg,480,720,0.6666666666666666,93.61898726851852,74.04367476851851,186.9335966435185,106.0,37.0,211.0
image_3232.jpg,480,360,1.3333333333333333,53.978350694444444,140.65322916666668,125.49931712962963,18.0,132.0,130.0
image_936.jpg,474,321,1.4766355140186915,65.52954243726751,83.31790817198365,158.3138662144932,31.0,95.0,172.0
image_9079.jpg,450,600,0.75,75.73264074074073,58.486607407407405,106.53525555555555,56.0,50.0,97.0
image_1425.jpg,640,427,1.4988290398126465,120.27145418618267,48.447390954332555,124.87577942037471,143.0,25.0,124.0
image_7054.jpg,570,380,1.5,102.87758541089566,118.93091412742382,195.08089104339797,159.0,93.0,202.0
image_8367.jpg,235,133,1.7669172932330828,84.23593025115981,83.13853783394657,177.9171332586786,13.0,68.0,183.0
image_9092.jpg,547,450,1.2155555555555555,38.802600040625634,123.44996953077391,162.86138127158236,22.0,119.0,182.0
image_705.jpg,474,321,1.4766355140186915,132.7358860102265,134.98487059163742,111.08497311933962,154.0,137.0,101.0
image_5870.jpg,474,355,1.3352112676056338,70.04464253877697,102.90947881381113,148.3599750401141,49.0,109.0,153.0
image_7901.jpg,240,240,1.0,32.62529513888889,43.38121527777778,209.59081597222223,0.0,0.0,254.0
image_7915.jpg,630,419,1.503579952267303,55.85529037390612,73.06500359889381,132.0867106110543,26.0,57.0,139.0
image_9938.jpg,635,431,1.4733178654292343,96.90674315362551,15.713184865812886,160.8565504137969,127.0,10.0,163.0
image_711.jpg,300,300,1.0,37.97425555555556,92.13581111111111,148.4417222222222,18.0,114.0,152.0
image_5864.jpg,500,385,1.2987012987012987,65.17324155844156,120.18481558441559,139.4798181818182,29.0,118.0,150.0
image_8398.jpg,340,270,1.2592592592592593,26.144967320261436,72.19481481481482,168.74842047930284,24.0,24.0,177.0
image_5694.jpg,800,540,1.4814814814814814,80.9609675925926,61.82036574074074,120.51171759259259,63.0,61.0,120.0
image_7083.jpg,230,230,1.0,25.693894139886577,53.097315689981095,232.69049149338375,27.0,36.0,254.0
image_1394.jpg,260,195,1.3333333333333333,46.25422090729783,14.783392504930967,136.2544970414201,34.0,11.0,145.0
image_9910.jpg,236,235,1.004255319148936,100.2135593220339,80.75834835917779,154.9072664983772,138.0,65.0,157.0
image_3583.jpg,1007,720,1.398611111111111,43.54609952554342,33.45992221118835,241.79856697561513,0.0,0.0,255.0
image_2845.jpg,667,720,0.9263888888888889,67.62297184740963,60.38684824254539,213.94815925370648,10.0,14.0,252.0
image_3597.jpg,238,250,0.952,59.292655462184875,45.1523025210084,189.71438655462185,22.0,3.0,217.0
image_2851.jpg,340,270,1.2592592592592593,160.38501089324618,153.05020697167757,73.39299564270152,176.0,160.0,47.0
image_2689.jpg,236,314,0.7515923566878981,95.46449584367916,75.77621990715751,110.11412339414876,61.0,45.0,99.0
image_7929.jpg,300,300,1.0,103.99928888888888,112.24963333333334,139.84705555555556,153.0,85.0,150.0
image_1380.jpg,270,169,1.5976331360946745,101.07617795310102,154.45371466140696,140.32419460881,60.0,158.0,146.0
image_9904.jpg,245,160,1.53125,155.64252551020408,120.87614795918367,127.24145408163265,173.0,161.0,134.0
image_7097.jpg,1280,720,1.7777777777777777,44.36543402777778,145.81302517361112,143.51759657118055,23.0,147.0,155.0
image_5680.jpg,641,550,1.1654545454545455,22.831947241526024,31.588512267763438,121.63173734222096,18.0,29.0,118.0
image_9905.jpg,612,612,1.0,24.264238647528728,5.662386795676876,242.52402654961767,0.0,0.0,255.0
image_1381.jpg,236,236,1.0,40.2918701522551,8.823865268600978,241.62674159724216,0.0,0.0,253.0
image_7928.jpg,350,350,1.0,101.55171428571428,58.24532244897959,159.97555918367348,25.0,47.0,158.0
image_2850.jpg,480,640,0.75,34.49116536458333,111.95512044270833,149.62885416666666,16.0,132.0,151.0
image_3596.jpg,480,720,0.6666666666666666,46.2426880787037,112.51322337962964,126.57331018518518,26.0,106.0,121.0
image_5859.jpg,1195,720,1.6597222222222223,78.15423640167364,63.93338679683868,127.8402219897722,62.0,44.0,137.0
image_5681.jpg,500,375,1.3333333333333333,131.26190933333334,60.622021333333336,113.41072533333333,151.0,47.0,93.0
image_6388.jpg,240,134,1.791044776119403,129.5261815920398,60.43448383084577,109.0814987562189,157.0,37.0,112.0
image_7096.jpg,275,155,1.7741935483870968,44.058815249266864,145.71373607038123,98.7960586510264,48.0,157.0,88.0
image_7082.jpg,400,601,0.6655574043261231,32.741314475873544,38.65849833610649,189.65838186356072,23.0,37.0,189.0
image_5695.jpg,300,222,1.3513513513513513,86.60006006006006,110.58881381381381,111.8737987987988,21.0,109.0,111.0
image_738.jpg,236,194,1.2164948453608246,40.044338633583784,82.36508387209506,144.9998907915429,29.0,88.0,151.0
image_2844.jpg,120,120,1.0,93.93694444444445,45.67243055555556,205.8279861111111,106.0,37.0,220.0
image_3582.jpg,450,300,1.5,144.8079111111111,173.69178518518518,181.28423703703703,146.0,180.0,187.0
image_9911.jpg,229,160,1.43125,20.705349344978167,94.04235807860262,184.96269104803494,16.0,72.0,190.0
image_1395.jpg,626,417,1.501199040767386,122.06080630703106,43.2114180859785,162.17025612736649,103.0,27.0,171.0
image_9939.jpg,474,266,1.781954887218045,139.3865280289331,50.925105485232066,148.627851273754,149.0,44.0,139.0
image_7914.jpg,236,354,0.6666666666666666,94.47515081873026,38.43665613329503,129.49961696830414,70.0,31.0,126.0
image_9087.jpg,320,320,1.0,35.126240234375,107.274677734375,173.631982421875,22.0,104.0,179.0
image_8399.jpg,809,539,1.5009276437847867,60.171509754592925,73.26536116188244,182.79420985159993,31.0,49.0,198.0
image_5865.jpg,1024,682,1.501466275659824,47.236014536748534,88.38592260813783,154.22204625641496,24.0,75.0,159.0
image_5871.jpg,236,221,1.0678733031674208,76.08660556791165,57.19441674975075,149.4555372344505,31.0,32.0,167.0
image_704.jpg,664,374,1.7754010695187166,109.35273983635075,90.0891574318665,102.25444558984601,142.0,75.0,82.0
image_9093.jpg,483,600,0.805,60.51616287094548,64.27241200828158,130.07680814354728,25.0,55.0,169.0
image_2878.jpg,720,340,2.1176470588235294,115.2056862745098,91.36871732026144,148.19984885620914,154.0,89.0,168.0
image_2893.jpg,450,450,1.0,67.5742024691358,108.41044444444445,249.54104197530864,35.0,108.0,254.0
image_5124.jpg,474,382,1.2408376963350785,42.991887025868735,161.2491660591601,131.73494488258555,42.0,163.0,125.0
image_1342.jpg,230,230,1.0,36.86170132325142,125.70468809073724,196.8239697542533,24.0,144.0,218.0
image_8400.jpg,300,300,1.0,115.04941111111111,53.03618888888889,235.12346666666667,70.0,4.0,253.0
image_7733.jpg,236,233,1.0128755364806867,86.07372517640212,66.25531024950898,161.4633556412308,39.0,56.0,176.0
image_1424.jpg,335,223,1.5022421524663676,111.5538986680945,70.74893246770631,170.96023023893983,138.0,53.0,174.0
image_9078.jpg,194,300,0.6466666666666666,36.44268041237113,97.91749140893471,229.92982817869415,31.0,58.0,255.0
image_5642.jpg,286,200,1.43,53.3743006993007,106.66325174825175,63.28653846153846,0.0,71.0,1.0
image_3233.jpg,719,720,0.9986111111111111,74.61730219440581,82.52628650904033,151.19208198114666,25.0,78.0,161.0
image_5656.jpg,660,330,2.0,38.181524334251606,118.68725895316804,151.91943985307623,22.0,108.0,163.0
image_2139.jpg,570,569,1.0017574692442883,112.03592328800913,47.429957142416676,151.07726389788178,148.0,14.0,175.0
image_923.jpg,541,720,0.7513888888888889,76.92832717190389,91.10637964674471,166.81553193674264,31.0,59.0,178.0
image_4548.jpg,450,399,1.1278195488721805,34.8903425229741,55.545775549986075,215.55403508771929,0.0,0.0,255.0
image_8372.jpg,720,720,1.0,103.2866338734568,49.294637345679014,134.58428433641976,120.0,44.0,136.0
image_7041.jpg,500,326,1.5337423312883436,94.90101840490797,36.81011656441718,140.9959754601227,89.0,18.0,158.0
image_1430.jpg,450,299,1.5050167224080269,77.75823114083984,122.87289483463397,144.6801783723523,42.0,104.0,169.0
image_6439.jpg,238,250,0.952,59.55936134453781,30.342453781512607,230.88746218487395,44.0,3.0,255.0
image_1356.jpg,550,413,1.3317191283292977,86.9764825005503,60.945018710103454,149.0741580453445,18.0,44.0,169.0
image_8414.jpg,175,233,0.7510729613733905,118.09110974862048,94.34842427958307,103.79695892090741,148.0,85.0,83.0
image_7727.jpg,500,333,1.5015015015015014,61.49273873873874,169.5264984984985,194.42693693693693,58.0,168.0,196.0
image_2887.jpg,498,720,0.6916666666666667,45.066496541722444,154.7045013386881,139.0648315484159,49.0,216.0,85.0
image_3541.jpg,112,118,0.9491525423728814,123.48766646489103,42.4679176755448,94.96504237288136,170.0,12.0,60.0
image_5130.jpg,800,480,1.6666666666666667,66.86119010416667,108.9525546875,107.57849479166667,40.0,98.0,84.0
image_6411.jpg,360,240,1.5,61.83951388888889,30.138715277777777,162.88858796296296,42.0,17.0,152.0
image_9722.jpg,236,352,0.6704545454545454,113.53238154853621,73.32337008859784,98.05583108628659,150.0,53.0,89.0
image_3569.jpg,956,720,1.3277777777777777,43.903376336587634,52.8336340655509,170.37281642259416,15.0,41.0,194.0
image_2677.jpg,236,274,0.8613138686131386,31.24268526537177,146.11558208585922,172.7083075590746,30.0,164.0,208.0
image_5118.jpg,225,225,1.0,19.086874074074075,87.44240987654321,135.70107654320987,18.0,76.0,152.0
image_2111.jpg,474,266,1.781954887218045,103.10899083150915,187.0200263316519,135.30310745217474,145.0,213.0,144.0
image_1418.jpg,340,270,1.2592592592592593,86.91273420479303,62.983671023965144,169.66892156862744,114.0,49.0,186.0
image_6377.jpg,700,392,1.7857142857142858,85.99592565597668,54.59786807580175,218.71917638483964,34.0,43.0,229.0
image_9044.jpg,256,256,1.0,158.43894958496094,75.30194091796875,221.5880126953125,161.0,69.0,234.0
image_6363.jpg,640,480,1.3333333333333333,64.03420247395833,27.466438802083335,133.75242513020834,26.0,13.0,158.0
image_2105.jpg,367,400,0.9175,72.37045640326976,64.89110354223433,195.27812670299727,31.0,48.0,212.0
image_4574.jpg,480,323,1.4860681114551084,108.8282507739938,60.18713235294118,158.48063080495356,34.0,54.0,159.0
image_4212.jpg,1280,719,1.7802503477051461,140.63307762517385,95.16002912030598,159.05886322148817,145.0,60.0,175.0
image_2663.jpg,472,600,0.7866666666666666,132.03208686440678,82.0625388418079,124.08259180790961,151.0,81.0,107.0
image_6405.jpg,480,480,1.0,65.71397135416667,46.951801215277776,118.11530815972222,31.0,34.0,106.0
image_9736.jpg,564,400,1.41,110.16241578014184,76.66306294326242,201.51050531914893,73.0,56.0,216.0
image_8428.jpg,300,300,1.0,25.91317777777778,93.57841111111111,168.1409111111111,21.0,57.0,182.0
image_7294.jpg,107,160,0.66875,37.041647196261685,161.82056074766356,177.39217289719628,24.0,164.0,196.0
image_4945.jpg,194,259,0.749034749034749,94.55922859531107,49.29813318473112,102.83150897583887,59.0,16.0,69.0
image_5483.jpg,340,270,1.2592592592592593,129.694825708061,20.64961873638344,149.905697167756,146.0,18.0,161.0
image_248.jpg,362,240,1.5083333333333333,52.13001841620626,93.51850828729282,145.23212476979742,26.0,82.0,145.0
image_8819.jpg,390,358,1.089385474860335,33.59289500071623,134.35752041254835,131.1614883254548,25.0,125.0,127.0
image_1183.jpg,480,720,0.6666666666666666,103.20402488425925,61.330923032407405,148.73123263888888,150.0,46.0,159.0
image_6834.jpg,200,250,0.8,90.59698,38.57934,178.2005,49.0,24.0,193.0
image_1197.jpg,325,244,1.3319672131147542,140.04244640605296,56.02970996216898,137.32123581336697,150.0,39.0,126.0
image_3958.jpg,94,130,0.7230769230769231,22.936661211129298,102.4511456628478,194.6387070376432,20.0,101.0,199.0
image_4951.jpg,800,402,1.9900497512437811,136.77786069651742,82.59020833333334,190.45713619402986,146.0,72.0,216.0
image_5497.jpg,600,600,1.0,88.76145,12.193966666666666,216.8522722222222,35.0,8.0,225.0
image_4789.jpg,1080,720,1.5,26.74081532921811,37.32049254115226,203.40850694444444,26.0,12.0,234.0
image_1829.jpg,236,236,1.0,84.35458560758403,93.06102772191899,174.85252082734846,23.0,91.0,184.0
image_4979.jpg,624,280,2.2285714285714286,21.03819826007326,62.454716117216115,234.8289835164835,1.0,1.0,255.0
image_512.jpg,426,320,1.33125,108.03182951877935,152.48211561032863,153.42072329812206,24.0,176.0,153.0
image_1801.jpg,236,157,1.5031847133757963,117.82654107740473,122.66600993198747,164.97875958112922,134.0,130.0,189.0
image_9285.jpg,236,290,0.8137931034482758,36.82942723553477,61.58807714786674,128.12555523085913,16.0,54.0,130.0
image_8825.jpg,1024,422,2.4265402843601898,53.68849044727488,81.25724322422985,152.40749037322274,39.0,81.0,151.0
image_274.jpg,636,639,0.9953051643192489,116.24720967313314,58.075284692079805,186.99348677670494,152.0,41.0,192.0
image_3970.jpg,250,333,0.7507507507507507,76.79625225225226,130.15756156156155,146.19770570570572,22.0,138.0,150.0
image_260.jpg,500,375,1.3333333333333333,67.45594133333333,59.30762133333333,129.26232,31.0,53.0,123.0
image_3964.jpg,890,320,2.78125,126.20848314606742,20.834877106741573,202.07168188202246,138.0,17.0,219.0
image_8831.jpg,340,270,1.2592592592592593,129.26582788671024,142.39289760348584,128.5036165577342,80.0,147.0,124.0
image_1815.jpg,960,720,1.3333333333333333,62.463373842592596,68.0548683449074,136.08922164351853,26.0,46.0,136.0
image_9291.jpg,450,314,1.4331210191082802,54.9904033970276,105.0253432413305,211.61412597310687,31.0,95.0,221.0
image_506.jpg,416,333,1.2492492492492493,60.470013282513285,62.843771656271656,132.99857068607068,55.0,55.0,131.0
image_3031.jpg,750,422,1.7772511848341233,68.2805308056872,155.4630047393365,88.68537124802528,58.0,159.0,80.0
image_4986.jpg,225,225,1.0,53.13661234567901,42.86791111111111,171.04100740740742,24.0,16.0,210.0
image_5440.jpg,870,337,2.5816023738872405,121.56657798697091,55.56690200893618,184.0975749513967,134.0,39.0,188.0
image_6149.jpg,400,400,1.0,28.88398125,94.24299375,148.7472625,21.0,88.0,152.0
image_1626.jpg,720,720,1.0,41.86593942901234,17.286639660493826,235.59801311728395,0.0,0.0,255.0
image_7257.jpg,450,450,1.0,41.7616,211.59983209876543,213.097412345679,54.0,231.0,223.0
image_7531.jpg,275,183,1.5027322404371584,36.36129160457029,80.61991058122206,82.60208643815201,22.0,75.0,68.0
image_8602.jpg,720,720,1.0,106.08743055555556,55.13087191358024,136.60578125,114.0,48.0,138.0
image_2449.jpg,860,572,1.5034965034965035,35.395791998698975,104.69747723207026,38.018320052040984,26.0,102.0,16.0
image_3757.jpg,321,410,0.7829268292682927,148.9992173846972,26.905675860496924,164.44104551325887,155.0,6.0,224.0
image_4038.jpg,330,440,0.75,138.6310399449036,21.293140495867767,208.8681611570248,170.0,14.0,212.0
image_5332.jpg,900,599,1.5025041736227045,107.60573734001113,98.10576701910591,55.539721758486365,143.0,72.0,29.0
image_3743.jpg,540,720,0.75,51.608567386831275,58.92667695473251,180.9385982510288,26.0,29.0,206.0
image_7525.jpg,720,720,1.0,78.12077546296297,74.05039544753086,209.17663194444444,23.0,4.0,255.0
image_8616.jpg,290,406,0.7142857142857143,32.68065228469509,19.758043145914726,207.45158824528622,28.0,12.0,215.0
image_1154.jpg,450,450,1.0,35.818241975308645,41.412661728395065,246.19682962962963,8.0,29.0,249.0
image_9508.jpg,240,320,0.75,151.9341015625,114.0648828125,167.77430989583334,157.0,140.0,165.0
image_1632.jpg,400,267,1.4981273408239701,52.01941011235955,82.62497191011236,125.81250936329587,23.0,70.0,121.0
image_7243.jpg,800,363,2.203856749311295,128.31814049586777,26.415915977961433,192.82779958677685,141.0,15.0,231.0
image_3025.jpg,450,300,1.5,34.96871111111111,105.11058518518519,122.26216296296296,29.0,104.0,114.0
image_4992.jpg,500,387,1.2919896640826873,36.06571059431525,126.7954677002584,145.16088888888888,17.0,127.0,156.0
image_5454.jpg,320,320,1.0,73.508427734375,114.5605078125,225.168857421875,24.0,128.0,235.0
image_9246.jpg,450,300,1.5,76.50038518518518,50.63831851851852,188.13791851851852,66.0,23.0,209.0
image_6175.jpg,640,426,1.5023474178403755,108.30557144953052,163.61221757629107,134.9794600938967,139.0,157.0,152.0
image_8158.jpg,236,177,1.3333333333333333,63.808508091544574,178.40342813367806,127.98115962845925,19.0,176.0,120.0
image_4762.jpg,1079,720,1.4986111111111111,92.68091339717846,51.80609231798991,91.48068684996396,106.0,35.0,66.0
image_2313.jpg,275,183,1.5027322404371584,111.08113263785395,141.47018380526578,132.51447590660706,139.0,125.0,160.0
image_2475.jpg,236,177,1.3333333333333333,59.43837977592646,57.46002106674327,151.41400938427654,19.0,41.0,147.0
image_4004.jpg,489,326,1.5,107.44505501398874,95.8709711819539,166.68754312670154,49.0,90.0,183.0
image_9520.jpg,320,240,1.3333333333333333,64.941640625,103.99833333333333,143.12446614583334,58.0,87.0,158.0
image_6613.jpg,687,490,1.4020408163265305,139.3461604729228,95.6339720167543,171.04956480408757,152.0,110.0,177.0
image_7519.jpg,180,180,1.0,92.14925925925925,107.8295987654321,125.43104938271605,136.0,107.0,106.0
image_1168.jpg,300,168,1.7857142857142858,82.81011904761905,73.41563492063491,131.3471626984127,64.0,77.0,138.0
image_9534.jpg,290,369,0.7859078590785907,93.72166152696009,51.333865993832354,142.7990468180544,150.0,45.0,163.0
image_6607.jpg,700,400,1.75,138.68913214285715,105.250725,151.7953107142857,148.0,102.0,163.0
image_4776.jpg,400,332,1.2048192771084338,17.36198042168675,142.6760015060241,100.71878012048192,11.0,151.0,93.0
image_3019.jpg,700,393,1.7811704834605597,119.81943293347874,110.0984260268993,71.43818611414031,144.0,108.0,46.0
image_2307.jpg,1300,400,3.25,40.18195,54.20410576923077,172.11132307692307,19.0,42.0,165.0
image_5468.jpg,481,720,0.6680555555555555,107.96010914760915,25.982397782397783,236.05819184569185,155.0,3.0,252.0
image_9252.jpg,260,195,1.3333333333333333,116.98429980276134,81.96293885601578,142.81848126232742,119.0,99.0,186.0
image_84.jpg,800,341,2.346041055718475,77.42693181818181,85.65937316715542,138.1561840175953,67.0,76.0,151.0
image_1949.jpg,272,182,1.4945054945054945,121.3879888493859,32.715598739495796,196.74981819650938,157.0,7.0,247.0
image_3186.jpg,960,720,1.3333333333333333,52.91920428240741,93.98301938657407,122.68632957175926,27.0,77.0,135.0
image_2298.jpg,450,252,1.7857142857142858,97.19455908289241,113.80805114638449,106.27298941798942,98.0,117.0,83.0
image_4831.jpg,550,550,1.0,67.48261818181818,115.58431404958678,142.37477685950412,18.0,101.0,150.0
image_3838.jpg,480,480,1.0,117.52414930555555,210.07735677083335,156.8208246527778,136.0,218.0,216.0
image_5291.jpg,337,450,0.7488888888888889,0.0,0.0,140.20227497527202,0.0,0.0,163.0
image_6940.jpg,1200,540,2.2222222222222223,101.4066450617284,58.75617283950617,127.76688580246913,142.0,42.0,110.0
image_7486.jpg,235,353,0.6657223796033994,93.59632330781749,78.66301006569827,166.01779277921764,38.0,77.0,184.0
image_6798.jpg,450,300,1.5,99.5807037037037,137.67317777777777,180.68637037037038,134.0,135.0,198.0
image_6954.jpg,384,384,1.0,60.449252658420136,66.70551215277777,191.0753919813368,30.0,54.0,220.0
image_7492.jpg,150,150,1.0,83.28755555555556,97.34386666666667,194.20826666666667,54.0,62.0,207.0
image_8979.jpg,450,300,1.5,139.86034074074075,187.51424444444444,151.17607407407408,152.0,215.0,163.0
image_328.jpg,236,236,1.0,48.08848032174662,118.59524920999712,154.47188307957484,20.0,114.0,159.0
image_5285.jpg,474,551,0.8602540834845736,83.11990856670266,154.86357370948105,114.92892860698232,18.0,158.0,111.0
image_3192.jpg,960,720,1.3333333333333333,32.47559461805555,99.19447916666667,98.81526765046296,17.0,83.0,86.0
image_4825.jpg,720,720,1.0,104.09282021604939,115.17563464506173,165.9316087962963,145.0,115.0,160.0
image_90.jpg,400,460,0.8695652173913043,73.61183695652174,106.5595543478261,107.6289402173913,21.0,103.0,88.0
image_466.jpg,425,318,1.3364779874213837,55.025919348871625,40.84469848316685,153.44067332593414,27.0,21.0,176.0
image_1975.jpg,250,250,1.0,40.002768,48.392272,185.739584,26.0,46.0,195.0
image_8789.jpg,736,552,1.3333333333333333,95.5838502284184,71.86601340973534,136.1311559743226,127.0,59.0,130.0
image_9497.jpg,280,240,1.1666666666666667,121.64025297619048,109.81723214285714,150.80994047619046,157.0,120.0,151.0
image_8951.jpg,720,720,1.0,86.79383294753086,42.991909722222225,159.37465470679012,59.0,25.0,172.0
image_314.jpg,290,290,1.0,135.66311533888228,172.3505112960761,129.17510107015457,136.0,174.0,124.0
image_3810.jpg,300,200,1.5,94.64393333333334,59.464933333333335,144.5286,115.0,54.0,150.0
image_6968.jpg,250,166,1.5060240963855422,50.666963855421685,77.54949397590362,98.80985542168675,26.0,50.0,82.0
image_9483.jpg,707,520,1.3596153846153847,63.3998259166576,127.4991404634969,126.58603525187684,68.0,127.0,121.0
image_8945.jpg,1000,667,1.4992503748125936,51.41555472263868,127.72507346326836,93.6435832083958,18.0,132.0,77.0
image_472.jpg,960,720,1.3333333333333333,47.005703125,60.14572193287037,148.54829716435185,29.0,32.0,161.0
image_4819.jpg,284,400,0.71,87.80717429577464,48.05565140845071,157.4942957746479,56.0,31.0,161.0
image_5534.jpg,162,162,1.0,54.44882639841487,122.8122618503277,136.2250419143423,22.0,126.5,129.0
image_3145.jpg,578,720,0.8027777777777778,35.328529892349096,121.1833453479431,177.4799788542868,29.0,123.0,184.0
image_7323.jpg,480,720,0.6666666666666666,44.86972222222222,49.71353877314815,146.07738136574073,30.0,44.0,153.0
image_8010.jpg,474,437,1.0846681922196797,101.76494897121725,60.98034160801012,158.70756210835287,140.0,60.0,182.0
image_47.jpg,362,240,1.5083333333333333,131.02334254143648,157.4030962246777,192.06042817679557,130.0,144.0,198.0
image_9468.jpg,479,720,0.6652777777777777,46.686673625608904,97.59373405242403,136.61760902342843,36.0,84.0,130.0
image_1034.jpg,1280,720,1.7777777777777777,65.48459092881944,67.65621853298612,125.87379014756945,36.0,52.0,140.0
image_6983.jpg,450,300,1.5,67.37454814814815,115.37051851851852,139.8445925925926,60.0,109.0,145.0
image_7445.jpg,300,168,1.7857142857142858,152.26065476190476,27.83625,159.51799603174604,175.0,17.0,206.0
image_8776.jpg,300,199,1.5075376884422111,48.802680067001674,137.9652596314908,127.58373534338358,22.0,153.0,127.0
image_3623.jpg,300,300,1.0,158.39584444444444,138.60136666666668,193.40326666666667,247.0,161.0,196.0
image_4158.jpg,400,267,1.4981273408239701,68.49974719101124,107.79326779026218,68.11893258426966,63.0,95.0,43.0
image_3637.jpg,236,295,0.8,29.86674806090204,58.55712438954323,166.41696351623096,22.0,53.0,190.0
image_2529.jpg,480,270,1.7777777777777777,130.5389660493827,74.21486882716049,148.20795524691357,136.0,37.0,148.0
image_5246.jpg,600,301,1.9933554817275747,144.48735880398672,66.79792912513842,176.11735326688816,146.0,41.0,198.0
image_6997.jpg,960,720,1.3333333333333333,95.61084780092592,52.20168981481481,177.55738425925927,63.0,20.0,188.0
image_8762.jpg,355,210,1.6904761904761905,98.13745137491617,99.02639839034205,115.26387659289068,116.0,97.0,109.0
image_7337.jpg,461,350,1.3171428571428572,82.31848775952898,64.75814688565231,123.67894638983576,18.0,52.0,133.0
image_53.jpg,80,80,1.0,0.0,0.0,214.609375,0.0,0.0,255.0
image_8004.jpg,348,480,0.725,54.45202346743295,124.66246408045977,149.58984075670497,17.0,115.0,149.0
image_1746.jpg,525,350,1.5,78.55728979591836,114.6377469387755,167.64415782312926,51.0,111.0,185.0
image_6029.jpg,474,250,1.896,20.81491139240506,210.97610970464135,81.5566582278481,19.0,220.0,73.0
image_5520.jpg,236,235,1.004255319148936,83.90113595384061,81.84311215290299,189.72751532636133,28.0,46.0,197.0
image_3151.jpg,366,275,1.3309090909090908,55.82036761053155,49.53345255837059,143.21715846994536,31.0,26.0,160.0
image_9332.jpg,300,186,1.6129032258064515,112.97376344086021,124.73154121863799,46.85320788530466,157.0,102.0,20.0
image_5508.jpg,225,300,0.75,75.58497777777778,68.91805925925927,135.58653333333334,39.0,53.0,148.0
image_2267.jpg,720,720,1.0,78.2129648919753,25.530625,185.28603780864196,29.0,6.0,215.0
image_3179.jpg,640,427,1.4988290398126465,74.40347994730679,26.90807230679157,128.33330649882905,42.0,12.0,148.0
image_4616.jpg,480,480,1.0,92.82785590277778,84.68177083333333,150.6369574652778,99.0,67.0,159.0
image_4170.jpg,1024,682,1.501466275659824,23.988997204912025,95.33315529921188,191.4621646467192,14.0,88.0,202.0
image_2501.jpg,515,720,0.7152777777777778,59.130698489751886,107.15805285868393,118.1248220064725,54.0,110.0,113.0
image_9454.jpg,640,373,1.7158176943699732,66.68107825067024,43.69624245978552,212.00068699731904,0.0,0.0,255.0
image_8992.jpg,720,720,1.0,70.05776041666667,45.2645987654321,210.6298321759259,8.0,34.0,209.0
image_1008.jpg,450,720,0.625,39.62007098765432,115.6574475308642,104.25207407407407,20.0,99.0,111.0
image_7479.jpg,474,286,1.6573426573426573,45.16866572246319,162.42331297394588,145.79474639284766,44.0,176.0,142.0
image_9440.jpg,236,277,0.851985559566787,205.41913969283485,105.10634522425504,179.00428317934285,241.0,85.0,183.0
image_6773.jpg,288,288,1.0,95.17493730709876,49.847439236111114,181.53524064429013,45.0,24.0,188.0
image_8986.jpg,1280,635,2.015748031496063,25.725478592519686,101.93649975393701,146.02351131889765,20.0,98.0,154.0
image_4164.jpg,250,250,1.0,117.739488,52.005936,135.5792,150.0,24.0,114.0
image_2515.jpg,489,500,0.978,40.947844580777094,61.29534969325153,140.3874355828221,30.0,31.0,142.0
image_2273.jpg,1074,720,1.4916666666666667,48.58265570039313,60.16437771570453,190.14307366025244,21.0,52.0,195.0
image_4602.jpg,500,334,1.4970059880239521,100.70402395209581,43.42528143712575,219.495125748503,146.0,17.0,232.0
image_9871.jpg,900,396,2.272727272727273,105.6341189674523,85.7434090909091,126.45672558922558,140.0,63.0,129.0
image_2924.jpg,264,264,1.0,33.64893250688705,11.678374655647383,220.95441632231405,40.0,2.0,230.0
image_5093.jpg,735,551,1.3339382940108893,18.57947825228095,5.940345938738472,221.809960862748,0.0,0.0,255.0
image_658.jpg,474,316,1.5,0.6323973188057469,0.0963587566095177,235.33028227314,0.0,0.0,255.0
image_880.jpg,480,360,1.3333333333333333,96.75629050925926,133.00590277777778,151.5083449074074,151.0,131.0,149.0
image_3384.jpg,260,195,1.3333333333333333,50.452603550295855,16.46084812623274,149.61824457593687,42.0,14.0,152.0
image_1587.jpg,310,226,1.3716814159292035,33.08334284898658,35.608464173565515,75.29023693976592,28.0,19.0,57.0
image_5939.jpg,345,407,0.8476658476658476,28.620546237937543,113.81133782003347,124.70082256169212,22.0,117.0,129.0
image_894.jpg,381,254,1.5,149.85268770537542,100.29423192179718,54.8510860355054,163.0,80.0,45.0
image_3390.jpg,800,533,1.5009380863039399,121.44993198874296,78.13504924953095,100.48549718574108,142.0,43.0,95.0
image_4399.jpg,550,412,1.3349514563106797,43.22214474845543,109.30855692850838,135.60360988526037,42.0,106.0,137.0
image_2930.jpg,522,720,0.725,38.38892081736909,49.15195561941252,145.92906023839933,29.0,37.0,149.0
image_5087.jpg,80,80,1.0,0.0,0.0,214.609375,0.0,0.0,255.0
image_7848.jpg,400,300,1.3333333333333333,111.50766666666667,59.77605833333333,126.152125,135.0,38.0,131.0
image_7690.jpg,250,250,1.0,26.719856,103.472752,198.7972,21.0,70.0,221.0
image_9865.jpg,236,314,0.7515923566878981,90.04028122638454,76.71390208355824,148.95372719421354,71.0,50.0,157.0
image_2918.jpg,500,333,1.5015015015015014,92.82262462462462,122.16915315315315,141.08244444444443,137.0,116.0,146.0
image_102.jpg,290,281,1.0320284697508897,78.11708185053381,10.839428150693337,213.7160265063198,0.0,0.0,245.0
image_7860.jpg,735,720,1.0208333333333333,87.64228269085412,84.3906141345427,133.56413454270597,50.0,90.0,160.0
image_9695.jpg,250,250,1.0,62.508592,89.180208,164.963312,24.0,86.0,186.0
image_5911.jpg,509,720,0.7069444444444445,27.404936149312377,79.52304354944336,188.84329022047586,22.0,74.0,227.0
image_670.jpg,699,268,2.6082089552238807,83.45000320286977,91.29179745051566,95.92232506992933,63.0,77.0,85.0
image_5905.jpg,1152,720,1.6,79.472452498071,123.6134994695216,168.26914424189815,50.0,104.0,198.0
image_7874.jpg,700,350,2.0,72.98890204081633,68.0458081632653,121.91799591836735,24.0,43.0,126.0
image_9681.jpg,236,305,0.7737704918032787,61.95640455682134,61.92046401778272,112.66372603500973,44.0,52.0,106.0
image_9859.jpg,639,423,1.5106382978723405,110.32471688550002,70.58195984417141,164.6732557150098,139.0,28.0,167.0
image_116.jpg,450,498,0.9036144578313253,39.929477911646586,98.33332887103971,171.19768406961177,28.0,69.0,176.0
image_5050.jpg,474,315,1.5047619047619047,74.714064697609,29.746192485432992,161.06778514500033,41.0,24.0,169.0
image_3421.jpg,500,333,1.5015015015015014,33.62777777777778,119.6913033033033,144.957981981982,23.0,125.0,145.0
image_8574.jpg,236,156,1.5128205128205128,25.397843328987395,95.05228704910908,205.31100608431117,26.0,82.0,207.0
image_7647.jpg,450,300,1.5,129.09785925925925,85.78723703703703,147.1668740740741,156.0,58.0,146.0
image_1236.jpg,1082,720,1.5027777777777778,123.92164972273568,78.7126938283015,138.42153162867118,141.0,55.0,139.0
image_6559.jpg,1080,720,1.5,136.44204603909466,46.15204218106996,129.29086805555556,144.0,33.0,149.0
image_1550.jpg,600,400,1.5,53.502658333333336,66.21695833333334,157.30937916666667,21.0,50.0,173.0
image_8212.jpg,350,240,1.4583333333333333,107.49860714285714,78.2327619047619,157.64163095238095,131.0,58.0,157.0
image_7121.jpg,240,320,0.75,89.23412760416667,26.962486979166666,186.87614583333334,33.0,30.0,203.0
image_4428.jpg,399,265,1.5056603773584907,114.24040289402753,89.30216106303494,92.13120537192037,147.0,86.0,90.0
image_843.jpg,450,299,1.5050167224080269,58.0838944630249,157.99905611296916,177.96066146413972,12.0,169.0,192.0
image_3347.jpg,480,320,1.5,33.063274739583335,56.02236328125,196.02706380208335,24.0,45.0,211.0
image_2059.jpg,245,160,1.53125,29.749081632653063,173.5985969387755,156.56448979591838,25.0,197.0,154.0
image_5736.jpg,480,360,1.3333333333333333,54.02042824074074,51.87939236111111,112.86375,21.0,30.0,130.0
image_857.jpg,450,450,1.0,28.8767012345679,40.37115061728395,236.32293333333334,0.0,0.0,255.0
image_3353.jpg,225,225,1.0,34.7104,24.169461728395063,185.14502716049384,20.0,14.0,179.0
image_5722.jpg,360,254,1.4173228346456692,38.96881014873141,150.45419947506562,154.9111220472441,31.0,172.0,151.0
image_9118.jpg,320,320,1.0,94.792802734375,82.324814453125,111.15990234375,54.0,54.0,103.0
image_1544.jpg,720,720,1.0,26.514336419753086,212.56940200617285,157.22033950617285,19.0,240.0,172.0
image_8206.jpg,400,300,1.3333333333333333,53.565083333333334,207.700425,122.73180833333333,51.0,229.0,127.0
image_7135.jpg,400,246,1.6260162601626016,125.7182825203252,90.84482723577236,96.77490853658537,205.0,91.0,88.0
image_8560.jpg,800,450,1.7777777777777777,27.49356111111111,70.85912777777777,153.99221666666668,25.0,59.0,169.0
image_7653.jpg,500,333,1.5015015015015014,30.728666666666665,123.64229429429429,100.24112912912913,25.0,130.0,88.0
image_1222.jpg,640,480,1.3333333333333333,68.883525390625,43.18057942708333,191.03098307291665,50.0,10.0,219.0
image_5044.jpg,700,700,1.0,37.82607346938776,154.10229387755103,177.47860408163265,28.0,162.0,192.0
image_8548.jpg,112,118,0.9491525423728814,53.15398002421308,164.20051452784503,230.08709140435835,49.0,189.0,229.0
image_6565.jpg,321,240,1.3375,8.208411214953271,5.8154595015576325,212.9718587746625,0.0,0.0,255.0
image_9656.jpg,900,600,1.5,71.99422962962963,62.24297222222222,98.71054074074074,21.0,49.0,87.0
image_2703.jpg,1200,700,1.7142857142857142,21.27344880952381,119.75710595238095,127.88632738095238,18.0,124.0,125.0
image_4372.jpg,320,320,1.0,98.373359375,122.593701171875,185.507451171875,150.0,95.0,195.0
image_4414.jpg,736,585,1.258119658119658,49.92057785209959,121.56233742103308,171.91622770345597,13.0,124.0,172.0
image_2065.jpg,1080,720,1.5,121.4024537037037,158.19653420781893,187.92326131687244,141.0,149.0,217.0
image_9130.jpg,233,240,0.9708333333333333,42.32648426323319,85.05470314735337,174.3751251788269,27.0,77.0,188.0
image_9124.jpg,1000,567,1.763668430335097,82.36927160493828,71.84923985890653,110.31938447971781,30.0,46.0,107.0
image_1578.jpg,300,300,1.0,55.746233333333336,57.851533333333336,172.89237777777777,50.0,50.0,204.0
image_7109.jpg,400,225,1.7777777777777777,88.64102222222222,57.335,114.5796888888889,51.0,53.0,115.0
image_4400.jpg,134,180,0.7444444444444445,137.62421227197348,77.64365671641791,169.49796849087895,152.0,65.0,188.0
image_5078.jpg,720,720,1.0,50.12299575617284,11.480920138888889,215.81105324074073,42.0,3.0,232.0
image_2717.jpg,550,413,1.3317191283292977,29.109738058551617,158.6887387189082,149.43378384327536,16.0,186.0,148.0
image_4366.jpg,236,335,0.7044776119402985,24.971338224133568,60.764002023779405,223.08711105489502,0.0,0.0,255.0
image_6571.jpg,255,169,1.5088757396449703,48.27353521290173,156.03132613992344,121.10295857988166,21.0,144.0,115.0
image_9642.jpg,450,300,1.5,29.692037037037036,134.47797777777777,174.4313111111111,21.0,132.0,198.0
image_5745.jpg,414,450,0.92,119.14061191626409,154.67959205582395,187.5872463768116,142.0,128.0,205.0
image_3334.jpg,500,380,1.3157894736842106,89.70088947368421,132.0013842105263,162.9588052631579,67.0,145.0,163.0
image_7152.jpg,236,324,0.7283950617283951,136.3996782799749,44.8350988700565,139.90748587570621,200.0,14.0,159.0
image_1523.jpg,1080,720,1.5,81.89301183127571,44.293252314814815,148.5426350308642,29.0,19.0,170.0
image_9619.jpg,405,720,0.5625,26.814125514403294,162.6156550068587,97.92463305898491,16.0,175.0,68.0
image_8507.jpg,400,277,1.444043321299639,143.84885379061373,23.918059566787004,169.87901624548738,151.0,14.0,177.0
image_7634.jpg,275,183,1.5027322404371584,85.27843020367611,41.06781917536016,162.4307600596125,116.0,30.0,160.0
image_3452.jpg,740,551,1.3430127041742286,41.292132241134055,63.42938392112621,112.69141364595085,0.0,0.0,107.0
image_2994.jpg,500,333,1.5015015015015014,114.0290930930931,76.7885885885886,91.45499099099099,162.0,65.0,66.0
image_5023.jpg,880,495,1.7777777777777777,94.20349862258954,82.70296831955923,96.42094811753903,104.0,50.0,72.0
image_4329.jpg,226,160,1.4125,21.878761061946904,45.65326327433628,244.46761615044247,15.0,3.0,255.0
image_2980.jpg,328,410,0.8,151.8845553242118,52.47856186793575,182.00251338488994,145.0,52.0,221.0
image_5037.jpg,236,314,0.7515923566878981,51.95518460541941,107.22986613408183,97.72830076649034,39.0,96.0,78.0
image_2758.jpg,325,244,1.3319672131147542,49.55535939470366,41.24773013871375,116.84300126103405,35.0,31.0,117.0
image_1251.jpg,294,294,1.0,34.41960525706882,45.022687306215005,199.5607732889074,34.0,43.0,209.0
image_8513.jpg,391,129,3.0310077519379846,76.08291203235592,103.13957453557762,157.44511191736552,72.0,106.0,158.0
image_7620.jpg,694,463,1.4989200863930885,56.05129745239977,100.32573866713142,116.75230142971847,42.0,100.0,100.0
image_8275.jpg,300,300,1.0,96.4929,140.0110222222222,157.2163888888889,118.0,172.0,126.0
image_7146.jpg,780,514,1.517509727626459,25.827668861618278,7.835752768632146,206.32759403372245,0.0,0.0,255.0
image_6258.jpg,197,240,0.8208333333333333,81.54722927241963,101.48561759729273,144.14342216582065,74.0,96.0,141.0
image_1537.jpg,450,381,1.1811023622047243,74.6375678040245,56.353082531350246,235.74211140274133,92.0,12.0,244.0
image_5751.jpg,230,345,0.6666666666666666,110.69320730938878,18.859584120982987,198.68127284183996,170.0,7.0,202.0
image_824.jpg,480,720,0.6666666666666666,70.93471064814815,107.65997395833334,183.76301215277778,27.0,112.0,195.0
image_5989.jpg,299,169,1.7692307692307692,42.600779719380185,108.69618649937662,184.73922938394253,23.0,118.0,215.0
image_3320.jpg,440,266,1.6541353383458646,78.97787935748462,136.51525974025975,167.51676349965823,42.0,130.0,191.0
image_6270.jpg,300,300,1.0,104.50425555555556,35.95648888888889,170.92764444444444,39.0,31.0,177.0
image_9143.jpg,581,720,0.8069444444444445,73.56794320137693,23.44332090265825,104.89836010709504,60.0,16.0,96.0
image_2016.jpg,450,300,1.5,39.52220740740741,202.9989185185185,54.47882222222222,15.0,252.0,21.0
image_3308.jpg,480,320,1.5,54.669759114583336,45.551419270833335,191.90628255208333,22.0,37.0,190.0
image_4301.jpg,400,267,1.4981273408239701,97.85341760299626,95.78294943820225,141.9745786516854,82.0,72.0,160.0
image_2770.jpg,300,248,1.2096774193548387,52.39760752688172,126.1405376344086,148.3797311827957,34.0,121.0,146.0
image_1279.jpg,10,10,1.0,0.0,0.0,255.0,0.0,0.0,255.0
image_6516.jpg,240,160,1.5,72.25565104166667,93.080078125,194.05708333333334,33.0,78.0,213.0
image_9625.jpg,236,196,1.2040816326530612,140.17867952265652,88.16413005880318,134.83388101003112,140.0,90.0,128.0
image_7608.jpg,346,519,0.6666666666666666,148.22912559724682,125.31981244500874,213.1105449563968,152.0,126.0,244.0
image_6502.jpg,300,500,0.6,48.14986666666667,13.816253333333334,233.56843333333333,0.0,0.0,255.0
image_4315.jpg,540,720,0.75,23.929475308641976,75.31890432098766,144.01022119341565,21.0,58.0,150.0
image_2764.jpg,236,212,1.1132075471698113,104.10773105212664,18.500999360409338,175.1538215542053,142.0,16.0,173.0
image_2002.jpg,554,720,0.7694444444444445,16.862093862815886,37.121750902527076,228.35939630966706,0.0,0.0,255.0
image_4473.jpg,236,353,0.6685552407932012,26.439369568348777,127.11844000576176,153.3503625102031,22.0,126.0,147.0
image_818.jpg,300,450,0.6666666666666666,101.10597037037037,93.50714074074074,133.78728148148147,63.0,88.0,123.0
image_8249.jpg,80,80,1.0,0.0,0.0,214.609375,0.0,0.0,255.0
image_6264.jpg,530,354,1.497175141242938,173.55030380556443,158.50137511992324,128.00650250506342,171.0,174.0,116.0
image_9157.jpg,236,236,1.0,78.04939313415686,50.909598534903765,212.9768026429187,28.0,34.0,228.0
image_7191.jpg,234,300,0.78,0.0,0.0,135.17915954415955,0.0,0.0,138.0
image_5786.jpg,236,236,1.0,38.24068155702384,111.11031312841138,148.54476084458489,17.0,110.0,149.0
image_3491.jpg,576,720,0.8,138.27155430169753,110.06453510802469,108.38513213734568,157.0,106.0,105.5
image_9816.jpg,340,270,1.2592592592592593,127.85453159041394,46.65798474945534,154.79720043572985,123.0,41.0,156.0
image_1292.jpg,191,299,0.6387959866220736,131.65826752350767,115.23187238438776,179.4930571363533,198.0,123.0,179.0
image_159.jpg,113,170,0.6647058823529411,20.735190005205624,138.31379489849036,107.72587194169704,14.0,130.0,91.0
image_3485.jpg,320,320,1.0,15.951015625,140.924384765625,144.424609375,14.0,175.0,131.0
image_2943.jpg,169,225,0.7511111111111111,63.81201840894148,67.46742932281394,169.31626561472714,39.0,58.0,162.0
image_5792.jpg,800,523,1.5296367112810707,65.84058317399618,52.45473709369025,168.55098470363288,18.0,28.0,181.0
image_7185.jpg,477,720,0.6625,78.68520847891917,104.92221057535522,174.41546412764967,33.0,79.0,180.0
image_617.jpg,300,300,1.0,73.23503333333333,47.48374444444445,169.8286,28.0,12.0,174.0
image_9180.jpg,340,270,1.2592592592592593,143.09996732026144,83.77066448801743,226.04434640522877,124.0,72.0,236.0
image_165.jpg,321,410,0.7829268292682927,94.60082060633691,13.064926677304156,218.16270800091178,26.0,5.0,233.0
image_5976.jpg,400,300,1.3333333333333333,36.95413333333333,92.34244166666667,137.33696666666665,33.0,83.0,116.0
image_3888.jpg,480,720,0.6666666666666666,55.68497974537037,100.03888310185185,140.004609375,28.0,101.0,146.0
image_3650.jpg,474,295,1.6067796610169491,0.0,0.0,140.89185439462204,0.0,0.0,142.0
image_8705.jpg,1080,720,1.5,66.14298482510289,27.900288065843622,116.29957561728395,30.0,22.0,133.0
image_6728.jpg,80,80,1.0,0.0,0.0,214.609375,0.0,0.0,255.0
image_1721.jpg,440,280,1.5714285714285714,141.95646103896104,125.03800324675325,100.49223214285715,143.0,127.0,75.0
image_7350.jpg,200,200,1.0,88.0947,13.843075,212.598275,70.0,6.0,212.0
image_34.jpg,500,375,1.3333333333333333,74.484576,105.358736,112.19639466666666,81.0,117.0,110.0
image_8063.jpg,480,300,1.6,43.78932638888889,138.0157638888889,151.5860625,10.0,144.0,168.0
image_3136.jpg,860,387,2.2222222222222223,80.63652124271378,87.9635809146085,136.88689982573163,28.0,85.0,145.0
image_5547.jpg,1088,720,1.511111111111111,100.1838924632353,72.72057929942811,163.5506063623366,142.0,65.0,174.0
image_2228.jpg,615,410,1.5,106.57746579417014,33.982316081697405,173.88299028356138,127.0,22.0,198.0
image_4881.jpg,450,300,1.5,127.73642222222222,218.37694814814816,194.69417037037036,128.0,241.0,217.0
image_3122.jpg,230,230,1.0,206.7081852551985,61.3540831758034,204.18253308128544,237.0,65.0,223.0
image_4895.jpg,540,720,0.75,99.23871656378601,23.452602880658436,218.79822016460906,131.0,14.0,227.0
image_9369.jpg,1080,720,1.5,22.605974794238684,73.08107124485596,120.77962577160494,19.0,67.0,109.0
image_8077.jpg,200,200,1.0,127.379525,43.032675,160.655075,150.0,41.0,163.0
image_20.jpg,340,270,1.2592592592592593,16.20011982570806,99.42179738562092,173.5425816993464,18.0,80.0,185.0
image_7422.jpg,498,280,1.7785714285714285,68.31848106712565,61.33072289156627,215.3633964429145,28.0,13.0,238.0
image_8711.jpg,383,383,1.0,25.383000770337244,128.53274615001806,105.05634369311946,15.0,137.0,108.0
image_1053.jpg,800,534,1.4981273408239701,76.05025280898876,69.47487125468164,84.79061095505618,64.0,65.0,84.0
image_5235.jpg,450,300,1.5,134.70197777777778,91.28102962962963,154.80517037037038,152.0,35.0,173.0
image_398.jpg,701,394,1.7791878172588833,39.83373281099517,75.1296335184689,204.44598362020898,29.0,62.0,235.0
image_3644.jpg,300,300,1.0,55.94144444444444,14.610666666666667,193.18702222222223,42.0,5.0,215.0
image_8739.jpg,236,221,1.0678733031674208,58.82283917478334,103.55339749980827,102.51409233836951,24.0,85.0,97.0
image_9427.jpg,200,200,1.0,95.301625,70.47175,98.1347,42.0,42.0,71.0
image_6714.jpg,80,80,1.0,0.0,0.0,214.609375,0.0,0.0,255.0
image_2572.jpg,620,372,1.6666666666666667,45.828498959417274,134.16051422129726,43.87842525147416,35.0,127.0,33.0
image_4103.jpg,550,363,1.5151515151515151,125.1717505634861,87.23053343350864,172.46436263461058,146.0,94.0,188.0
image_2214.jpg,238,250,0.952,129.81961344537814,131.82089075630253,186.15339495798318,127.0,191.0,167.0
image_9341.jpg,261,240,1.0875,36.13492975734355,36.76526181353768,236.88505747126436,0.0,0.0,255.0
image_6072.jpg,300,300,1.0,87.80677777777778,103.16946666666666,205.1738,64.0,52.0,248.0
image_1709.jpg,240,160,1.5,78.5321875,37.51453125,231.62697916666667,25.0,25.0,241.0
image_9355.jpg,1001,720,1.3902777777777777,56.49853618603618,74.21867715617715,207.37136613386613,25.0,17.0,228.0
image_6066.jpg,600,399,1.5037593984962405,30.789381787802842,59.081908939014205,230.53450292397662,17.0,37.0,235.0
image_7378.jpg,540,720,0.75,94.51201903292181,73.91567901234568,157.40730709876544,59.0,68.0,147.0
image_4671.jpg,300,300,1.0,69.53755555555556,68.74173333333333,213.28964444444443,28.0,10.0,225.0
image_2200.jpg,500,617,0.8103727714748784,45.833157212317666,14.748612641815235,103.01590923824959,42.0,9.0,103.0
image_2566.jpg,474,267,1.7752808988764044,68.04119850187266,80.69240980420045,122.73476982885317,36.0,79.0,151.0
image_5209.jpg,236,354,0.6666666666666666,81.96453365891027,37.65138130805324,193.13117638609594,47.0,33.0,203.0
image_3678.jpg,970,647,1.499227202472952,71.22416864513457,53.719010819165376,162.27708695167226,53.0,13.0,154.0
image_9433.jpg,638,359,1.777158774373259,42.39239964722627,106.18325896560457,54.6254049475642,10.0,95.0,44.0
image_6700.jpg,80,80,1.0,0.0,0.0,214.609375,0.0,0.0,255.0
image_6933.jpg,300,300,1.0,76.07142222222222,36.716877777777775,148.01647777777777,31.0,31.0,171.0
image_3693.jpg,404,550,0.7345454545454545,122.94534653465347,65.31135913591359,173.40143564356435,149.0,61.0,176.0
image_5584.jpg,616,410,1.502439024390244,137.73736141906875,87.35576496674058,144.79856271777004,153.0,104.0,169.0
image_4842.jpg,427,285,1.4982456140350877,111.57160935124698,48.02251530465508,123.66694605365873,149.0,34.0,123.0
image_7393.jpg,80,80,1.0,0.0,0.0,214.609375,0.0,0.0,255.0
image_5590.jpg,480,720,0.6666666666666666,136.21947337962962,76.93523726851852,193.0440451388889,164.0,34.0,217.0
image_4856.jpg,300,225,1.3333333333333333,86.91705185185185,96.98368888888889,128.38785185185185,65.0,108.0,117.0
image_3687.jpg,1280,720,1.7777777777777777,78.73333550347222,65.331083984375,192.65478407118056,66.0,35.0,221.0
image_2599.jpg,1000,417,2.3980815347721824,89.4037793764988,80.8706690647482,106.55970023980815,70.0,65.0,95.0
image_1090.jpg,170,170,1.0,78.01425605536332,106.83467128027682,126.73117647058824,47.0,101.0,122.0
image_6927.jpg,340,270,1.2592592592592593,143.39807189542483,83.33001089324618,143.44813725490195,146.0,79.0,155.0
image_373.jpg,450,298,1.5100671140939597,115.4044966442953,66.37038777032066,143.40865026099925,142.0,24.0,141.0
image_8922.jpg,346,259,1.335907335907336,62.58188452697123,131.80484076148815,145.0913361751512,47.0,120.0,147.0
image_1906.jpg,506,337,1.5014836795252227,90.60884226082266,83.26852840102744,132.39268833347018,122.0,79.0,139.0
image_9382.jpg,430,260,1.6538461538461537,34.61462432915921,120.2398121645796,146.87062611806797,24.0,128.0,151.0
image_415.jpg,646,470,1.374468085106383,44.86450826691259,105.76269679204269,140.86719913049205,15.0,112.0,137.0
image_1912.jpg,295,295,1.0,134.85043378339557,44.23320884803218,229.37354783108302,146.0,12.0,236.0
image_8088.jpg,460,259,1.776061776061776,94.36106261541045,121.10475910693302,135.60339096860835,70.0,115.0,143.0
image_9396.jpg,243,400,0.6075,34.027829218106994,38.63780864197531,193.98349794238683,15.0,30.0,204.0
image_8936.jpg,480,720,0.6666666666666666,93.8454542824074,47.388515625,216.0604976851852,106.0,7.0,240.0
image_367.jpg,500,375,1.3333333333333333,124.68515733333334,78.53684266666667,153.52050666666668,146.0,64.0,154.0
image_3863.jpg,320,239,1.3389121338912133,102.42907949790795,182.71773012552302,131.92863493723848,21.0,211.0,127.0
image_5355.jpg,600,394,1.5228426395939085,138.2595981387479,72.43505499153976,165.19168358714043,143.0,44.0,207.0
image_1133.jpg,720,480,1.5,53.696293402777776,83.1431105324074,193.36091435185185,34.0,42.0,202.0
image_7542.jpg,800,534,1.4981273408239701,57.07866104868914,35.32492041198502,212.12173923220973,22.0,7.0,228.0
image_8671.jpg,480,720,0.6666666666666666,102.99701099537037,57.557803819444445,151.41494212962962,146.0,39.0,158.0
image_6884.jpg,350,350,1.0,61.678008163265304,90.58485714285715,187.17420408163267,21.0,93.0,209.0
image_7224.jpg,700,525,1.3333333333333333,32.3117306122449,37.839921088435375,176.26965714285714,0.0,0.0,255.0
image_8117.jpg,214,170,1.2588235294117647,50.99947773501924,44.340984057174275,141.07715777899946,28.0,31.0,134.0
image_9209.jpg,240,240,1.0,31.233506944444443,66.77151041666667,161.91293402777777,19.0,26.0,171.0
image_1655.jpg,225,225,1.0,96.22064197530864,55.03924938271605,227.04533333333333,126.0,44.0,238.0
image_5433.jpg,200,266,0.7518796992481203,125.63152255639098,60.476748120300755,137.92716165413535,139.0,49.0,131.0
image_3042.jpg,542,720,0.7527777777777778,52.221286900369,97.76860393603936,229.10739801148011,23.0,100.0,244.0
image_2348.jpg,480,360,1.3333333333333333,22.374537037037037,62.86960069444444,46.80804398148148,11.0,42.0,32.0
image_5427.jpg,340,270,1.2592592592592593,101.53955337690631,78.64447712418301,200.7933769063181,38.0,47.0,219.0
image_4739.jpg,440,264,1.6666666666666667,103.50340048209367,125.5575585399449,168.95079201101927,146.0,141.0,185.0
image_7230.jpg,236,353,0.6685552407932012,33.672972583665434,151.45537043261152,174.97057905603305,19.0,156.0,184.0
image_1899.jpg,500,500,1.0,14.911188,76.990856,203.971816,12.0,57.0,221.0
image_8103.jpg,596,720,0.8277777777777777,38.77893596196868,31.93087015287099,186.71362322893364,28.0,20.0,229.0
image_1641.jpg,586,442,1.3257918552036199,71.54966179173165,67.73220931848718,190.9810819575927,62.0,40.0,209.0
image_1127.jpg,300,450,0.6666666666666666,94.73347407407407,82.57285925925926,89.53585185185185,71.0,69.0,67.0
image_7556.jpg,600,400,1.5,100.6684,54.83625416666667,159.0008125,112.0,55.0,183.0
image_8665.jpg,220,147,1.4965986394557824,193.13370439084724,149.82792207792207,106.41190476190476,240.0,175.0,67.0
image_6890.jpg,340,270,1.2592592592592593,46.23083877995643,56.651230936819175,176.25671023965143,23.0,36.0,180.0
image_3730.jpg,450,300,1.5,85.18819259259259,134.48585185185186,154.1527851851852,73.0,154.0,150.0
image_5341.jpg,465,720,0.6458333333333334,40.33206989247312,79.39536738351255,182.34862903225806,22.0,61.0,202.0
image_9553.jpg,600,400,1.5,114.56946666666667,109.895125,158.0092625,132.0,110.0,164.0
image_6660.jpg,236,177,1.3333333333333333,130.36455041654696,28.115914966963516,200.75830699990425,155.0,2.0,233.0
image_3718.jpg,400,267,1.4981273408239701,98.65347378277154,87.19554307116105,127.09143258426967,80.0,84.0,121.0
image_4077.jpg,700,467,1.4989293361884368,24.583811563169164,11.758439889874579,220.46806362802081,0.0,0.0,255.0
image_5369.jpg,1000,563,1.7761989342806395,70.23964653641208,103.70659502664299,94.948513321492,26.0,102.0,71.0
image_2406.jpg,551,310,1.7774193548387096,155.84878519992975,112.93039049235993,202.44662490486505,182.0,87.0,221.0
image_7218.jpg,236,224,1.0535714285714286,46.36293129539951,109.85230024213075,136.29085956416466,30.0,100.0,124.0
image_9235.jpg,500,333,1.5015015015015014,68.33328528528529,56.112498498498496,176.20604204204204,49.0,26.0,182.0
image_9221.jpg,545,720,0.7569444444444444,57.37524209989806,11.21065494393476,194.12619520897044,49.0,6.0,198.0
image_6112.jpg,500,500,1.0,65.13122,50.074664,176.787472,2.0,9.0,196.0
image_2374.jpg,633,475,1.3326315789473684,44.94806684958843,146.19992350544607,212.85103517086554,20.0,164.0,220.0
image_4705.jpg,600,600,1.0,75.870175,100.75164444444444,105.6521638888889,74.0,86.0,104.0
image_4063.jpg,960,720,1.3333333333333333,90.41139033564815,60.97087818287037,150.71645833333332,106.0,37.0,156.0
image_2412.jpg,220,165,1.3333333333333333,125.94617079889807,113.58567493112947,157.64184573002754,104.0,111.0,160.0
image_8881.jpg,238,250,0.952,103.2729243697479,127.74870588235294,217.21621848739497,133.0,67.0,244.0
image_9547.jpg,409,600,0.6816666666666666,18.120611246943767,208.85913202933986,156.74674409127954,16.0,223.0,161.0
image_6847.jpg,450,300,1.5,43.20681481481481,75.08633333333333,196.25097037037037,18.0,55.0,209.0
image_5396.jpg,280,180,1.5555555555555556,131.66950396825396,101.87301587301587,137.6721626984127,148.0,92.0,124.0
image_4088.jpg,360,240,1.5,92.68663194444444,104.60583333333334,204.646875,126.0,116.0,199.0
image_3081.jpg,480,360,1.3333333333333333,99.46171875,117.96890046296296,107.3340625,133.0,64.0,126.0
image_4936.jpg,300,200,1.5,48.31628333333333,78.96826666666666,153.9409,28.0,75.0,161.0
image_1682.jpg,247,204,1.2107843137254901,66.9222830832738,50.96491228070175,143.79330396126062,23.0,46.0,124.0
image_3095.jpg,471,471,1.0,55.47278906964898,81.4568948030346,192.12751024382328,23.0,53.0,232.0
image_4922.jpg,450,450,1.0,150.12231111111112,46.82879506172839,215.9861975308642,151.0,25.0,249.0
image_549.jpg,222,320,0.69375,120.45844594594594,36.00909346846847,226.7521677927928,129.0,31.0,240.0
image_5382.jpg,494,640,0.771875,64.43080086032388,68.98653846153846,121.93932186234818,45.0,45.0,89.0
image_7595.jpg,300,303,0.9900990099009901,30.935665566556654,171.73986798679869,192.9414411441144,21.0,179.0,197.0
image_6853.jpg,680,357,1.9047619047619047,37.826429395287526,110.33118718075465,129.8544447190641,23.0,105.0,149.0
image_207.jpg,200,200,1.0,30.29565,98.567425,137.434575,21.0,106.0,133.0
image_3903.jpg,600,327,1.834862385321101,45.75096839959225,30.27177370030581,190.27726809378186,31.0,18.0,196.0
image_8856.jpg,322,214,1.5046728971962617,193.98612642944215,91.010347129506,103.92579961688048,191.0,84.0,99.0
image_9590.jpg,500,375,1.3333333333333333,129.131504,66.18987733333333,133.672288,155.0,19.0,144.0
image_1872.jpg,334,420,0.7952380952380952,28.095287995437698,38.077487881380094,243.70159680638722,28.0,31.0,251.0
image_561.jpg,480,720,0.6666666666666666,58.936519097222224,51.473570601851854,211.67804976851852,26.0,15.0,238.0
image_575.jpg,360,300,1.2,61.35625925925926,107.92489814814815,171.69576851851852,32.0,88.0,182.0
image_8842.jpg,400,284,1.408450704225352,71.63882042253522,116.77054577464789,60.87558978873239,26.0,111.0,54.0
image_9584.jpg,553,720,0.7680555555555556,134.75997840064295,93.5659508740205,121.65989803094233,192.0,90.0,98.0
image_213.jpg,800,533,1.5009380863039399,69.8740009380863,50.71438320825516,158.1810928705441,50.0,43.0,165.0
image_3917.jpg,540,720,0.75,20.43073816872428,135.92274176954732,163.67455761316873,18.0,123.0,173.0
image_944.jpg,720,720,1.0,86.98722415123457,44.06390432098765,163.45759066358025,42.0,7.0,192.0
image_3240.jpg,340,270,1.2592592592592593,53.780087145969496,88.9592265795207,158.47850762527233,18.0,74.0,165.0
image_5631.jpg,500,234,2.1367521367521367,36.02297435897436,14.64865811965812,150.9368888888889,18.0,12.0,145.0
image_6338.jpg,236,314,0.7515923566878981,39.937938572816584,78.36784788945266,135.5085150599158,24.0,63.0,128.0
image_8315.jpg,340,270,1.2592592592592593,82.01421568627451,48.662363834422656,194.73774509803923,70.0,10.0,222.0
image_8473.jpg,1080,720,1.5,71.5111111111111,120.88909722222222,109.76557613168724,63.0,119.0,99.0
image_7740.jpg,372,295,1.2610169491525425,45.10156734098779,98.30336249316566,106.87831237470384,43.0,91.0,94.0
image_7998.jpg,545,720,0.7569444444444444,186.17192150866464,176.34739296636084,120.60309378185525,193.0,178.0,112.0
image_5157.jpg,240,240,1.0,169.44199652777777,28.2315625,195.29965277777777,178.0,6.0,228.0
image_4249.jpg,456,350,1.302857142857143,65.34465538847118,65.6031328320802,133.23535087719299,47.0,65.0,139.0
image_3526.jpg,180,180,1.0,30.945154320987655,129.34311728395062,233.9338888888889,22.0,161.0,251.0
image_5143.jpg,964,720,1.3388888888888888,126.09384508990318,86.47244409866298,154.86583535039188,164.0,61.0,158.0
image_3532.jpg,1280,720,1.7777777777777777,149.25231119791667,84.53891710069445,160.5995041232639,154.0,93.0,175.0
image_8467.jpg,350,350,1.0,29.79355918367347,56.58770612244898,210.7662612244898,22.0,13.0,242.0
image_1443.jpg,236,299,0.7892976588628763,26.500113372257807,30.47644691344028,214.45178844736694,26.0,9.0,240.0
image_8301.jpg,1000,667,1.4992503748125936,49.69961019490255,102.4411004497751,139.04797751124437,26.0,109.0,146.0
image_7032.jpg,1080,720,1.5,50.65769547325103,131.99485982510288,104.24847093621399,15.0,135.0,85.0
image_3254.jpg,900,675,1.3333333333333333,25.32200658436214,87.69887736625515,129.33008559670782,26.0,53.0,137.0
image_6304.jpg,200,200,1.0,32.34755,14.484025,215.214625,0.0,0.0,255.0
image_9037.jpg,150,150,1.0,36.28115555555556,79.43004444444445,149.1607111111111,17.0,82.0,144.0
image_8329.jpg,401,268,1.4962686567164178,68.94295045967172,46.46241671939554,128.03551754941006,49.0,36.0,128.0
image_4513.jpg,382,382,1.0,64.9103780049889,87.38504289904334,140.3077972095063,19.0,69.0,134.0
image_2162.jpg,340,270,1.2592592592592593,147.47509803921568,54.90877995642702,235.2100871459695,141.0,32.0,244.0
image_2604.jpg,450,300,1.5,104.77920740740741,144.52334074074074,102.39865925925926,86.0,168.0,81.0
image_4275.jpg,236,333,0.7087087087087087,71.1934137527358,69.90587621519825,167.86709166793912,34.0,18.0,192.0
image_9989.jpg,1008,720,1.4,46.13589065255732,62.9683559303351,159.1118041776896,26.0,59.0,163.0
image_6462.jpg,259,194,1.3350515463917525,152.0875691597341,81.85795884249492,51.816602316602314,158.0,64.0,41.0
image_9751.jpg,340,270,1.2592592592592593,62.962712418300654,87.49851851851852,131.7581917211329,23.0,77.0,145.0
image_7768.jpg,236,391,0.6035805626598465,117.45257705145433,90.90595604490875,166.91984914820756,77.0,75.0,177.0
image_6476.jpg,470,720,0.6527777777777778,51.63730791962175,63.045366430260046,193.1418705673759,21.0,55.0,199.0
image_9745.jpg,374,374,1.0,0.0,0.0,150.37175784266066,0.0,0.0,153.0
image_1319.jpg,339,240,1.4125,63.35546951819076,58.848070304818094,242.62503687315635,40.0,2.0,255.0
image_2610.jpg,372,600,0.62,91.44091845878137,100.93277777777777,100.05518369175627,56.0,100.0,94.0
image_4261.jpg,800,533,1.5009380863039399,102.09568245778611,69.36678939962476,99.53777673545966,148.0,39.0,107.0
image_4507.jpg,297,400,0.7425,134.36558922558922,46.05574074074074,189.00499158249158,150.0,31.0,209.0
image_5619.jpg,500,375,1.3333333333333333,82.381808,92.86706133333334,150.54424533333332,62.0,100.0,141.0
image_2176.jpg,450,450,1.0,74.72191604938271,61.25308641975309,178.0827061728395,35.0,59.0,182.0
image_6310.jpg,240,240,1.0,29.209305555555556,47.91786458333333,199.55175347222223,29.0,44.0,222.0
image_9023.jpg,747,498,1.5,67.24533475266529,153.11682069644039,111.5511201432235,52.0,154.0,110.0
image_1494.jpg,590,393,1.5012722646310432,52.20174235563031,132.6441540518394,156.33612800276018,27.0,136.0,183.0
image_987.jpg,366,640,0.571875,28.457530737704918,74.64623463114754,133.31072831284152,20.0,58.0,138.0
image_2823.jpg,600,413,1.4527845036319613,72.25174737691687,63.31669491525424,195.73353914447134,49.0,51.0,223.0
image_5194.jpg,451,577,0.7816291161178509,154.9566916576681,118.90364566320943,152.11722457700392,160.0,111.0,167.0
image_9976.jpg,466,308,1.5129870129870129,14.724994426174684,44.41247004068892,237.03936514129649,9.0,2.0,255.0
image_7783.jpg,236,355,0.6647887323943662,66.15386727142516,77.58601098114109,134.01799952255908,54.0,57.0,127.0
image_6489.jpg,423,317,1.334384858044164,138.07711181212758,104.78170048698271,145.70807884198044,147.0,100.0,150.0
image_7797.jpg,390,220,1.7727272727272727,18.063018648018648,23.72493006993007,59.0252331002331,0.0,0.0,0.0
image_5180.jpg,218,338,0.6449704142011834,72.3712339178112,159.47939851256717,116.17655121871776,31.0,170.0,109.0
image_2189.jpg,240,160,1.5,122.86388020833333,43.044375,205.52005208333333,146.0,9.0,223.0
image_993.jpg,660,373,1.769436997319035,40.074258672516045,122.51126005361931,149.5143675359493,27.0,125.0,160.0
image_1480.jpg,170,170,1.0,20.461833910034603,15.685051903114188,228.29920415224913,0.0,0.0,254.0
image_9792.jpg,374,249,1.502008032128514,32.79574984429697,33.78916736464575,176.51817967055388,26.0,14.0,194.0
image_7967.jpg,301,470,0.6404255319148936,47.650646780236094,63.756188591220756,235.26139110765533,22.0,36.0,252.0
image_7973.jpg,360,240,1.5,61.238368055555554,80.04369212962963,130.63802083333334,28.0,74.0,126.0
image_8498.jpg,600,400,1.5,147.82399166666667,25.382216666666668,214.40744166666667,152.0,21.0,223.0
image_777.jpg,560,380,1.4736842105263157,84.09087406015037,54.00562030075188,174.38931860902255,79.0,35.0,216.0
image_5802.jpg,480,360,1.3333333333333333,151.95556712962963,99.40873842592593,130.72777199074073,178.0,81.0,144.0
image_8499.jpg,225,225,1.0,117.47132839506173,43.4444049382716,176.50595555555554,49.0,21.0,206.0
image_7972.jpg,1081,720,1.5013888888888889,87.35994578065578,145.47042476102374,202.4349277931956,59.0,159.0,214.0
image_9787.jpg,450,300,1.5,54.00194074074074,102.10637777777778,134.6584814814815,17.0,96.0,133.0
image_5803.jpg,783,720,1.0875,71.35228998155243,95.8707144884348,144.69059174116646,22.0,108.0,138.0
image_776.jpg,661,720,0.9180555555555555,53.806749033451,127.12387165910236,197.2502668515717,16.0,121.0,207.0
image_5817.jpg,80,80,1.0,0.0,0.0,214.609375,0.0,0.0,255.0
image_762.jpg,584,720,0.8111111111111111,78.67122574200913,86.25203339041096,91.6039050608828,77.0,69.0,85.0
image_7966.jpg,450,299,1.5050167224080269,79.1575176514307,19.6708955778521,145.67126718691935,42.0,10.0,156.0
image_9793.jpg,1080,720,1.5,143.07752829218106,20.172771347736624,198.9051736111111,158.0,5.0,216.0
image_5181.jpg,700,524,1.3358778625954197,108.60614776444929,31.806368593238822,136.16199836423118,113.0,29.0,137.0
image_2836.jpg,960,720,1.3333333333333333,22.408091724537037,73.33473813657407,142.6055931712963,11.0,56.0,147.0
image_7796.jpg,640,360,1.7777777777777777,131.99561631944445,115.29927517361111,190.92694444444444,139.0,98.0,224.0
image_9963.jpg,857,720,1.1902777777777778,39.01368144690782,146.4878970569169,146.8581226500713,32.0,158.0,151.0
image_6488.jpg,720,720,1.0,24.50911072530864,58.45484375,197.0512712191358,24.0,52.0,216.0
image_1481.jpg,268,160,1.675,50.746875,45.38178638059701,223.41347947761193,13.0,3.0,255.0
image_3296.jpg,600,399,1.5037593984962405,29.099640768588138,78.42487468671679,188.3743984962406,28.0,34.0,190.0
image_992.jpg,1120,720,1.5555555555555556,13.394941716269841,52.83222594246032,224.42649305555557,1.0,2.0,255.0
image_3282.jpg,450,300,1.5,36.83761481481481,12.059244444444445,214.1170962962963,0.0,0.0,255.0
image_1495.jpg,900,510,1.7647058823529411,84.5123202614379,62.477710239651415,165.32963616557734,72.0,55.0,165.0
image_7782.jpg,183,275,0.6654545454545454,37.47636363636364,62.504182811723794,154.72959761549924,29.0,57.0,164.0
image_9977.jpg,186,310,0.6,86.21139438085328,55.470395421436,139.71628511966702,127.0,29.0,128.0
image_5195.jpg,350,350,1.0,22.24905306122449,25.735224489795918,223.5210775510204,0.0,0.0,254.0
image_2822.jpg,720,480,1.5,55.28202256944444,132.2237818287037,188.04229166666667,18.0,133.0,197.0
image_4260.jpg,577,720,0.8013888888888889,111.23303004043905,52.20727662237628,189.51111111111112,150.0,24.0,214.0
image_2611.jpg,200,200,1.0,30.5108,149.0261,98.205425,29.0,146.0,84.0
image_1318.jpg,169,250,0.676,42.957562130177514,78.17817751479289,152.98570414201183,35.0,57.0,153.0
image_9744.jpg,306,204,1.5,26.679177880302447,139.4988626169422,189.0556196334743,10.0,175.0,186.0
image_6477.jpg,495,720,0.6875,21.23521324354658,105.80380471380471,177.4989393939394,16.0,126.0,175.0
image_7769.jpg,600,471,1.2738853503184713,97.15167728237792,170.86690728945507,102.92789808917198,134.0,180.0,96.0
image_9022.jpg,500,374,1.3368983957219251,45.49070588235294,110.60372727272727,154.31390909090908,21.0,114.0,146.0
image_6311.jpg,395,219,1.8036529680365296,69.20927114039651,97.83796312351888,163.7560719033582,25.0,89.0,184.0
image_2177.jpg,455,646,0.7043343653250774,80.92036539312082,38.9112611846358,194.17982512843193,42.0,22.0,208.0
image_5618.jpg,200,200,1.0,31.80625,172.7903,126.117025,27.0,192.0,128.0
image_4506.jpg,600,400,1.5,99.80709166666666,92.7670125,154.82461666666666,62.0,91.0,160.0
image_3269.jpg,600,337,1.7804154302670623,61.19466369930762,120.07941641938675,88.9478090999011,32.0,109.0,77.0
image_2163.jpg,1080,720,1.5,128.12458847736625,38.700160751028804,158.28533822016462,146.0,8.0,157.0
image_4512.jpg,480,217,2.2119815668202767,80.21866359447004,40.447667050691244,167.99154185867894,26.0,31.0,181.0
image_979.jpg,338,338,1.0,158.3356062462799,35.555731592031094,233.54040474773294,180.0,20.0,246.0
image_8328.jpg,125,107,1.1682242990654206,65.05390654205607,102.3588785046729,211.40157009345793,52.0,101.0,204.0
image_9036.jpg,480,360,1.3333333333333333,91.4292650462963,60.62354166666667,57.06458912037037,28.0,34.0,46.0
image_6305.jpg,405,720,0.5625,35.01349451303155,87.23506515775034,127.17666323731139,15.0,82.0,144.0
image_9750.jpg,720,720,1.0,159.26553433641976,14.106043595679012,209.4904398148148,212.0,11.0,212.0
image_6463.jpg,991,720,1.3763888888888889,29.07713729117614,51.87456132974549,204.31966588182533,16.0,49.0,214.0
image_4274.jpg,1024,683,1.499267935578331,123.02250240208639,30.65735810532577,171.55735410184846,130.0,12.0,188.0
image_1324.jpg,150,150,1.0,179.96391111111112,65.8116,197.27666666666667,234.0,75.0,207.0
image_9778.jpg,340,270,1.2592592592592593,182.67106753812635,40.51842047930283,205.87383442265795,170.0,14.0,227.0
image_7755.jpg,340,270,1.2592592592592593,46.32145969498911,58.40190631808279,140.60245098039215,23.0,45.0,126.0
image_8466.jpg,236,314,0.7515923566878981,30.844380870128468,115.83133164201662,127.08425995897657,23.0,106.0,138.0
image_5624.jpg,800,448,1.7857142857142858,103.96297712053571,84.96354910714285,123.65906529017857,149.0,63.0,121.0
image_789.jpg,340,270,1.2592592592592593,35.37627450980392,37.20527233115468,163.1282788671024,26.0,34.0,176.0
image_3255.jpg,338,450,0.7511111111111111,41.87560157790927,100.47698224852071,72.36130834976989,29.0,98.0,57.0
image_7033.jpg,230,230,1.0,103.65947069943289,61.11962192816635,149.25034026465028,152.0,44.0,182.0
image_8300.jpg,228,228,1.0,32.62419205909511,162.07056017236073,111.964662203755,28.0,162.0,101.0
image_1442.jpg,1080,720,1.5,99.35476466049383,42.92833461934156,172.88340149176955,146.0,32.0,195.0
image_8314.jpg,194,259,0.749034749034749,57.692055088962306,85.00360227679815,87.07688174183019,28.0,75.0,69.0
image_6339.jpg,80,80,1.0,0.0,0.0,214.609375,0.0,0.0,255.0
image_1456.jpg,300,298,1.0067114093959733,97.6965995525727,36.49023489932886,146.03444071588368,92.0,31.0,157.0
image_5630.jpg,560,415,1.3493975903614457,26.429965576592082,122.98713855421687,97.77384251290877,27.0,122.0,74.0
image_3241.jpg,409,640,0.6390625,95.12775825183374,36.49040342298289,148.32767038508558,145.0,18.0,167.0
image_945.jpg,1024,682,1.501466275659824,36.991155093016864,113.64485486162023,121.86212426686217,18.0,102.0,97.0
image_3527.jpg,980,498,1.9678714859437751,67.45394639783625,36.35576182280141,182.97566183099747,31.0,21.0,199.0
image_5156.jpg,400,418,0.9569377990430622,65.97238038277511,97.99717105263159,82.48370813397129,13.0,80.0,70.0
image_2639.jpg,300,200,1.5,101.87381666666667,62.7117,146.6036,30.0,51.0,157.0
image_7999.jpg,400,339,1.1799410029498525,34.04828171091445,84.4298598820059,184.56269911504424,27.0,52.0,202.0
image_8472.jpg,226,300,0.7533333333333333,78.07143067846607,51.901873156342184,153.60910029498524,49.0,37.0,164.0
image_1867.jpg,247,370,0.6675675675675675,97.96526972316445,118.529051318525,194.30381879855565,140.0,82.0,220.0
image_574.jpg,236,236,1.0,48.498276357368574,32.58801350186728,239.5786771042804,28.0,3.0,245.0
image_3916.jpg,750,500,1.5,92.406192,50.45318133333333,187.160568,139.0,21.0,223.0
image_212.jpg,565,565,1.0,31.444091158273945,86.47136659096249,183.34520792544444,23.0,76.0,203.0
image_9585.jpg,800,600,1.3333333333333333,93.52946041666667,41.35738958333334,95.57295625,106.0,34.0,66.0
image_8843.jpg,300,300,1.0,81.56997777777778,67.93832222222223,141.35912222222223,36.0,57.0,134.0
image_9591.jpg,540,720,0.75,95.23906893004116,63.83783179012346,122.11116512345679,70.0,61.0,118.0
image_8857.jpg,236,334,0.7065868263473054,108.95350400893129,130.84442555566832,80.11048665381102,52.0,102.0,70.0
image_3902.jpg,1080,650,1.6615384615384616,47.01779344729345,52.913200854700854,116.99207692307692,47.0,34.0,113.0
image_206.jpg,720,720,1.0,30.675256558641976,62.35775077160494,227.46739583333334,1.0,6.0,238.0
image_1873.jpg,236,331,0.7129909365558912,121.23788980490552,70.3209713759025,149.44419837165242,140.0,58.0,153.0
image_548.jpg,450,300,1.5,96.99903703703704,91.30826666666667,169.92062962962962,134.0,87.0,230.0
image_4923.jpg,300,450,0.6666666666666666,128.48937777777778,63.208385185185186,143.98907407407407,147.0,60.0,150.0
image_3094.jpg,427,285,1.4982456140350877,96.74274210115452,47.35653067093964,126.99566950162291,93.0,28.0,125.0
image_1683.jpg,720,720,1.0,148.05103587962964,51.85397183641975,206.87899691358024,163.0,27.0,214.0
image_6852.jpg,320,180,1.7777777777777777,119.17199652777778,143.79442708333335,61.16026041666667,152.0,149.0,33.0
image_7594.jpg,160,160,1.0,125.343828125,27.6365625,232.61515625,147.0,24.0,238.0
image_5383.jpg,312,234,1.3333333333333333,35.6100701293009,21.874013806706113,159.6658311417927,33.0,7.0,178.0
image_4089.jpg,400,320,1.25,38.9226171875,51.36203125,58.7055234375,0.0,0.0,1.0
image_5397.jpg,80,80,1.0,0.0,0.0,214.609375,0.0,0.0,255.0
image_6846.jpg,600,327,1.834862385321101,123.32857288481142,73.35925586136595,120.2351885830785,104.0,40.0,106.0
image_7580.jpg,236,309,0.7637540453074434,85.21824090834293,126.92880258899676,126.33395041412977,65.0,138.0,127.0
image_1697.jpg,710,375,1.8933333333333333,145.5754253521127,99.94700469483568,177.10887136150234,145.0,90.0,213.0
image_3080.jpg,250,170,1.4705882352941178,80.1466588235294,67.55915294117646,136.6913411764706,61.0,22.0,140.0
image_4704.jpg,180,180,1.0,18.3658024691358,31.82814814814815,88.33074074074074,7.0,9.0,5.0
image_6113.jpg,900,598,1.5050167224080269,129.10372909698998,119.0923541434411,117.53701969528056,150.0,127.0,110.0
image_6675.jpg,1080,720,1.5,137.5949151234568,56.87522247942387,166.62458719135802,145.0,39.0,195.0
image_9546.jpg,920,612,1.5032679738562091,113.3141854930378,89.21256926683716,151.21554596476273,143.0,77.0,166.0
image_2413.jpg,960,720,1.3333333333333333,96.07828559027777,32.411692708333334,152.18780381944444,70.0,14.0,173.0
image_4062.jpg,474,632,0.75,63.34618183517599,63.22639934839502,213.29441729423704,29.0,26.0,239.0
image_2407.jpg,960,720,1.3333333333333333,31.65482349537037,121.18694444444445,147.41271990740742,24.0,125.0,140.0
image_5368.jpg,215,146,1.4726027397260273,62.23829244982478,55.77597961134119,98.6664224275247,49.0,39.0,96.0
image_4076.jpg,268,188,1.425531914893617,78.13790092092728,48.27895760558908,129.0210781200381,42.0,34.0,109.0
image_3719.jpg,300,450,0.6666666666666666,162.56056296296296,107.83316296296296,161.14424444444444,162.0,127.0,165.0
image_6661.jpg,300,300,1.0,21.300911111111112,62.51626666666667,208.9035111111111,8.0,2.0,255.0
image_9552.jpg,240,240,1.0,134.02925347222222,81.41019097222222,213.13347222222222,144.0,75.0,220.0
image_8894.jpg,236,353,0.6685552407932012,105.33458971527344,77.02374321793825,149.19193834925818,123.0,40.0,145.0
image_1668.jpg,775,420,1.8452380952380953,104.67274961597542,51.26005837173579,190.1594930875576,119.0,36.0,203.0
image_7219.jpg,1200,630,1.9047619047619047,57.19472751322751,108.92525396825397,143.90218253968254,18.0,111.0,145.0
image_4710.jpg,354,354,1.0,114.16885313926394,19.53685882090076,189.52887899390342,51.0,12.0,202.0
image_2361.jpg,340,270,1.2592592592592593,42.00176470588235,93.14813725490195,208.00465141612202,18.0,101.0,215.0
image_1640.jpg,255,341,0.7478005865102639,94.59139784946237,95.02873900293255,231.1071588752803,45.0,92.0,245.0
image_1898.jpg,480,720,0.6666666666666666,120.12449652777778,37.921779513888886,223.2852054398148,116.0,6.0,238.0
image_8102.jpg,400,600,0.6666666666666666,160.49175416666668,42.2391875,236.03711666666666,242.0,7.0,240.0
image_3057.jpg,960,720,1.3333333333333333,87.6689380787037,63.861569733796294,152.87883101851853,51.0,41.0,166.0
image_4738.jpg,324,324,1.0,55.430088782197835,87.16743827160494,174.00328646547783,32.0,71.0,193.0
image_2349.jpg,480,360,1.3333333333333333,30.252575231481483,101.8452662037037,78.58116898148148,20.0,98.0,59.0
image_5340.jpg,500,333,1.5015015015015014,120.45802402402403,79.43292492492492,89.77066666666667,154.0,57.0,78.0
image_3731.jpg,400,284,1.408450704225352,66.7512852112676,33.56816901408451,124.16421654929577,45.0,17.0,129.0
image_6891.jpg,340,270,1.2592592592592593,65.89458605664488,67.86251633986929,135.25014161220042,15.0,67.0,129.0
image_7557.jpg,255,341,0.7478005865102639,54.033097579207634,47.075567822436895,218.36576390086827,0.0,0.0,255.0
image_1126.jpg,128,160,0.8,90.490966796875,103.07626953125,206.80830078125,63.0,104.0,228.0
image_6885.jpg,300,300,1.0,25.770055555555555,45.078833333333336,231.57502222222223,26.0,14.0,254.0
image_8670.jpg,80,80,1.0,0.0,0.0,214.609375,0.0,0.0,255.0
image_7543.jpg,640,480,1.3333333333333333,129.438525390625,63.995009765625,116.67310221354167,146.0,25.0,99.0
image_1132.jpg,240,160,1.5,132.30138020833334,106.47096354166666,187.16276041666666,160.0,109.0,179.0
image_5354.jpg,480,720,0.6666666666666666,80.84657118055556,107.58241608796297,126.99397858796296,56.0,98.0,116.0
image_3725.jpg,480,282,1.702127659574468,66.14278959810875,27.04013002364066,229.0550605791962,0.0,0.0,255.0
image_5432.jpg,80,80,1.0,0.0,0.0,214.609375,0.0,0.0,255.0
image_1654.jpg,338,338,1.0,46.57029690837155,137.12522320647037,65.1438937712265,19.0,144.0,40.0
image_9208.jpg,183,275,0.6654545454545454,32.72713363139593,64.47672131147542,182.93152508693493,21.0,60.0,186.0
image_8116.jpg,180,180,1.0,67.94191358024692,108.32009259259259,145.845,26.0,102.0,134.0
image_7225.jpg,90,70,1.2857142857142858,101.10857142857142,96.24634920634921,137.68809523809523,144.0,80.0,142.0
image_9397.jpg,300,450,0.6666666666666666,131.03838518518518,23.753925925925927,217.87885185185186,142.0,20.0,225.0
image_1913.jpg,928,720,1.288888888888889,103.41586147030651,75.31368534482759,126.48057650862069,116.0,84.0,136.0
image_8089.jpg,640,640,1.0,93.80050537109375,108.76203125,133.73977294921875,124.0,92.0,141.0
image_400.jpg,474,237,2.0,49.81038473179156,164.9722622799053,152.65038544392814,44.0,162.0,151.0
image_366.jpg,520,526,0.9885931558935361,37.61707370576192,69.8225394852296,198.02651725650776,12.0,51.0,237.0
image_8937.jpg,546,546,1.0,155.11604878637846,52.90915281299897,221.7049403587865,198.0,22.0,236.0
image_8923.jpg,519,720,0.7208333333333333,142.8316821879683,107.69045439948619,134.22967244701348,167.0,102.0,136.0
image_3876.jpg,180,135,1.3333333333333333,0.0,0.0,238.71325102880658,0.0,0.0,241.0
image_372.jpg,236,236,1.0,74.06452887101408,75.69791367423154,176.3934752944556,28.0,56.0,182.0
image_414.jpg,600,500,1.2,37.26551666666667,40.09117,203.73083333333332,26.0,8.0,252.0
image_9383.jpg,740,493,1.5010141987829615,113.91632311825009,104.89487966668494,179.450934707527,126.0,81.0,189.0
image_1907.jpg,398,700,0.5685714285714286,68.57903804737975,78.77126704953338,176.78608040201004,32.0,60.0,195.0
image_4857.jpg,333,500,0.666,71.44851051051052,40.3006966966967,226.17081081081082,59.0,5.0,248.0
image_5591.jpg,259,194,1.3350515463917525,150.88572224654698,81.91493850256737,137.51200095529992,149.0,86.0,131.0
image_6098.jpg,225,300,0.75,23.920814814814815,8.99234074074074,210.17062222222222,0.0,0.0,213.0
image_6926.jpg,240,160,1.5,100.591875,76.18505208333333,131.025703125,82.0,47.0,127.0
image_1091.jpg,1000,651,1.5360983102918586,25.65989861751152,148.5758341013825,89.35059293394777,15.0,151.0,78.0
image_3686.jpg,540,405,1.3333333333333333,80.80793781435757,65.6880704160951,146.97142661179697,29.0,50.0,148.0
image_3692.jpg,474,315,1.5047619047619047,78.149547920434,69.28327640479539,190.14867724867725,26.0,53.0,208.0
image_6932.jpg,380,285,1.3333333333333333,87.70013850415512,65.88935364727608,134.57345337026777,51.0,48.0,137.0
image_1085.jpg,997,720,1.3847222222222222,19.08421096623203,66.07701437646273,134.19770561685056,20.0,58.0,130.0
image_7392.jpg,300,300,1.0,105.53954444444445,116.1289,132.89184444444444,154.0,137.0,104.0
image_5585.jpg,736,487,1.51129363449692,115.26622901973037,143.67303979555396,174.59709233550575,146.0,152.0,194.0
image_2201.jpg,800,387,2.0671834625322996,57.3727842377261,122.24696059431524,138.86388242894057,46.0,113.0,146.0
image_7379.jpg,450,600,0.75,37.720048148148145,60.2362037037037,189.02424814814816,31.0,19.0,226.0
image_6067.jpg,236,314,0.7515923566878981,37.432041455252076,66.5806973982511,151.68405214293426,25.0,58.0,162.0
image_9354.jpg,217,280,0.775,27.90582620144832,64.32389730085583,129.23127057274522,23.0,60.0,121.0
image_1708.jpg,450,450,1.0,122.44965432098765,68.51467160493827,239.11054320987654,129.0,62.0,255.0
image_6701.jpg,369,280,1.3178571428571428,106.81872822299651,55.30438443670151,128.5955090979481,123.0,35.0,114.0
image_9432.jpg,330,186,1.7741935483870968,119.87702834799609,28.242961876832844,95.19578038449006,145.0,14.0,91.0
image_5208.jpg,450,450,1.0,9.211841975308642,36.66222222222222,236.04886913580248,0.0,0.0,255.0
image_2567.jpg,360,240,1.5,61.309837962962966,115.95266203703704,189.78324074074075,20.0,92.0,220.0
image_4102.jpg,236,184,1.2826086956521738,28.68026897568165,53.49058124539425,196.93874355195283,26.0,42.0,224.0
image_2573.jpg,236,314,0.7515923566878981,142.7943430853935,88.64837255748678,173.63103206304652,141.0,92.0,175.0
image_6715.jpg,548,720,0.7611111111111111,54.391575425790755,134.61299675587998,108.89632502027575,33.0,135.0,101.0
image_9426.jpg,509,339,1.5014749262536873,114.64834744510318,73.94809650480148,133.77745709964012,154.0,61.0,126.0
image_8738.jpg,580,300,1.9333333333333333,132.7984712643678,45.87693103448276,163.4227356321839,159.0,31.0,174.0
image_6073.jpg,720,720,1.0,34.247827932098765,49.95093364197531,216.99883680555556,11.0,9.0,242.0
image_2215.jpg,480,720,0.6666666666666666,62.47371238425926,58.33090277777778,190.33194155092593,38.0,26.0,214.0
image_4664.jpg,1080,720,1.5,105.9614017489712,96.90824202674897,153.2518955761317,77.0,34.0,165.0
image_8076.jpg,600,374,1.6042780748663101,108.55832442067737,45.844670231729054,153.6310294117647,116.0,41.0,147.0
image_21.jpg,324,324,1.0,56.04300030483158,103.17157254991618,177.7129153330285,37.0,44.0,181.0
image_7345.jpg,1080,720,1.5,31.591322016460904,146.39121784979423,152.93801697530864,20.0,140.0,156.0
image_9368.jpg,500,375,1.3333333333333333,103.853104,67.02114666666667,170.09658133333335,54.0,57.0,167.0
image_1734.jpg,480,720,0.6666666666666666,79.95508101851851,84.85617766203704,142.17128761574074,62.0,70.0,178.0
image_4894.jpg,480,269,1.7843866171003717,140.0390644361834,55.12105018587361,79.90322955390334,154.0,41.0,79.0
image_5552.jpg,280,235,1.1914893617021276,140.6325227963526,151.13311550151977,126.45072948328267,141.0,172.0,83.0
image_3123.jpg,640,427,1.4988290398126465,63.901979654566745,5.61265368852459,219.3844994145199,51.0,2.0,245.0
image_3645.jpg,280,228,1.2280701754385965,121.23773496240601,112.42360588972431,94.45142543859649,143.0,109.0,55.0
image_399.jpg,300,225,1.3333333333333333,68.67971851851851,67.43642962962963,119.1224888888889,42.0,73.0,105.0
image_5234.jpg,355,355,1.0,63.588581630628845,24.830922436024597,153.55404086490776,0.0,3.0,191.0
image_1052.jpg,474,356,1.3314606741573034,48.94287204285782,92.57616863414403,138.07343668515622,30.0,95.0,137.0
image_8710.jpg,450,300,1.5,91.25656296296296,68.23647407407407,170.9955037037037,35.0,56.0,187.0
image_7423.jpg,320,276,1.1594202898550725,99.8014945652174,43.131872735507244,162.9160892210145,102.0,26.0,166.0
image_6729.jpg,500,297,1.6835016835016836,98.92706397306398,142.76523905723906,107.6237441077441,30.0,140.0,104.0
image_7437.jpg,1280,720,1.7777777777777777,119.81492730034722,84.66402886284722,203.41834092881945,136.0,34.0,215.0
image_3651.jpg,960,720,1.3333333333333333,100.96620225694444,103.08911313657407,185.28847077546297,17.0,66.0,191.0
image_5220.jpg,640,520,1.2307692307692308,75.8926532451923,46.32493088942308,189.59753305288461,35.0,31.0,205.0
image_3889.jpg,720,720,1.0,41.027305169753085,33.9377237654321,232.58283564814815,24.0,3.0,255.0
image_4880.jpg,350,350,1.0,82.21607346938775,23.96311836734694,220.50422857142857,36.0,11.0,219.0
image_2229.jpg,720,720,1.0,51.97348572530864,115.63558641975308,124.33817901234568,27.0,112.0,116.0
image_5546.jpg,570,497,1.1468812877263581,62.24896042924212,164.4579370962618,153.0089095979385,24.0,187.0,142.0
image_4658.jpg,194,259,0.749034749034749,53.1471161883533,119.34122119173665,133.64896708195678,21.0,115.0,135.0
image_3137.jpg,225,300,0.75,49.27728888888889,111.27297777777778,146.0422074074074,32.0,102.0,145.0
image_35.jpg,250,227,1.1013215859030836,39.31497797356828,101.60844052863436,86.2184140969163,34.0,108.0,66.0
image_8062.jpg,378,378,1.0,31.942981719436744,32.93976232468296,180.94317068391143,0.0,0.0,232.0
image_7351.jpg,476,720,0.6611111111111111,105.82001342203549,103.52940592903828,243.49426645658264,28.0,107.0,253.0
image_1720.jpg,474,314,1.5095541401273886,42.45950576473434,122.49842779972587,90.77686849955656,11.0,127.0,83.0
image_7806.jpg,400,400,1.0,40.20959375,144.27390625,158.42385,25.0,165.0,161.0
image_164.jpg,300,300,1.0,42.5104,17.1506,239.80862222222223,0.0,0.0,255.0
image_602.jpg,512,512,1.0,60.05400466918945,19.59048080444336,222.1336326599121,71.0,7.0,240.0
image_5977.jpg,238,250,0.952,39.891159663865544,41.865747899159665,233.6012605042017,0.0,0.0,254.0
image_9195.jpg,180,180,1.0,104.25907407407408,57.52820987654321,172.75055555555556,97.0,27.0,178.0
image_9181.jpg,265,265,1.0,94.09401210395158,36.82464934140263,151.5521822712709,106.0,14.0,183.0
image_616.jpg,311,175,1.7771428571428571,89.63531465319247,37.2259072117593,98.68354616444648,35.0,18.0,94.0
image_170.jpg,346,500,0.692,21.23335838150289,201.50332947976878,166.9681040462428,21.0,197.0,136.0
image_7812.jpg,310,175,1.7714285714285714,42.52466359447005,46.877917050691245,78.25751152073732,19.0,39.0,54.0
image_3484.jpg,282,375,0.752,170.5411158392435,146.52682742316784,81.91086524822695,183.0,147.0,75.0
image_158.jpg,220,217,1.0138248847926268,121.05655634687892,113.55222036028488,193.40984499371595,143.0,114.0,206.0
image_1293.jpg,238,250,0.952,20.00727731092437,28.492100840336136,233.69731092436976,0.0,0.0,255.0
image_9817.jpg,1080,720,1.5,103.45819058641975,117.41295267489711,158.14192644032923,148.0,100.0,185.0
image_5793.jpg,300,225,1.3333333333333333,91.89943703703703,112.31976296296297,158.4050962962963,60.0,100.0,169.0
image_5787.jpg,375,240,1.5625,104.75766666666667,37.6931,139.34973333333335,143.0,17.0,136.0
image_4499.jpg,568,720,0.7888888888888889,109.59749364241002,46.55251369327073,155.86295970266042,106.0,38.0,164.0
image_7190.jpg,180,180,1.0,26.665956790123456,76.12913580246914,79.01296296296296,12.0,35.0,8.0
image_1287.jpg,960,720,1.3333333333333333,139.18864293981483,84.97464554398148,114.78187210648149,144.0,79.0,103.0
image_9803.jpg,720,720,1.0,141.47510802469137,30.275351080246914,205.43078703703705,148.0,35.0,214.0
image_3490.jpg,860,610,1.4098360655737705,14.534555852077773,31.63825390773923,219.98777926038886,0.0,0.0,238.0
image_2765.jpg,452,720,0.6277777777777778,101.31377519665683,45.44253625860374,211.52182583579153,132.0,16.0,218.0
image_4314.jpg,640,640,1.0,109.03946044921875,64.76745849609375,200.1408349609375,143.0,55.0,202.0
image_9630.jpg,238,250,0.952,49.20174789915966,50.43497478991597,214.11300840336133,42.0,17.0,231.0
image_6503.jpg,724,720,1.0055555555555555,123.86849485880909,46.068228207489256,171.39757136279925,150.0,44.0,179.0
image_9156.jpg,340,270,1.2592592592592593,126.16440087145969,49.95197167755991,183.17649237472767,148.0,26.0,194.0
image_6265.jpg,720,720,1.0,103.15322723765432,118.85789930555555,150.0514988425926,56.0,134.0,141.0
image_819.jpg,500,400,1.25,83.477485,108.50744,111.033395,72.0,87.0,95.0
image_4472.jpg,320,320,1.0,69.2833203125,53.000634765625,187.609892578125,29.0,21.0,220.0
image_2003.jpg,476,317,1.501577287066246,49.28337486414124,53.98150995413938,158.73284203271214,42.0,17.0,181.0
image_3309.jpg,474,248,1.9112903225806452,97.47233564720294,112.5543929495032,118.66077140329386,29.0,96.0,112.0
image_4466.jpg,540,404,1.3366336633663367,104.62812614594793,89.79956912357902,144.63312706270628,97.0,76.0,138.0
image_5778.jpg,576,720,0.8,206.6918426890432,161.1767650462963,164.1187138310185,242.0,155.0,165.0
image_2017.jpg,363,347,1.0461095100864553,78.09334635323631,70.8475718674828,147.82785941680362,37.0,51.0,145.0
image_9142.jpg,543,720,0.7541666666666667,139.9822360343769,78.65039134438305,157.82443728258644,155.0,29.0,195.0
image_6271.jpg,567,251,2.258964143426295,73.6846968387473,61.14098807591503,101.69673334879178,28.0,49.0,101.0
image_7609.jpg,500,360,1.3888888888888888,148.63781111111112,63.74698333333333,210.73912222222222,148.0,58.0,229.0
image_9624.jpg,340,270,1.2592592592592593,64.10936819172113,54.34854030501089,196.19410675381263,22.0,21.0,208.0
image_6517.jpg,591,393,1.5038167938931297,83.68828870719831,104.27766798844414,115.067277181471,49.0,113.0,117.0
image_1278.jpg,300,450,0.6666666666666666,72.8410074074074,103.36734814814815,133.77314814814815,53.0,90.0,128.0
image_2771.jpg,300,225,1.3333333333333333,26.330785185185185,42.05408888888889,181.85174814814815,21.0,41.0,185.0
image_4300.jpg,512,640,0.8,24.264364624023436,91.58742980957031,141.85309448242188,22.0,75.0,148.0
image_7621.jpg,262,328,0.7987804878048781,146.75684230124745,19.92741109663005,213.87987572146713,162.0,6.0,231.0
image_8512.jpg,320,180,1.7777777777777777,99.62161458333334,85.87845486111111,67.52052083333334,136.0,86.0,45.0
image_2759.jpg,240,160,1.5,101.4990625,64.726328125,182.95114583333333,106.0,19.0,195.0
image_2981.jpg,187,153,1.2222222222222223,88.23218342595506,101.78232148474363,170.95159204501766,49.0,99.0,175.0
image_4328.jpg,500,333,1.5015015015015014,66.46305105105105,57.343717717717716,196.93643843843844,1.0,6.0,249.0
image_3447.jpg,980,597,1.6415410385259632,30.874595767955423,50.602104057703485,95.53029261956038,31.0,39.0,78.0
image_3321.jpg,232,304,0.7631578947368421,58.645530852994554,55.02296960072595,152.7815335753176,21.0,33.0,154.0
image_5988.jpg,479,720,0.6652777777777777,48.39866620273718,83.8378508466713,112.92468104848064,22.0,63.0,108.0
image_825.jpg,1024,683,1.499267935578331,28.39914954703514,92.38650570781479,158.32195964494875,20.0,84.0,160.0
image_5750.jpg,360,269,1.338289962825279,87.28249690210657,94.2159541511772,137.3191346551012,85.0,91.0,142.0
image_1536.jpg,150,150,1.0,38.40844444444444,107.93035555555555,210.41528888888888,35.0,98.0,214.0
image_6259.jpg,289,360,0.8027777777777778,109.305123029604,55.588177623990774,124.57425990003844,113.0,30.0,109.0
image_7147.jpg,500,500,1.0,112.040268,103.234696,90.296896,157.0,77.0,55.0
image_8274.jpg,236,236,1.0,72.41740879057743,89.01964234415398,165.49466748060902,30.0,56.0,173.0
image_1522.jpg,476,357,1.3333333333333333,104.3544182378834,32.346921121389734,135.35704870183366,141.0,18.0,147.0
image_7153.jpg,480,360,1.3333333333333333,100.78677083333334,117.46233796296296,81.6896875,82.0,119.0,67.0
image_8260.jpg,740,451,1.6407982261640799,103.2551896686043,74.40479415113562,169.94676394798347,121.0,48.0,178.0
image_3335.jpg,540,720,0.75,131.18845164609053,52.9344804526749,165.42204218106997,146.0,51.0,183.0
image_831.jpg,220,199,1.1055276381909547,127.27311557788944,41.010598446779355,216.79993147555962,150.0,36.0,232.0
image_5022.jpg,450,675,0.6666666666666666,61.45419588477366,78.83789300411523,182.61428477366255,27.0,63.0,195.0
image_2995.jpg,400,316,1.2658227848101267,16.727927215189872,54.86926424050633,112.28122626582278,13.0,56.0,103.0
image_3453.jpg,200,200,1.0,22.8837,79.306275,179.2311,12.0,7.0,251.0
image_1244.jpg,255,197,1.2944162436548223,34.34830297601274,160.52994923857867,79.10223947447,16.0,166.0,67.0
image_7145.jpg,355,210,1.6904761904761905,105.19153588195842,37.4034071093226,169.12,116.0,5.0,199.0
image_8276.jpg,150,150,1.0,47.34084444444444,99.52128888888889,170.27506666666667,23.0,103.0,168.0
image_1534.jpg,480,720,0.6666666666666666,40.812589699074074,45.36529513888889,142.1612037037037,16.0,33.0,170.0
image_3323.jpg,450,450,1.0,56.983120987654324,42.12137283950617,242.00762469135802,0.0,0.0,255.0
image_827.jpg,205,205,1.0,61.933991671624035,59.17056513979774,155.50284354550863,40.0,64.0,171.0
image_3445.jpg,540,720,0.75,92.03504886831276,54.54401491769547,180.6028883744856,60.0,15.0,190.0
image_2983.jpg,350,223,1.5695067264573992,80.59514413837283,62.973709160794364,115.62052530429212,55.0,52.0,104.0
image_5034.jpg,320,206,1.5533980582524272,31.25716019417476,88.04777002427184,79.4346025485437,27.0,76.0,67.0
image_7623.jpg,300,409,0.7334963325183375,32.02366748166259,180.06981255093726,62.57128769356153,29.0,184.0,36.0
image_8510.jpg,800,550,1.4545454545454546,47.084438636363636,149.17998636363637,131.7584909090909,26.0,167.0,141.0
image_1246.jpg,630,472,1.3347457627118644,118.46835485606672,68.78754708097928,210.36622612321764,155.0,66.0,234.0
image_6529.jpg,288,720,0.4,65.86920331790124,71.49802276234568,193.72421875,74.0,74.0,185.0
image_8504.jpg,663,720,0.9208333333333333,104.2405752471929,106.751686358304,167.64614965644378,59.0,76.0,173.0
image_3451.jpg,362,240,1.5083333333333333,67.10189917127072,104.58556629834254,101.5963167587477,21.0,80.0,102.0
image_2997.jpg,280,190,1.4736842105263157,65.15672932330827,145.1511842105263,93.8867105263158,54.0,144.0,79.0
image_5020.jpg,169,225,0.7511111111111111,29.70958579881657,99.1054043392505,193.1049835634451,23.0,96.0,208.0
image_5746.jpg,600,600,1.0,24.834705555555555,59.09514444444444,207.35395,19.0,30.0,241.0
image_3337.jpg,960,720,1.3333333333333333,31.396263020833334,179.0954224537037,167.8635763888889,26.0,200.0,155.0
image_833.jpg,721,503,1.4333996023856859,67.1552046941651,58.597097029473645,111.69528184568043,68.0,45.0,80.0
image_1520.jpg,450,298,1.5100671140939597,69.36177479492916,120.31110365398956,135.5045861297539,14.0,117.0,150.0
image_2001.jpg,599,400,1.4975,74.84922370617696,141.53014190317197,130.02848497495827,28.0,156.0,134.0
image_4470.jpg,600,400,1.5,52.849525,81.79908333333333,122.20130416666667,23.0,76.0,120.0
image_7179.jpg,960,720,1.3333333333333333,66.46060908564814,30.697625868055557,152.70267071759258,28.0,11.0,161.0
image_9154.jpg,236,293,0.8054607508532423,106.1402932839706,82.31058020477816,126.24803320414183,146.0,62.0,127.0
image_6267.jpg,720,720,1.0,11.855333719135803,61.402011959876546,180.1651273148148,8.0,30.0,207.0
image_1508.jpg,170,135,1.2592592592592593,112.40113289760349,57.424662309368195,162.24095860566447,158.0,19.0,174.0
image_9632.jpg,600,392,1.530612244897959,49.9444600340136,59.60534013605442,149.7697619047619,19.0,35.0,172.0
image_6501.jpg,236,180,1.3111111111111111,109.5594868173258,74.41692561205274,152.95805084745763,134.0,66.0,154.0
image_3479.jpg,360,240,1.5,69.51822916666667,56.52462962962963,82.7437962962963,47.0,38.0,74.0
image_4316.jpg,225,300,0.75,52.76802962962963,117.34755555555556,163.12797037037038,23.0,137.0,181.0
image_5008.jpg,832,468,1.7777777777777777,88.85489603879027,80.0366098578238,92.95854906311637,51.0,83.0,91.0
image_2767.jpg,468,604,0.7748344370860927,98.12829356993264,54.889645950076414,157.59567979849436,99.0,34.0,155.0
image_4302.jpg,200,160,1.25,28.196625,127.75534375,151.48046875,26.0,122.0,140.0
image_2773.jpg,514,514,1.0,41.878590137625096,87.13559251464821,133.49479174552226,13.0,77.0,131.0
image_9626.jpg,800,533,1.5009380863039399,50.13108348968105,54.17358818011257,152.80765947467168,20.0,30.0,176.0
image_6515.jpg,236,311,0.7588424437299035,34.83503188184642,103.00204370810398,112.14248732900975,34.0,100.0,107.0
image_8538.jpg,500,337,1.4836795252225519,112.05843916913946,73.9260534124629,128.18820771513353,164.0,56.0,95.0
image_9140.jpg,600,400,1.5,28.561770833333334,44.329883333333335,129.35780833333334,21.0,42.0,145.0
image_6273.jpg,300,450,0.6666666666666666,101.0372,93.16957037037037,162.48262962962963,136.0,65.0,170.0
image_2015.jpg,960,720,1.3333333333333333,79.93726707175927,139.25540798611112,119.17489583333334,71.0,150.0,123.0
image_4464.jpg,863,485,1.779381443298969,107.59780196151044,73.91829986501176,146.98566018802785,78.0,76.0,144.0
image_5949.jpg,640,480,1.3333333333333333,107.48474609375,55.246988932291664,212.67360677083335,149.0,27.0,224.0
image_6298.jpg,480,270,1.7777777777777777,57.389768518518515,156.0220138888889,117.46283179012346,52.0,165.0,112.0
image_7186.jpg,500,333,1.5015015015015014,81.80226426426427,42.19046246246246,152.93795195195196,34.0,34.0,179.0
image_9815.jpg,218,218,1.0,179.3276870633785,81.46073562831411,228.1884731924922,239.0,80.0,246.0
image_7838.jpg,590,590,1.0,62.94934788853778,105.3434386670497,140.3503648376903,23.0,96.0,149.0
image_1291.jpg,690,518,1.332046332046332,102.49928935146326,34.27135303004868,202.66249230597057,127.0,10.0,222.0
image_2798.jpg,236,320,0.7375,31.194226694915255,90.5705376059322,118.17061705508475,24.0,85.0,99.0
image_2940.jpg,275,203,1.354679802955665,59.27742051052396,84.04377966860726,144.93918495297805,25.0,63.0,151.0
image_3492.jpg,429,322,1.3322981366459627,65.79036181210094,40.684366358279405,123.95204795204795,38.0,26.0,137.0
image_2954.jpg,256,256,1.0,63.99378967285156,87.04313659667969,144.32302856445312,37.0,33.0,136.0
image_9801.jpg,700,467,1.4989293361884368,59.79075558274702,143.28568369531968,115.25477821963904,36.0,142.0,106.0
image_1285.jpg,80,80,1.0,0.0,0.0,214.609375,0.0,0.0,255.0
image_7192.jpg,226,339,0.6666666666666666,102.4526848878795,39.861187250372,191.9407680058475,54.0,20.0,203.0
image_628.jpg,480,270,1.7777777777777777,84.85848765432098,50.34078703703704,128.72559413580248,59.0,13.0,146.0
image_5785.jpg,279,360,0.775,32.77008164078057,108.2305256869773,189.27099761051375,16.0,105.0,211.0
image_8289.jpg,676,720,0.9388888888888889,99.15008423734385,6.030569937541092,235.7722612590401,0.0,0.0,252.0
image_5975.jpg,960,720,1.3333333333333333,53.62227575231481,63.29264178240741,132.6535083912037,34.0,45.0,137.0
image_166.jpg,230,230,1.0,104.18563327032136,51.80185255198488,188.70627599243858,93.0,34.0,191.0
image_9829.jpg,300,300,1.0,78.21763333333334,45.81228888888889,154.72761111111112,30.0,29.0,201.0
image_7804.jpg,304,303,1.0033003300330032,94.05594276532916,80.7734497133924,176.36639091540732,65.0,62.0,190.0
image_7810.jpg,600,450,1.3333333333333333,149.9912925925926,28.064162962962964,72.28050740740741,198.0,15.0,73.0
image_172.jpg,1024,683,1.499267935578331,62.42172772922767,85.67774152406662,152.01287975841873,45.0,64.0,167.0
image_2968.jpg,576,384,1.5,91.8524802879051,86.1072365089699,171.41767035590277,24.0,27.0,185.0
image_5961.jpg,474,711,0.6666666666666666,22.858587477078103,52.089951752746174,203.3346596877281,18.0,48.0,202.0
image_614.jpg,338,338,1.0,51.84542733097581,93.00605721088198,214.0236423794685,13.0,65.0,247.0
image_8712.jpg,225,225,1.0,85.77098271604939,49.654182716049384,133.33285925925927,22.0,43.0,132.0
image_7421.jpg,323,182,1.7747252747252746,101.82084169700269,131.60492294083625,50.736212703704965,51.0,127.0,10.0
image_1050.jpg,690,662,1.042296072507553,18.65794036516485,32.43789351547791,193.93066246333026,19.0,2.0,207.0
image_2559.jpg,281,375,0.7493333333333333,27.8680521945433,129.95314827995256,88.69594306049822,24.0,133.0,73.0
image_5236.jpg,900,600,1.5,89.14006666666667,139.7499222222222,138.16841666666667,71.0,145.0,142.0
image_4128.jpg,492,328,1.5,123.11900158635733,49.06811421772754,210.98900703946063,148.0,19.0,232.0
image_3647.jpg,700,700,1.0,99.34119387755102,59.60411224489796,165.21619795918366,145.0,13.0,183.0
image_3121.jpg,340,270,1.2592592592592593,43.368540305010896,27.888856209150326,203.88831154684095,31.0,16.0,218.0
image_5550.jpg,760,507,1.4990138067061145,131.602538150109,88.05485310910412,158.4051048479186,127.0,74.0,162.0
image_4896.jpg,300,301,0.9966777408637874,112.84995570321152,82.21651162790698,189.3379180509413,19.0,73.0,201.0
image_6059.jpg,360,640,0.5625,19.372721354166668,104.03007378472222,176.29572916666666,13.0,86.0,227.0
image_23.jpg,300,200,1.5,50.508316666666666,103.46946666666666,80.86246666666666,44.0,101.0,75.0
image_8074.jpg,540,720,0.75,72.63695730452675,106.17179526748971,133.34363425925926,62.0,113.0,127.0
image_7347.jpg,504,720,0.7,19.938037367724867,52.99057264109347,69.88442460317461,18.0,21.0,49.0
image_1722.jpg,432,243,1.7777777777777777,105.76880429812529,90.99846631611035,45.26722298430117,113.0,74.0,26.0
image_8060.jpg,790,593,1.3322091062394603,51.484948876128676,47.10056780583602,133.17128951693812,42.0,38.0,149.0
image_37.jpg,1024,683,1.499267935578331,43.74883470214129,170.49101362326135,113.39843607018668,39.0,172.0,110.0
image_7353.jpg,500,300,1.6666666666666667,51.66838,107.36718666666667,110.19184,15.0,103.0,119.0
image_3135.jpg,720,720,1.0,145.7195100308642,42.29163194444445,207.0253125,146.0,40.0,215.0
image_5544.jpg,400,320,1.25,66.7454921875,76.7197734375,156.313578125,29.0,60.0,181.0
image_5222.jpg,80,80,1.0,0.0,0.0,214.609375,0.0,0.0,255.0
image_3653.jpg,474,339,1.3982300884955752,22.33982425351306,127.28347833663169,153.0006410017052,12.0,135.0,152.0
image_8706.jpg,80,80,1.0,0.0,0.0,214.609375,0.0,0.0,255.0
image_7435.jpg,540,720,0.75,71.28460905349795,99.49350565843622,139.76117283950617,19.0,60.0,140.0
image_1044.jpg,665,480,1.3854166666666667,86.42698934837092,72.77047932330827,168.68256578947367,42.0,59.0,194.0
image_4114.jpg,376,500,0.752,114.58029787234042,82.35153191489361,163.37712234042553,44.0,73.0,191.0
image_6703.jpg,855,720,1.1875,67.16230181936322,79.55114684860298,193.23120207927226,33.0,53.0,214.0
image_6065.jpg,300,300,1.0,20.2885,108.68234444444444,95.54442222222222,13.0,110.0,97.0
image_9356.jpg,300,300,1.0,50.07411111111111,109.80237777777778,234.61534444444445,31.0,120.0,248.0
image_8048.jpg,300,225,1.3333333333333333,105.5077037037037,129.64888888888888,92.70434074074075,108.0,126.0,64.0
image_4672.jpg,420,280,1.5,70.2895918367347,90.12653061224489,112.34345238095239,56.0,68.0,90.0
image_2203.jpg,320,180,1.7777777777777777,51.91930555555555,127.04076388888889,80.94842013888889,36.0,130.0,74.0
image_4666.jpg,1280,720,1.7777777777777777,72.76908745659722,133.35679578993054,124.96844618055556,39.0,140.0,126.0
image_5578.jpg,170,135,1.2592592592592593,69.69668845315904,43.50723311546841,222.51664488017428,25.0,14.0,238.0
image_6717.jpg,100,100,1.0,30.2401,113.3348,66.1414,19.0,109.0,4.0
image_9424.jpg,620,321,1.9314641744548287,97.24730680333634,48.671580745653706,133.24006632499245,106.0,26.0,147.0
image_1078.jpg,236,214,1.102803738317757,53.3217566925392,72.45489466180896,196.02993822271503,24.0,65.0,207.0
image_2571.jpg,340,270,1.2592592592592593,29.494825708061,28.401339869281045,192.42880174291938,32.0,9.0,209.0
image_4100.jpg,1213,720,1.6847222222222222,75.07009595126867,54.090892644499405,169.21976962535496,29.0,45.0,180.0
image_358.jpg,626,327,1.9143730886850152,98.97514924133618,72.37687467635881,193.67039892135887,132.0,70.0,218.0
image_8909.jpg,826,551,1.4990925589836661,95.87982888255121,82.65216225836362,93.0606952799884,117.0,47.0,81.0
image_1093.jpg,700,300,2.3333333333333335,26.61399523809524,181.39666666666668,80.18925714285714,24.0,185.0,73.0
image_6924.jpg,480,720,0.6666666666666666,31.040052083333332,127.8115306712963,122.13268518518518,16.0,115.0,114.0
image_5593.jpg,300,300,1.0,44.72427777777778,136.9544,129.8289,22.0,146.0,135.0
image_5587.jpg,160,136,1.1764705882352942,67.89168198529411,168.67922794117646,82.27247242647059,67.0,218.0,85.0
image_4699.jpg,450,450,1.0,33.31495802469136,40.10321481481481,225.4779012345679,33.0,37.0,234.0
image_1939.jpg,640,640,1.0,89.01065673828126,72.59774169921874,203.4681201171875,62.0,49.0,220.0
image_7390.jpg,474,315,1.5047619047619047,129.7924653405666,51.500468823253634,209.93951510280624,155.0,25.0,244.0
image_1087.jpg,313,471,0.6645435244161358,50.2105505925127,84.2594167802853,75.907823066957,22.0,68.0,74.0
image_3690.jpg,235,294,0.7993197278911565,57.54479664206108,117.96054421768707,84.47743522941091,25.0,119.0,67.0
image_8935.jpg,500,333,1.5015015015015014,84.65396396396396,169.2386126126126,86.94277477477478,16.0,170.0,52.0
image_6918.jpg,480,720,0.6666666666666666,119.55552662037037,93.48710648148148,100.43023148148148,144.0,82.0,110.0
image_364.jpg,640,360,1.7777777777777777,136.89028645833332,27.256028645833332,148.4694314236111,148.0,26.0,154.0
image_402.jpg,380,293,1.2969283276450512,43.383923118376146,135.41409197054068,188.11992994431472,46.0,128.0,210.0
image_4869.jpg,458,709,0.6459802538787024,103.47244720099039,84.49360683908081,155.31129088882182,31.0,90.0,166.0
image_9395.jpg,1000,659,1.5174506828528074,81.36360546282246,132.5441760242792,129.64794385432472,14.0,140.0,141.0
image_9381.jpg,480,360,1.3333333333333333,73.41785300925926,24.899756944444444,108.3110011574074,42.0,21.0,104.0
image_416.jpg,236,354,0.6666666666666666,72.13877717131092,105.72071004500623,176.89501340610934,28.0,75.0,173.0
image_3874.jpg,653,367,1.779291553133515,109.99862717034354,100.9595203024398,115.4370939407722,139.0,102.0,109.0
image_8921.jpg,300,300,1.0,89.24522222222222,77.04542222222223,166.99886666666666,124.0,42.0,207.0
image_1124.jpg,300,450,0.6666666666666666,73.73172592592593,87.80045185185185,229.68304444444445,11.0,72.0,251.0
image_9578.jpg,290,181,1.6022099447513811,34.316365021908936,56.016726995618214,99.16065917317584,18.0,34.0,96.0
image_8666.jpg,557,720,0.7736111111111111,77.8971100139637,112.67295531617793,126.13687163375225,22.0,97.0,117.0
image_7555.jpg,236,352,0.6704545454545454,57.230258089368256,83.13253563174113,165.47178351309708,47.0,77.0,164.0
image_6893.jpg,240,160,1.5,85.27932291666667,59.950260416666666,128.483828125,85.0,43.0,126.0
image_5342.jpg,790,444,1.7792792792792793,109.77463507811609,81.11769586041738,80.66561751625042,136.0,73.0,71.0
image_5424.jpg,960,720,1.3333333333333333,72.57859953703704,60.14131076388889,141.25360532407407,61.0,27.0,151.0
image_589.jpg,696,371,1.876010781671159,38.76303559810391,47.31164219103386,194.25898859869255,25.0,42.0,209.0
image_3055.jpg,236,234,1.0085470085470085,40.001647834274955,79.62005649717514,199.47006736201652,18.0,67.0,209.0
image_8100.jpg,600,401,1.4962593516209477,70.29999168744804,77.07770573566084,103.86374064837905,46.0,70.0,106.0
image_7233.jpg,238,250,0.952,126.61413445378152,121.71102521008403,153.21161344537816,136.0,127.0,142.0
image_1642.jpg,540,720,0.75,135.3416383744856,95.16386059670782,142.49135030864198,151.0,85.0,161.0
image_8114.jpg,236,266,0.8872180451127819,60.91093730087932,71.55422454441188,145.74604944564803,24.0,38.0,139.0
image_7227.jpg,593,720,0.8236111111111111,49.433160014989696,37.79569983136594,70.50315720442195,26.0,35.0,53.0
image_6139.jpg,160,160,1.0,92.1965234375,42.13484375,163.9166796875,35.0,21.0,176.5
image_1656.jpg,540,720,0.75,10.29491255144033,24.005018004115225,213.8513888888889,0.0,0.0,255.0
image_5430.jpg,450,253,1.7786561264822134,136.02028985507246,132.50884497145367,137.93225296442688,154.0,115.0,140.0
image_3041.jpg,540,720,0.75,120.71081275720165,30.482029320987653,163.009079218107,139.0,22.0,178.0
image_3727.jpg,637,720,0.8847222222222222,133.16469998255712,22.415013954299667,162.39754055468342,154.0,11.0,187.0
image_4048.jpg,640,480,1.3333333333333333,100.31408528645834,63.2985546875,145.60275065104167,136.0,64.0,169.0
image_5356.jpg,336,255,1.3176470588235294,59.573622782446314,52.42680905695612,145.98544584500468,36.0,29.0,150.0
image_2439.jpg,600,338,1.7751479289940828,117.69786489151873,142.2658579881657,158.01709072978304,136.0,148.0,155.0
image_1130.jpg,340,270,1.2592592592592593,30.52165577342048,29.721481481481483,155.11071895424837,22.0,30.0,158.0
image_8672.jpg,1076,720,1.4944444444444445,44.921451621230894,98.4756027984304,93.76532682775712,34.0,90.0,82.0
image_7541.jpg,194,259,0.749034749034749,60.73223739203121,117.38819010468495,164.28479878995344,14.0,125.0,189.0
image_6887.jpg,380,214,1.7757009345794392,78.79692572552878,108.57356123954747,180.03064436792917,36.0,103.0,196.0
image_4060.jpg,340,270,1.2592592592592593,55.31124183006536,69.03474945533769,152.38763616557733,26.0,66.0,175.0
image_2411.jpg,447,441,1.0136054421768708,22.125142674519473,214.37579834320007,133.5111628544035,0.0,255.0,128.0
image_1118.jpg,736,414,1.7777777777777777,120.61331981201428,104.70654471224533,84.8721217968914,161.0,98.0,86.0
image_6677.jpg,222,200,1.11,80.6022072072072,81.7718018018018,219.95225225225226,49.0,38.0,251.0
image_6111.jpg,236,151,1.5629139072847682,54.06327870692558,73.02084970254799,104.81226849253564,15.0,33.0,114.0
image_9222.jpg,450,688,0.6540697674418605,41.48044250645995,56.47006136950905,213.3474677002584,34.0,50.0,232.0
image_5418.jpg,885,600,1.475,110.0057570621469,55.45313935969868,178.0454463276836,141.0,40.0,200.0
image_4706.jpg,450,321,1.4018691588785046,141.30236067843543,174.55190723433714,176.8850744202146,151.0,212.0,167.0
image_3069.jpg,720,720,1.0,119.89961226851852,30.015810185185185,208.0025964506173,127.0,13.0,228.0
image_2363.jpg,320,240,1.3333333333333333,109.38830729166666,125.2809375,133.48516927083332,122.0,115.0,108.0
image_4712.jpg,653,427,1.5292740046838407,51.54342235978066,160.37335160007316,68.61771825944749,21.0,170.0,54.0
image_8128.jpg,300,450,0.6666666666666666,77.89105925925926,102.96963703703703,166.26583703703704,36.0,110.0,177.0
image_6105.jpg,490,720,0.6805555555555556,43.74926020408163,96.88033163265307,102.44993480725624,33.0,89.0,95.0
image_9236.jpg,1087,720,1.5097222222222222,41.529603649187365,112.00552489011551,105.14859961157109,29.0,105.0,102.0
image_8896.jpg,900,600,1.5,136.32411296296297,91.68472037037037,95.1819388888889,147.0,86.0,91.0
image_6663.jpg,236,356,0.6629213483146067,61.887069129689586,114.00236859645781,172.05654875261854,40.0,109.0,173.0
image_9550.jpg,1160,665,1.744360902255639,56.41206378014,25.299054964998703,112.0522621208193,31.0,18.0,113.0
image_4074.jpg,900,675,1.3333333333333333,22.178569547325104,67.50691522633745,159.66348477366256,20.0,48.0,158.0
image_2405.jpg,450,300,1.5,44.96045925925926,117.85561481481481,133.61077777777777,17.0,128.0,130.0
image_5381.jpg,352,240,1.4666666666666666,101.9923887310606,133.62901278409092,133.91267755681818,94.0,147.0,125.0
image_3928.jpg,540,720,0.75,142.5039660493827,69.39654320987654,153.16207047325102,155.0,54.0,159.0
image_7596.jpg,480,720,0.6666666666666666,45.737867476851854,139.15244791666666,158.54519675925926,23.0,127.0,193.0
image_6688.jpg,192,260,0.7384615384615385,41.198657852564104,38.79188701923077,194.1386017628205,24.0,27.0,216.0
image_1681.jpg,1241,698,1.7779369627507164,96.66087174360266,59.641616775453755,196.1038503009635,104.0,34.0,208.0
image_1859.jpg,236,168,1.4047619047619047,60.37759786117837,16.83870560936239,249.07256355932202,0.0,0.0,255.0
image_4921.jpg,450,252,1.7857142857142858,94.27487654320987,42.26751322751323,190.54266313932982,30.0,14.0,218.0
image_2388.jpg,400,400,1.0,45.05979375,89.4987,150.42259375,21.0,76.0,148.0
image_3082.jpg,432,324,1.3333333333333333,44.229345278920896,69.0812328532236,140.0201403177869,29.0,55.0,160.0
image_4935.jpg,509,339,1.5014749262536873,26.387520211415755,101.16796193589141,165.10358097026386,20.0,91.0,165.0
image_7582.jpg,236,181,1.3038674033149171,47.001474857196364,60.296048319131,175.585260792209,22.0,56.0,190.0
image_6844.jpg,450,354,1.271186440677966,53.446359070935344,33.91983678593848,237.1731450094162,10.0,1.0,255.0
image_8869.jpg,486,720,0.675,51.19237540009145,92.25251200274349,189.8487968678555,23.0,75.0,219.0
image_5395.jpg,200,200,1.0,46.580375,55.268975,169.562075,28.0,54.0,163.0
image_238.jpg,238,250,0.952,20.448537815126052,60.621042016806726,233.46420168067226,0.0,0.0,255.0
image_8699.jpg,400,326,1.2269938650306749,64.9513036809816,147.8233972392638,163.85898773006136,28.0,150.0,162.0
image_8841.jpg,960,720,1.3333333333333333,74.94859230324074,65.55546440972222,107.2162037037037,23.0,45.0,83.0
image_9587.jpg,407,567,0.7178130511463845,145.41623874957207,47.47962681296015,111.80627813961148,150.0,46.0,55.0
image_3914.jpg,450,300,1.5,94.19365185185185,50.78284444444444,203.3488962962963,142.0,51.0,224.0
image_210.jpg,160,240,0.6666666666666666,106.91713541666667,164.694453125,140.67169270833332,74.0,181.0,141.0
image_576.jpg,257,284,0.9049295774647887,79.47139255768072,73.09241245136187,223.13922836630678,37.0,42.0,239.0
image_1865.jpg,860,484,1.7768595041322315,22.167446665385356,134.29879396502017,98.55164568518163,22.0,125.0,77.0
image_1871.jpg,550,367,1.4986376021798364,63.28939311369829,48.71155808768888,196.1969085954917,27.0,25.0,213.0
image_562.jpg,235,299,0.7859531772575251,58.97012737493774,57.863673237031236,144.38795986622074,37.0,44.0,148.0
image_3900.jpg,599,398,1.5050251256281406,28.557495323025815,71.56424442747964,89.32377245157339,26.0,67.0,79.0
image_204.jpg,1140,599,1.9031719532554257,45.21149137451308,38.0161716896582,129.1047535365961,16.0,34.0,112.0
image_6878.jpg,236,360,0.6555555555555556,105.24788135593221,34.627766007532955,164.98095574387946,85.0,9.0,208.0
image_8855.jpg,180,180,1.0,42.710586419753085,66.19617283950618,54.137438271604935,0.0,0.0,0.0
image_9593.jpg,350,255,1.3725490196078431,32.14608403361345,125.53481232492997,139.35171988795517,24.0,134.0,135.0
image_1440.jpg,333,500,0.666,69.556996996997,47.03276876876877,173.40403603603605,38.0,23.0,183.0
image_7031.jpg,236,354,0.6666666666666666,77.46034424973666,42.45079239682084,152.4855405534808,29.0,40.0,179.0
image_8302.jpg,687,386,1.7797927461139897,59.61617681441425,96.37616052371578,149.13065366427585,46.0,91.0,152.0
image_3257.jpg,736,556,1.3237410071942446,110.86653258914608,75.09418253440725,187.58585441429466,154.0,46.0,203.0
image_953.jpg,481,720,0.6680555555555555,68.1287422037422,55.08670304920305,154.99080619080618,49.0,39.0,160.0
image_4538.jpg,600,450,1.3333333333333333,52.29734444444444,44.22928888888889,188.9483111111111,31.0,12.0,199.0
image_5626.jpg,280,210,1.3333333333333333,34.220068027210885,40.84795918367347,239.51210884353742,2.0,1.0,255.0
image_2149.jpg,295,450,0.6555555555555556,35.91824482109228,34.824708097928436,239.87138983050846,32.0,38.0,252.0
image_5140.jpg,640,426,1.5023474178403755,123.168779342723,96.54625513497652,112.30815360915493,152.0,96.0,110.0
image_3531.jpg,660,373,1.769436997319035,117.2398367048501,137.3351693882525,66.29132748395483,144.0,136.0,46.0
image_7757.jpg,960,720,1.3333333333333333,39.36730613425926,147.61483072916667,156.27615885416665,27.0,186.0,208.0
image_6449.jpg,400,300,1.3333333333333333,21.0652,136.307725,170.30720833333334,17.0,154.0,183.0
image_1326.jpg,500,333,1.5015015015015014,37.75380780780781,132.33581381381381,90.0309069069069,32.0,115.0,70.0
image_7743.jpg,236,108,2.185185185185185,38.207666352793474,119.19872096672944,198.8586001255493,22.0,115.0,206.0
image_8470.jpg,827,590,1.4016949152542373,94.18419855307114,83.817621380116,183.3252659192917,21.0,45.0,200.0
image_1332.jpg,900,720,1.25,67.93347685185185,70.59068981481481,101.61349228395062,35.0,47.0,69.0
image_5154.jpg,214,235,0.9106382978723404,53.77681447603897,112.30689998011533,178.6109962219129,9.0,150.0,168.0
image_3525.jpg,474,298,1.5906040268456376,26.956014782091582,10.147799677172713,205.99430804519582,0.0,0.0,255.0
image_3243.jpg,976,549,1.7777777777777777,93.51917047388694,108.43480508525187,139.55082825703963,148.0,108.0,161.0
image_947.jpg,640,480,1.3333333333333333,108.21517252604167,71.85681315104166,155.64861002604167,80.0,35.0,173.0
image_5632.jpg,800,534,1.4981273408239701,132.73928838951312,108.51446161048689,93.71833801498127,143.0,91.0,51.0
image_1454.jpg,446,446,1.0,105.61258521184821,119.41373745701704,163.69820929437552,74.0,107.0,175.0
image_9008.jpg,170,135,1.2592592592592593,43.20074074074074,61.25655773420479,176.3893246187364,38.0,35.0,190.0
image_7025.jpg,320,213,1.5023474178403755,116.56524354460093,121.45931631455399,138.18838028169014,148.0,144.0,159.0
image_8316.jpg,408,408,1.0,135.39635596885813,154.146361976163,72.82109044598232,170.0,182.0,55.0
image_4504.jpg,1000,667,1.4992503748125936,105.27048425787106,122.14272713643179,110.45512143928036,71.0,115.0,102.0
image_2175.jpg,450,450,1.0,45.8572,39.5292,241.39919012345678,39.0,16.0,255.0
image_9020.jpg,1024,683,1.499267935578331,80.19000932238286,76.30776302845901,177.18861525439237,38.0,66.0,191.0
image_6313.jpg,570,483,1.1801242236024845,97.46330318549998,71.8225128037485,167.98158439577205,96.0,55.0,169.0
image_8458.jpg,200,200,1.0,50.215475,15.702075,230.489475,0.0,0.0,255.0
image_9746.jpg,640,480,1.3333333333333333,104.54228190104166,159.86939453125,137.05365559895833,127.0,180.0,137.0
image_6475.jpg,509,720,0.7069444444444445,70.75716546605544,52.01000873171797,153.7415438768828,36.0,29.0,166.0
image_2613.jpg,236,270,0.8740740740740741,47.63187382297552,72.3991839296924,177.38906151914625,26.0,65.0,186.0
image_4262.jpg,480,480,1.0,60.95704861111111,114.57453993055556,163.0633420138889,31.0,78.0,177.0
image_2607.jpg,236,177,1.3333333333333333,113.51216125634396,45.27223977784162,87.82303935650675,148.0,34.0,76.0
image_5168.jpg,299,400,0.7475,60.9560618729097,67.50227424749164,166.91992474916387,24.0,44.0,173.0
image_4276.jpg,450,301,1.495016611295681,121.62310815799188,91.34605389442599,219.6846216315984,130.0,106.0,221.0
image_3519.jpg,216,146,1.4794520547945205,63.48500126839168,66.92798706240487,153.5417935058346,47.0,64.0,158.0
image_9752.jpg,80,80,1.0,0.0,0.0,214.609375,0.0,0.0,255.0
image_6461.jpg,480,320,1.5,63.246119791666665,62.491399739583336,145.34189453125,36.0,59.0,153.0
image_1468.jpg,433,350,1.237142857142857,91.2993401517651,106.24857802705378,152.2955064335203,65.0,101.0,148.0
image_6307.jpg,800,534,1.4981273408239701,100.8422963483146,116.82677902621722,126.62008426966293,53.0,114.0,127.0
image_7019.jpg,300,168,1.7857142857142858,83.6078373015873,78.3806746031746,122.97144841269841,36.0,65.0,127.0
image_4510.jpg,320,320,1.0,32.9404296875,70.795732421875,178.135595703125,30.0,68.0,187.0
image_2161.jpg,450,300,1.5,74.61934814814815,49.74114074074074,181.8123037037037,27.0,23.0,205.0
image_748.jpg,300,224,1.3392857142857142,159.4123511904762,82.45266369047619,136.4738392857143,191.0,78.0,129.0
image_3294.jpg,480,720,0.6666666666666666,57.655454282407405,84.12389178240741,165.71216435185184,28.0,64.0,184.0
image_990.jpg,720,720,1.0,31.756822916666668,83.65283564814816,114.17827546296296,23.0,77.0,112.0
image_1483.jpg,404,240,1.6833333333333333,117.32846534653466,94.28001237623762,150.9106951320132,86.0,85.0,131.0
image_9961.jpg,460,276,1.6666666666666667,72.08976843100189,75.12697700063012,159.98163988657845,29.0,76.0,180.0
image_7794.jpg,236,314,0.7515923566878981,109.74556029364138,8.045921947533197,211.15976195616972,150.0,6.0,217.0
image_2834.jpg,363,392,0.9260204081632653,95.80337465564739,72.56353657165346,166.98640158542756,63.0,53.0,181.0
image_5183.jpg,284,177,1.6045197740112995,128.97137343837034,49.82024349486751,209.5077783082677,106.0,41.0,210.0
image_2820.jpg,340,270,1.2592592592592593,115.69450980392156,67.06925925925925,95.87907407407407,175.0,52.0,51.0
image_4289.jpg,550,364,1.510989010989011,134.48173326673327,102.83171828171828,139.31712787212788,146.0,136.0,162.0
image_5197.jpg,634,423,1.4988179669030732,68.17502293218784,75.07922604798235,72.56697690374448,42.0,61.0,42.0
image_7958.jpg,891,593,1.5025295109612142,83.0104625039982,52.721929809619525,198.01005369414588,71.0,41.0,221.0
image_7780.jpg,300,300,1.0,30.089055555555557,51.567055555555555,243.4452,3.0,2.0,255.0
image_3280.jpg,360,360,1.0,82.62192901234567,96.44756944444444,157.28009259259258,52.0,84.0,168.0
image_984.jpg,800,450,1.7777777777777777,23.624761111111113,147.95334444444444,183.0669388888889,24.0,142.0,193.0
image_5829.jpg,621,471,1.3184713375796178,59.874187581840125,47.52359901672188,152.06821064579765,28.0,41.0,166.0
image_5801.jpg,321,450,0.7133333333333334,12.764631360332295,0.3847767393561786,161.6014260989962,0.0,0.0,180.0
image_7970.jpg,500,375,1.3333333333333333,104.69332266666666,80.15738133333333,111.98456533333334,88.0,65.0,100.0
image_9791.jpg,236,354,0.6666666666666666,53.560949918605765,56.76369338312745,143.03838695777077,21.0,62.0,144.0
image_7964.jpg,960,600,1.6,47.20878472222222,148.24649479166666,147.9619236111111,19.0,159.0,154.0
image_9949.jpg,550,366,1.5027322404371584,64.35798807749627,112.70658221559862,100.88412319920516,56.0,115.0,92.0
image_760.jpg,180,180,1.0,35.91858024691358,25.185061728395063,239.6070987654321,9.0,2.0,251.0
image_5815.jpg,960,720,1.3333333333333333,107.57145543981481,37.81041087962963,139.6528616898148,116.0,21.0,142.0
image_9948.jpg,829,720,1.1513888888888888,47.23716659965152,25.602632019836484,154.80080753250235,15.0,7.0,190.0
image_7965.jpg,236,181,1.3038674033149171,62.21703811218279,72.88779380091769,156.32439835190561,42.0,67.0,135.0
image_9790.jpg,399,600,0.665,101.81785714285714,57.30499164578112,136.01082289055972,68.0,51.0,132.0
image_5814.jpg,270,270,1.0,89.98006858710562,61.81,189.56559670781894,72.0,27.0,198.0
image_5800.jpg,590,446,1.3228699551569507,102.49640115527856,46.55525195713309,160.5590598160675,106.0,6.0,173.0
image_775.jpg,480,720,0.6666666666666666,79.16167824074074,55.890659722222225,210.72479166666668,26.0,22.0,231.0
image_7971.jpg,236,214,1.102803738317757,50.96045857753841,48.400225724695076,151.00332646919057,28.0,36.0,151.0
image_9784.jpg,494,498,0.9919678714859438,107.90513064403362,50.89308245126254,120.81538705429003,113.0,48.0,122.0
image_7959.jpg,220,220,1.0,114.95731404958677,102.23628099173554,219.589173553719,123.0,78.0,226.0
image_5196.jpg,450,300,1.5,27.281377777777777,68.80551111111112,81.50835555555555,15.0,73.0,88.0
image_4288.jpg,1080,720,1.5,78.31684156378601,96.94374871399177,176.1139223251029,45.0,79.0,196.0
image_2821.jpg,469,313,1.4984025559105432,42.8444654863519,135.23314509152095,148.14164458401737,24.0,147.0,159.0
image_5828.jpg,628,427,1.4707259953161593,75.9184802875938,105.6576582287922,165.57495636868092,29.0,76.0,183.0
image_985.jpg,570,428,1.3317757009345794,36.04315871454337,55.858333333333334,244.7571118216101,45.0,15.0,255.0
image_3281.jpg,420,420,1.0,39.37942743764172,85.4079648526077,206.69155328798186,34.0,87.0,224.0
image_1496.jpg,236,236,1.0,29.864622234989945,106.12683137029589,199.67968974432634,24.0,101.0,204.0
image_3295.jpg,200,200,1.0,100.697325,60.72665,179.694325,42.0,49.0,191.0
image_749.jpg,230,230,1.0,58.69102079395085,169.10510396975425,80.48480151228733,0.0,172.0,75.0
image_7795.jpg,600,400,1.5,45.0518875,154.14535833333332,158.28870416666666,42.0,162.0,155.0
image_9960.jpg,240,160,1.5,66.24059895833334,32.21627604166667,213.170390625,49.0,5.0,237.0
image_6460.jpg,640,424,1.509433962264151,64.18724941037736,134.06134655070755,179.37955483490566,26.0,130.0,183.0
image_3518.jpg,720,720,1.0,98.1091049382716,41.67812114197531,201.1874459876543,121.0,17.0,213.0
image_4277.jpg,502,502,1.0,41.92026317042587,31.719365565625942,134.8926088474786,0.0,0.0,167.0
image_2160.jpg,450,274,1.6423357664233578,163.6123600973236,98.63965125709652,154.0095701540957,170.0,91.0,166.0
image_4511.jpg,248,160,1.55,55.771875,126.07694052419355,164.14037298387098,41.0,130.0,173.0
image_7018.jpg,540,720,0.75,43.96025977366255,97.77509002057613,176.3080787037037,28.0,74.0,197.0
image_6306.jpg,640,480,1.3333333333333333,137.08084635416665,37.16556640625,117.44687825520833,155.0,33.0,108.0
image_9035.jpg,236,507,0.46548323471400394,83.8065306054224,98.2008407715709,127.70274629759636,16.0,91.0,134.0
image_1469.jpg,768,512,1.5,62.27546946207682,30.514920552571613,130.58817545572916,20.0,23.0,144.0
image_6312.jpg,250,185,1.3513513513513513,77.00017297297298,44.71502702702703,163.36514594594595,42.0,36.5,167.0
image_2174.jpg,250,250,1.0,165.475424,68.708448,171.74912,231.0,66.0,168.0
image_4505.jpg,720,720,1.0,42.97846064814815,34.46760030864198,234.15057677469136,8.0,6.0,243.0
image_4263.jpg,500,375,1.3333333333333333,114.288816,39.941834666666665,181.21290133333332,150.0,22.0,209.0
image_2612.jpg,180,240,0.75,22.65537037037037,121.53106481481481,144.39347222222221,19.0,117.0,147.0
image_6474.jpg,236,354,0.6666666666666666,64.35553720195347,57.3894594465192,156.11057646270228,47.0,26.0,158.0
image_9747.jpg,480,720,0.6666666666666666,94.82558159722223,117.47578993055555,146.40805555555556,139.0,121.0,151.0
image_8459.jpg,200,150,1.3333333333333333,102.06716666666667,94.5875,138.4935,141.0,60.0,139.0
image_3524.jpg,236,237,0.9957805907172996,105.93635128370164,55.48283630122291,110.5878566831152,60.0,57.0,96.0
image_5155.jpg,236,314,0.7515923566878981,49.95442891072007,29.018797905646117,205.4759122314585,29.0,17.0,206.0
image_1333.jpg,800,334,2.395209580838323,69.12491766467066,174.78110778443113,147.1530501497006,9.0,183.0,150.0
image_8471.jpg,389,600,0.6483333333333333,104.49736075407027,91.13878748928877,97.31540702656383,144.0,73.0,84.0
image_7742.jpg,381,381,1.0,55.23375424528627,117.71222298000151,189.5138501388114,36.0,168.0,210.0
image_8317.jpg,650,367,1.771117166212534,131.72827080276673,129.2607503667994,38.89099140641375,155.0,127.0,9.0
image_7024.jpg,300,450,0.6666666666666666,123.13957777777777,142.53251111111112,198.05668888888889,137.0,166.0,202.0
image_9009.jpg,90,119,0.7563025210084033,72.60924369747899,83.15368814192344,145.01204481792718,50.0,69.0,141.0
image_1455.jpg,481,720,0.6680555555555555,40.23002714252714,107.55835932085932,106.79323169323169,20.0,105.0,108.0
image_5633.jpg,236,335,0.7044776119402985,45.17404502909183,91.61290159372628,162.30560333923603,28.0,91.0,176.0
image_3242.jpg,370,230,1.608695652173913,65.45432432432432,86.8448883666275,117.1244535840188,49.0,79.0,121.0
image_2148.jpg,480,720,0.6666666666666666,146.88559606481482,42.371883680555555,209.43027199074075,142.0,56.0,215.0
image_5627.jpg,492,720,0.6833333333333333,63.57509598012647,126.4806712962963,117.21054087624209,22.0,103.0,122.0
image_4539.jpg,628,354,1.7740112994350283,72.52164975349959,50.32669851380042,132.50510993558603,59.0,19.0,115.0
image_952.jpg,450,300,1.5,87.93042962962963,47.410266666666665,172.6847925925926,51.0,21.0,189.0
image_8303.jpg,581,700,0.83,96.07318662404721,50.677155151217114,109.33440619621342,103.0,43.0,101.0
image_7030.jpg,400,400,1.0,146.1046,44.3519375,163.81214375,188.0,39.0,160.0
image_1441.jpg,400,618,0.6472491909385113,57.583454692556636,137.9713996763754,101.8076213592233,16.0,156.0,99.0
image_1327.jpg,226,340,0.6647058823529411,91.83055700156169,153.89523685580426,176.18538521603332,142.0,173.0,185.0
image_6448.jpg,195,280,0.6964285714285714,64.28351648351648,128.2880586080586,100.29836996336996,21.0,157.0,92.0
image_8465.jpg,253,168,1.505952380952381,214.83465085639,170.33613306982872,152.7831027667984,218.0,179.0,160.0
image_3530.jpg,360,240,1.5,63.27877314814815,48.04975694444445,233.71130787037038,23.0,16.0,236.0
image_5141.jpg,500,333,1.5015015015015014,92.71675675675675,107.1023123123123,94.94916516516517,65.0,100.0,72.0
image_563.jpg,236,417,0.565947242206235,55.46882494004796,77.40575336341097,126.92925659472422,27.0,84.0,139.0
image_4908.jpg,305,305,1.0,76.11160440741736,76.0032571889277,114.68819134641225,56.0,62.0,112.0
image_1870.jpg,450,325,1.3846153846153846,98.54836239316239,121.91772307692308,199.72282393162394,137.0,109.0,223.0
image_9592.jpg,480,480,1.0,95.26569444444445,39.7632421875,177.47808159722223,106.0,11.0,194.0
image_8854.jpg,236,350,0.6742857142857143,79.85461259079904,52.69937046004843,121.54618644067797,48.0,38.0,124.0
image_6879.jpg,480,720,0.6666666666666666,104.50596064814815,57.35885416666667,177.22399884259258,149.0,35.0,188.0
image_205.jpg,630,472,1.3347457627118644,36.7174670433145,144.2254069141781,128.2634382566586,20.0,143.0,130.0
image_3901.jpg,400,267,1.4981273408239701,80.69970037453183,57.86639513108614,155.57441947565542,29.0,13.0,174.0
image_211.jpg,200,100,2.0,48.11265,122.86575,180.36285,23.0,101.0,197.0
image_3915.jpg,170,170,1.0,34.86795847750865,114.75307958477508,217.72512110726643,29.0,99.0,236.0
image_9586.jpg,230,230,1.0,20.657088846880907,83.00274102079395,198.09328922495274,19.0,57.0,226.0
image_8840.jpg,460,306,1.5032679738562091,104.74791133844842,108.50882352941177,160.06426541631146,28.0,91.0,169.0
image_8698.jpg,450,296,1.5202702702702702,20.293843843843845,40.64307807807808,194.0212087087087,15.0,34.0,224.0
image_1864.jpg,236,354,0.6666666666666666,52.094955951354976,45.81157234511156,141.25063439624628,22.0,38.0,146.0
image_577.jpg,599,400,1.4975,144.76125208681134,62.55569282136895,95.64378130217028,212.0,58.0,87.0
image_1694.jpg,280,280,1.0,86.0708418367347,41.35559948979592,166.8349107142857,29.0,27.0,172.0
image_4934.jpg,960,720,1.3333333333333333,28.14748263888889,96.243125,201.48188512731483,21.0,88.0,223.0
image_3083.jpg,236,177,1.3333333333333333,71.19781193143733,74.34350761275496,153.02812889016568,50.0,66.0,158.0
image_239.jpg,480,720,0.6666666666666666,87.11524884259259,55.77734953703704,213.87019386574073,65.0,18.0,227.0
image_5394.jpg,170,135,1.2592592592592593,34.5523311546841,62.47041394335512,239.25734204793028,42.0,15.0,248.0
image_8868.jpg,323,400,0.8075,43.800038699690404,28.3696826625387,128.56831269349846,23.0,28.0,124.0
image_6845.jpg,200,135,1.4814814814814814,56.4147037037037,98.3817037037037,117.497,18.0,82.0,110.0
image_7583.jpg,640,360,1.7777777777777777,17.013580729166666,117.14647569444445,89.51834635416667,14.0,104.0,101.0
image_6851.jpg,1080,720,1.5,80.56821244855968,58.384479166666665,126.19826131687243,42.0,56.0,110.0
image_7597.jpg,300,260,1.1538461538461537,70.3645641025641,9.619935897435898,171.63283333333334,31.0,3.0,251.0
image_5380.jpg,408,408,1.0,126.90248341983852,116.8871768069973,78.63675629565552,149.0,117.0,76.0
image_4920.jpg,634,418,1.5167464114832536,99.3502331969873,32.69600621858633,151.4178716435482,60.0,22.0,148.0
image_3097.jpg,960,720,1.3333333333333333,120.6354224537037,51.29792100694444,216.2437471064815,156.0,16.0,233.0
image_1858.jpg,537,450,1.1933333333333334,22.413205048624043,54.85733912683634,191.92662114628595,21.0,42.0,198.0
image_1680.jpg,477,720,0.6625,71.44091544374564,91.48803575588167,166.09863149312835,36.0,66.0,172.0
image_9237.jpg,248,322,0.7701863354037267,140.71166850330596,68.56679523141655,83.7692721899419,150.0,63.0,64.0
image_8129.jpg,540,720,0.75,61.65932355967078,67.4600128600823,156.28240483539093,24.0,37.0,179.0
image_4713.jpg,560,560,1.0,139.94020408163266,103.9630006377551,68.81200892857143,170.0,82.0,38.0
image_2362.jpg,800,450,1.7777777777777777,92.79929722222222,95.458475,138.0256,23.0,81.0,139.0
image_2404.jpg,492,328,1.5,29.61066701368233,89.55008799325797,177.96739292088043,27.0,111.0,176.0
image_4075.jpg,481,720,0.6680555555555555,122.95846904596904,125.56703626703627,124.8899948024948,151.0,119.0,125.0
image_9551.jpg,960,720,1.3333333333333333,127.31600549768518,43.70945746527778,127.83413049768518,145.0,28.0,139.0
image_8897.jpg,337,450,0.7488888888888889,26.927154632377185,90.30763600395647,159.04042202439828,24.0,87.0,155.0
image_7568.jpg,180,180,1.0,41.47141975308642,84.73895061728395,169.70996913580248,21.0,74.0,180.0
image_9545.jpg,320,320,1.0,32.26466796875,175.171640625,165.45025390625,32.0,191.0,181.0
image_6676.jpg,320,320,1.0,127.490283203125,63.873720703125,142.27708984375,138.0,35.0,166.0
image_8883.jpg,250,187,1.3368983957219251,55.846117647058826,104.17463101604278,184.55381818181817,23.0,89.0,193.0
image_2410.jpg,900,600,1.5,63.22462222222222,105.4855,122.2854074074074,14.0,100.0,120.0
image_4061.jpg,474,713,0.664796633941094,34.94027730928329,90.41549937566946,113.70772453707814,19.0,73.0,109.0
image_3068.jpg,600,290,2.0689655172413794,68.02325862068966,131.01218390804598,161.2945,15.0,113.0,177.0
image_4707.jpg,474,284,1.6690140845070423,38.03620669162655,86.18978427527189,140.64379419979795,15.0,76.0,148.0
image_5419.jpg,705,390,1.8076923076923077,85.09500272776869,30.412991452991452,155.71222404073467,34.0,19.0,178.0
image_2376.jpg,529,720,0.7347222222222223,35.99723534971645,60.355878491913465,159.75062486872505,24.0,57.0,139.0
image_9223.jpg,450,337,1.3353115727002967,95.23291130893504,118.11668315199472,203.04779426310583,127.0,86.0,232.0
image_6110.jpg,450,225,2.0,67.56890864197531,136.21676049382717,84.79465679012345,63.0,138.0,79.0
image_3040.jpg,236,177,1.3333333333333333,29.412908168150913,28.234152063583263,225.9924590634875,26.0,13.0,244.0
image_5431.jpg,1152,720,1.6,117.16213831018518,73.06668957368827,96.91181640625,127.0,60.0,84.0
image_1657.jpg,584,412,1.4174757281553398,116.62149221971006,54.57671814736002,208.2126945072483,130.0,32.0,222.0
image_6138.jpg,1079,720,1.4986111111111111,53.10341751621872,65.02251312944084,117.4977280918546,23.0,46.0,96.0
image_7226.jpg,300,300,1.0,100.54993333333333,93.82774444444445,152.67943333333332,19.0,102.0,157.0
image_8115.jpg,910,480,1.8958333333333333,47.09425366300366,77.30906822344322,188.936076007326,26.0,56.0,193.0
image_6886.jpg,257,207,1.2415458937198067,77.32925430929153,63.52395721724093,123.33771311490817,60.0,53.0,125.0
image_7540.jpg,214,280,0.7642857142857142,42.477553404539385,68.08948598130841,206.23543057409879,36.0,51.0,232.0
image_8673.jpg,800,450,1.7777777777777777,76.68785,97.75876944444444,161.61577222222223,31.0,81.0,181.0
image_1131.jpg,236,355,0.6647887323943662,94.8945810455956,21.721819049892577,210.39739794700407,71.0,6.0,232.0
image_2438.jpg,1040,690,1.5072463768115942,72.06311454849498,62.30189659977704,134.89033026755854,31.0,55.0,135.0
image_5357.jpg,340,270,1.2592592592592593,57.88779956427015,88.90203703703703,150.1161982570806,49.0,93.0,141.0
image_4049.jpg,340,270,1.2592592592592593,98.0684531590414,112.96826797385621,113.41845315904139,54.0,131.0,72.0
image_3726.jpg,250,167,1.4970059880239521,59.742299401197606,95.43932934131736,140.3083113772455,27.0,53.0,142.0
image_5343.jpg,170,148,1.1486486486486487,49.21844197138315,154.58859300476948,150.2095786963434,45.0,157.0,153.0
image_6892.jpg,80,80,1.0,0.0,0.0,214.609375,0.0,0.0,255.0
image_7554.jpg,281,175,1.6057142857142856,68.04998474834774,124.24315200813422,97.50934417895272,17.0,141.0,79.0
image_8667.jpg,1080,720,1.5,56.364332561728396,46.6548984053498,189.47578832304526,22.0,25.0,197.0
image_9579.jpg,300,200,1.5,112.67248333333333,38.057966666666665,221.75698333333332,139.0,20.0,254.0
image_1125.jpg,495,495,1.0,102.26991939598,103.15881236608509,165.09926334047546,26.0,81.0,165.0
image_1643.jpg,450,300,1.5,102.54302962962963,86.43024444444444,153.4192888888889,146.0,79.0,146.0
image_7232.jpg,300,450,0.6666666666666666,126.4543925925926,18.405362962962965,218.66057037037038,139.0,13.0,228.0
image_8101.jpg,1000,563,1.7761989342806395,26.24251509769094,173.44518294849024,155.76449378330372,24.0,184.0,158.0
image_588.jpg,446,251,1.7768924302788844,112.15402962142461,115.25606989084022,211.34697086095082,131.0,110.0,228.0
image_417.jpg,800,534,1.4981273408239701,56.4634925093633,66.93164559925094,98.18346676029962,36.0,60.0,83.0
image_9380.jpg,480,720,0.6666666666666666,119.21760416666666,36.949441550925926,152.5242795138889,154.0,31.0,185.0
image_8920.jpg,325,376,0.8643617021276596,47.90805237315875,57.16058919803601,208.80756137479543,35.0,22.0,236.0
image_371.jpg,250,250,1.0,26.20728,41.712288,189.104352,24.0,45.0,211.0
image_3875.jpg,300,450,0.6666666666666666,82.41241481481481,79.6665111111111,106.24702222222223,34.0,71.0,98.0
image_365.jpg,300,450,0.6666666666666666,42.66974074074074,151.51182222222224,178.96603703703704,11.0,172.0,189.0
image_6919.jpg,182,105,1.7333333333333334,87.71548927263213,67.09947671376243,136.8880167451596,65.0,58.0,145.0
image_8934.jpg,962,640,1.503125,97.3115173466736,170.41647609147608,87.28092515592516,9.0,179.0,65.0
image_1910.jpg,600,600,1.0,27.216025,12.697052777777778,229.498475,0.0,0.0,255.0
image_4868.jpg,236,309,0.7637540453074434,31.33903790247381,69.72308156436839,179.30294553233503,18.0,42.0,191.0
image_7391.jpg,800,534,1.4981273408239701,76.33222378277154,64.88665964419475,68.98643492509363,34.0,42.0,69.0
image_1938.jpg,1166,640,1.821875,144.7424997319897,208.0520596590909,166.70590426672385,146.0,224.0,176.0
image_4698.jpg,200,200,1.0,106.06265,51.510525,147.41995,127.0,27.0,160.0
image_4840.jpg,640,480,1.3333333333333333,89.049755859375,60.08774739583333,77.90641276041667,88.0,45.0,41.0
image_3849.jpg,450,338,1.331360946745562,86.43556870479948,72.55146614069692,149.20339907955292,37.0,24.0,160.0
image_3691.jpg,236,314,0.7515923566878981,49.25893339091007,27.421124365756235,136.89553870236423,31.0,14.0,137.0
image_6931.jpg,80,80,1.0,0.0,0.0,214.609375,0.0,0.0,255.0
image_1086.jpg,576,720,0.8,91.56371527777777,65.31542004243828,199.99475308641976,87.0,46.0,228.0
image_6925.jpg,583,720,0.8097222222222222,114.86424385363064,76.22557175528874,133.65272298456262,51.0,55.0,177.0
image_8908.jpg,543,720,0.7541666666666667,31.25968641293227,111.61538264784122,176.07647585430735,32.0,123.0,185.0
image_1092.jpg,259,194,1.3350515463917525,117.80408390717669,67.4427616128647,116.4112964216057,136.0,51.0,96.0
image_359.jpg,800,445,1.797752808988764,138.7673679775281,118.31628651685394,219.76194101123596,150.0,107.0,246.0
image_5592.jpg,300,300,1.0,97.52201111111111,109.01225555555556,190.1352222222222,111.0,102.0,200.0
image_7385.jpg,527,720,0.7319444444444444,0.0,0.0,181.40961416824794,0.0,0.0,215.0
image_9343.jpg,474,316,1.5,57.277573038508784,25.242856379853656,154.9597553810821,29.0,21.0,183.0
image_6070.jpg,900,600,1.5,33.0263962962963,141.39214074074073,145.1648425925926,18.0,140.0,153.0
image_2216.jpg,480,720,0.6666666666666666,104.34287037037036,29.14056712962963,222.32658564814815,106.0,6.0,237.0
image_5579.jpg,550,426,1.2910798122065728,141.29233034571064,114.16986769099445,200.69422108408023,144.0,105.0,206.0
image_4667.jpg,570,377,1.5119363395225465,112.9332867978966,109.06855600539811,186.75200335055143,98.0,101.0,212.0
image_4101.jpg,685,355,1.9295774647887325,99.63997532641102,47.98796751310785,212.3354292176416,131.0,20.0,226.0
image_2570.jpg,500,371,1.3477088948787062,70.38095956873315,123.09687870619946,153.54817250673855,53.0,118.0,163.0
image_1079.jpg,800,648,1.2345679012345678,149.8202912808642,70.98456018518519,96.17898919753087,160.0,62.0,83.0
image_6716.jpg,360,240,1.5,54.14392361111111,147.98916666666668,157.57225694444443,18.0,136.0,146.0
image_9431.jpg,340,270,1.2592592592592593,73.05686274509804,58.339694989106754,179.24370370370372,36.0,58.0,183.0
image_6702.jpg,236,314,0.7515923566878981,66.21266058512361,89.97708625715211,171.69459138508043,32.0,77.0,170.0
image_4115.jpg,640,480,1.3333333333333333,131.692587890625,92.282529296875,211.73982747395834,154.0,66.0,220.0
image_2564.jpg,736,610,1.2065573770491804,58.60963782965075,71.75692266571632,133.56642462580186,23.0,57.0,136.0
image_2202.jpg,500,500,1.0,155.313972,168.740512,97.521704,175.0,180.0,58.0
image_9357.jpg,194,259,0.749034749034749,66.10534171874379,83.67669068184532,170.66180392469053,29.0,76.0,177.0
image_4883.jpg,450,250,1.8,54.42704888888889,131.20255111111112,218.73427555555554,36.0,133.0,227.0
image_5545.jpg,457,720,0.6347222222222222,92.82589654753221,64.75649161196208,141.72603634816437,68.0,56.0,129.0
image_3134.jpg,240,240,1.0,119.64888888888889,49.45862847222222,211.03258680555555,12.0,38.0,221.0
image_7352.jpg,450,450,1.0,98.89664197530864,113.53438024691359,118.32311604938272,143.0,119.0,79.0
image_1723.jpg,530,707,0.7496463932107497,64.3458354460783,111.63984948360066,108.9091617517547,56.0,88.0,95.0
image_1045.jpg,450,299,1.5050167224080269,47.653504273504275,55.550791527313265,202.8303232998885,20.0,29.0,222.0
image_9419.jpg,450,300,1.5,97.15524444444445,32.205385185185186,169.1602,106.0,3.0,199.0
image_7434.jpg,236,345,0.6840579710144927,118.64164824367477,42.56488577745026,197.63356669123067,147.0,9.0,242.0
image_8707.jpg,340,270,1.2592592592592593,62.87825708061002,93.33433551198257,157.66461873638343,24.0,91.0,164.0
image_3652.jpg,1080,597,1.8090452261306533,89.19908958372108,112.42416092809728,185.8498867795769,97.0,107.0,200.0
image_5223.jpg,640,360,1.7777777777777777,97.82549045138889,98.02552951388888,165.69905815972223,120.0,93.0,177.0
image_3646.jpg,1080,720,1.5,79.76289866255144,69.39249485596707,161.2692991255144,46.0,45.0,177.0
image_4129.jpg,238,250,0.952,50.90405042016807,73.62813445378151,212.69240336134453,27.0,56.0,248.0
image_5237.jpg,690,690,1.0,21.016273892039486,21.1498088636841,232.7495127074144,0.0,0.0,240.0
image_1051.jpg,180,269,0.6691449814126395,35.13608013217679,108.64444444444445,174.34320528707147,30.0,112.0,191.0
image_7420.jpg,340,270,1.2592592592592593,19.56686274509804,80.17332244008715,217.0368191721133,23.0,68.0,223.0
image_8713.jpg,236,352,0.6704545454545454,74.09446022727273,76.43061440677967,140.8811753659476,42.0,62.0,132.0
image_7346.jpg,474,626,0.7571884984025559,0.0,0.0,199.84092287782585,0.0,0.0,220.0
image_22.jpg,790,445,1.7752808988764044,80.67647276347603,36.7317422841701,131.1348399943109,70.0,9.0,134.0
image_8075.jpg,580,226,2.566371681415929,29.4834909978639,99.54280592004882,107.20866646322857,19.0,123.0,84.0
image_1737.jpg,213,160,1.33125,54.82432511737089,177.29433685446008,124.82529342723005,46.0,186.0,106.0
image_4897.jpg,220,220,1.0,68.99611570247934,83.4555785123967,68.42469008264463,42.0,55.0,50.0
image_173.jpg,450,310,1.4516129032258065,47.32522580645161,104.66754838709677,200.52110394265233,41.0,7.0,255.0
image_7811.jpg,540,720,0.75,47.12018261316872,189.08376286008232,196.45833847736625,28.0,199.0,203.0
image_9182.jpg,670,300,2.2333333333333334,53.37176616915423,113.35768656716418,153.74455223880597,17.0,121.0,147.0
image_5960.jpg,350,262,1.3358778625954197,141.20368593238823,66.27321701199564,143.98729552889858,184.0,45.0,151.0
image_601.jpg,500,447,1.1185682326621924,45.22140044742729,20.871073825503355,211.58411185682326,16.0,3.0,247.0
image_5974.jpg,501,720,0.6958333333333333,33.456925038811264,49.078052228875585,190.84907961854069,29.0,28.0,199.0
image_9196.jpg,164,164,1.0,31.221631469363473,56.28528405710886,86.2704491374182,31.0,42.0,85.0
image_7805.jpg,900,500,1.8,60.42486888888889,106.99897777777778,123.96622,20.0,97.0,118.0
image_9828.jpg,400,267,1.4981273408239701,92.93343632958802,69.05640449438202,140.13063670411984,127.0,63.0,148.0
image_167.jpg,450,300,1.5,114.07218518518519,98.68794814814815,155.81608888888888,62.0,74.0,156.0
image_1284.jpg,200,300,0.6666666666666666,55.3424,27.202816666666667,74.30316666666667,28.0,22.0,51.0
image_9800.jpg,388,291,1.3333333333333333,97.67619654940306,21.769440606511495,162.3128830552308,120.0,11.0,170.0
image_2955.jpg,800,533,1.5009380863039399,153.63839821763602,31.522718105065668,214.6869277673546,155.0,29.0,225.0
image_3493.jpg,1222,580,2.106896551724138,93.50825949545685,103.60452198205316,138.52623878322706,78.0,90.0,136.0
image_5784.jpg,205,246,0.8333333333333334,0.0,0.0,216.63624826492168,0.0,0.0,254.0
image_629.jpg,250,178,1.404494382022472,53.75808988764045,39.96552808988764,209.1903595505618,29.0,30.0,219.0
image_7193.jpg,640,427,1.4988290398126465,79.17423521662764,74.51649590163935,131.88486899882903,59.0,62.0,125.0
image_7187.jpg,589,450,1.308888888888889,67.59649500094322,124.15142425957366,101.94043765327297,67.0,118.0,90.0
image_5790.jpg,312,162,1.9259259259259258,103.1582383665717,67.13048037353593,98.70113168724279,143.0,37.0,79.0
image_5948.jpg,340,270,1.2592592592592593,62.31471677559913,76.42362745098039,210.71718954248365,28.0,14.0,233.0
image_2941.jpg,460,259,1.776061776061776,94.95055397011919,72.5376783615914,147.71569582004363,31.0,71.0,165.0
image_3487.jpg,520,520,1.0,70.66479659763314,46.6036649408284,209.85865384615386,28.0,37.0,213.0
image_2799.jpg,340,270,1.2592592592592593,77.31539215686274,61.91196078431373,166.9225816993464,54.0,22.0,184.0
image_1290.jpg,256,256,1.0,39.77751159667969,132.10726928710938,126.18385314941406,11.0,153.0,79.0
image_7839.jpg,80,80,1.0,0.0,0.0,214.609375,0.0,0.0,255.0
image_9814.jpg,171,139,1.2302158273381294,92.95927468551474,66.42673229837183,120.31629433295468,113.0,55.0,77.0
image_6514.jpg,800,600,1.3333333333333333,103.48595208333333,46.3201,143.51848125,51.0,19.0,149.0
image_9627.jpg,720,720,1.0,14.816238425925926,10.457447916666666,231.05874421296295,0.0,0.0,255.0
image_2772.jpg,350,350,1.0,63.52113469387755,82.47728979591837,193.0664163265306,25.0,66.0,225.0
image_4303.jpg,960,720,1.3333333333333333,130.67457465277778,149.09008101851853,200.54287181712962,142.0,145.0,222.0
image_4465.jpg,552,720,0.7666666666666667,104.21180052334944,95.35721618357488,130.98026117149757,141.0,99.0,105.0
image_2014.jpg,735,490,1.5,31.714835485214493,80.55825628210468,189.23619047619047,29.0,45.0,227.0
image_6272.jpg,320,240,1.3333333333333333,141.88178385416666,200.23114583333333,113.34391927083334,170.0,221.0,105.0
image_9141.jpg,259,194,1.3350515463917525,76.17539704653106,118.48696413644868,97.92624288500578,56.0,115.0,84.0
image_1509.jpg,516,720,0.7166666666666667,34.156338824289406,84.3140665374677,174.1563872739018,23.0,64.0,186.0
image_9155.jpg,575,600,0.9583333333333334,72.30211304347826,79.06730434782608,229.08486376811595,14.0,61.0,245.0
image_7178.jpg,1024,619,1.654281098546042,157.92429195274636,104.83679258380452,137.15724076130857,204.0,94.0,138.0
image_4471.jpg,80,80,1.0,0.0,0.0,214.609375,0.0,0.0,255.0
image_5009.jpg,206,305,0.6754098360655738,149.78562788476842,129.83464905300016,143.71061594779565,153.0,132.0,148.0
image_4317.jpg,374,374,1.0,63.95992164488547,9.765342160199033,70.04381738110898,0.0,0.0,0.0
image_3478.jpg,960,720,1.3333333333333333,55.24184172453704,132.3783347800926,148.9072092013889,10.0,133.0,155.0
image_6500.jpg,400,300,1.3333333333333333,77.250275,77.59370833333334,125.64759166666667,47.0,79.0,136.0
image_9633.jpg,840,450,1.8666666666666667,25.37162962962963,137.45422222222223,100.31291534391535,21.0,147.0,59.0
image_3450.jpg,1277,720,1.773611111111111,7.800579700687375,13.282877621160706,22.72175889671974,0.0,0.0,0.0
image_8505.jpg,270,358,0.7541899441340782,61.94516863231947,20.713252638112973,191.24098903372646,42.0,13.0,200.0
image_7636.jpg,480,241,1.991701244813278,98.66925138312587,44.03590076071922,181.31307918395575,133.0,20.0,198.0
image_6528.jpg,1280,720,1.7777777777777777,21.187305772569445,98.30962673611111,122.00217664930555,22.0,103.0,121.0
image_1247.jpg,360,289,1.245674740484429,70.35994809688582,62.314686658977315,243.62105920799692,0.0,0.0,255.0
image_8263.jpg,474,501,0.9461077844311377,46.82852017484019,135.4920833438608,193.4706662624119,31.0,159.0,232.0
image_7150.jpg,500,300,1.6666666666666667,106.49648666666667,61.776,127.96634666666667,28.0,40.0,137.0
image_832.jpg,372,395,0.9417721518987342,83.41407377160746,58.40880631550293,139.36273308833537,27.0,40.0,130.0
image_4459.jpg,236,355,0.6647887323943662,111.92549534495106,47.16925280496539,160.77056576748626,155.0,19.0,210.0
image_5747.jpg,591,444,1.3310810810810811,108.95118214661362,55.292941418575936,135.79169905946554,130.0,43.0,157.0
image_2028.jpg,228,228,1.0,104.64160126192675,100.86613188673438,222.0365112342259,2.0,80.0,237.0
image_3322.jpg,627,480,1.30625,87.06971358320042,32.50388423710792,151.47846557682084,93.0,31.0,138.0
image_5753.jpg,320,320,1.0,15.783974609375,61.059775390625,189.29810546875,7.0,1.0,255.0
image_1535.jpg,550,309,1.779935275080906,78.78138275963519,115.09177405119152,154.1668137687555,27.0,116.0,179.0
image_9169.jpg,960,720,1.3333333333333333,113.89657262731481,122.12398292824074,163.52481047453705,134.0,123.0,183.0
image_8277.jpg,1008,720,1.4,75.52349950396825,14.08049217372134,109.49780505952381,42.0,2.0,91.0
image_7144.jpg,900,720,1.25,72.35959104938271,74.57446913580247,211.11441512345678,27.0,92.0,217.0
image_8511.jpg,300,300,1.0,49.31624444444444,109.28082222222223,128.42646666666667,21.0,108.0,131.0
image_7622.jpg,240,160,1.5,35.46440104166667,106.79356770833333,151.97979166666667,21.0,113.0,140.0
image_1253.jpg,400,300,1.3333333333333333,57.0231,93.46099166666667,136.78454166666666,57.0,95.0,129.0
image_5035.jpg,600,467,1.284796573875803,122.38522483940042,34.4259778729479,167.29037473233404,72.0,9.0,182.0
image_198.jpg,282,211,1.3364928909952607,108.65596114416323,65.0788376861282,142.37227320090082,138.0,29.0,133.0
image_2982.jpg,640,427,1.4988290398126465,87.84544423302108,68.46162177985948,80.18769394028104,16.0,63.0,50.0
image_3444.jpg,567,700,0.81,79.56824137062232,113.13846056941296,137.6600277147896,16.0,102.0,136.0
image_9637.jpg,540,720,0.75,70.98747942386831,60.829557613168724,189.94642232510287,27.0,56.0,204.0
image_6504.jpg,690,460,1.5,92.92206679269061,82.4511720226843,189.5903717706364,42.0,51.0,197.0
image_8529.jpg,1200,642,1.8691588785046729,44.79058541017653,130.01979750778816,68.48925493250259,41.0,127.0,56.0
image_4313.jpg,480,720,0.6666666666666666,90.83137731481482,43.7611400462963,165.35097222222223,37.0,35.0,164.0
image_4475.jpg,480,720,0.6666666666666666,32.76568865740741,141.11312210648148,138.63451388888888,17.0,139.0,137.0
image_9151.jpg,1280,717,1.7852161785216178,124.18909954672246,97.768274930265,131.3729417276848,137.0,84.0,117.0
image_6262.jpg,170,170,1.0,166.680276816609,56.195328719723186,229.03965397923875,230.0,14.0,252.0
image_7168.jpg,320,180,1.7777777777777777,145.9048611111111,170.69605902777778,112.7193923611111,174.0,201.0,111.0
image_1519.jpg,450,300,1.5,163.0783925925926,163.4449185185185,167.32165925925926,162.0,176.0,206.0
image_9145.jpg,150,150,1.0,106.39582222222222,43.915333333333336,180.75653333333332,106.0,18.0,199.0
image_6276.jpg,900,700,1.2857142857142858,28.94103492063492,129.2114380952381,149.06840793650792,22.0,145.0,136.0
image_4461.jpg,400,500,0.8,52.949835,142.57097,87.825025,42.0,135.0,81.0
image_4307.jpg,450,357,1.2605042016806722,103.98982882041706,70.34744475568004,104.6869654528478,138.0,67.0,102.0
image_3468.jpg,300,300,1.0,26.369866666666667,93.93261111111111,192.22948888888888,20.0,82.0,209.0
image_2776.jpg,480,640,0.75,82.22069010416666,110.02337239583333,174.91344075520834,29.0,126.0,235.0
image_5019.jpg,1080,720,1.5,73.1560519547325,122.00733667695474,109.93603780864197,52.0,110.0,98.0
image_9623.jpg,600,400,1.5,44.517633333333336,74.798975,157.15118333333334,24.0,61.0,180.0
image_6510.jpg,107,160,0.66875,62.51752336448598,141.66968457943926,107.75309579439252,50.0,158.0,111.0
image_2986.jpg,620,415,1.4939759036144578,58.918880684026426,71.30357559269335,136.0753983676642,25.0,75.0,149.0
image_3440.jpg,320,320,1.0,71.53515625,45.9959375,178.030380859375,12.0,6.0,238.0
image_5031.jpg,600,400,1.5,60.6216625,37.09107083333333,140.98752916666666,47.0,27.0,129.0
image_7626.jpg,300,285,1.0526315789473684,61.73443274853801,88.68019883040935,99.00039766081872,58.0,87.0,97.0
image_8515.jpg,236,354,0.6666666666666666,142.2066575696639,102.24030451019821,189.09689504931532,176.0,99.0,196.0
image_7140.jpg,545,720,0.7569444444444444,63.35327981651376,122.38579765545362,66.07802752293578,13.0,115.0,48.0
image_8273.jpg,1080,720,1.5,0.0,0.0,137.86955375514404,0.0,0.0,150.0
image_1531.jpg,1280,640,2.0,87.20489379882812,119.87301635742188,169.61980346679687,56.0,127.0,168.0
image_5757.jpg,236,236,1.0,69.93439385234129,88.5706154840563,134.46978239011779,20.0,80.0,130.0
image_2038.jpg,474,644,0.7360248447204969,45.10978326388343,116.37524241947742,181.12007626385721,21.0,88.0,188.0
image_3326.jpg,1080,720,1.5,35.56436599794239,33.46579603909465,162.05931841563785,17.0,23.0,175.0
image_822.jpg,500,500,1.0,99.146648,103.550932,133.94486,123.0,100.0,132.0
image_4449.jpg,961,640,1.5015625,66.5997024583767,56.828723335067636,110.16170492976066,34.0,34.0,112.0
image_5743.jpg,600,469,1.279317697228145,49.65771855010661,62.79716062544421,164.30645344705047,34.0,35.0,172.0
image_3332.jpg,270,480,0.5625,125.84792438271604,77.0132561728395,151.22233024691357,151.0,69.0,146.0
image_7154.jpg,403,304,1.325657894736842,47.66537971790518,42.929321209350924,177.15094031605068,14.0,2.0,235.0
image_8267.jpg,375,500,0.75,121.05854933333333,70.24549866666666,113.26135466666666,113.0,43.0,120.0
image_1525.jpg,255,160,1.59375,60.31411764705882,30.2334068627451,224.2731862745098,18.0,2.0,255.0
image_9179.jpg,1080,720,1.5,120.86096450617283,16.523735853909464,210.77830118312758,156.0,11.0,222.0
image_1243.jpg,450,300,1.5,87.2428962962963,68.37796296296297,205.62161481481482,107.0,55.0,221.0
image_7632.jpg,480,720,0.6666666666666666,116.87034722222222,162.66298032407408,153.5537615740741,74.0,187.0,135.0
image_2992.jpg,660,437,1.5102974828375286,112.81405935788086,65.53986894112752,132.8884716732543,162.0,25.0,153.0
image_3454.jpg,300,478,0.6276150627615062,106.50486052998605,22.860348675034867,102.60989539748954,145.0,14.0,96.0
image_5025.jpg,300,450,0.6666666666666666,22.277585185185185,129.6819111111111,169.3066074074074,17.0,107.0,208.0
image_188.jpg,250,250,1.0,168.839584,6.802528,203.413456,178.0,6.0,208.0
image_163.jpg,200,130,1.5384615384615385,93.7528076923077,31.957153846153847,106.31026923076924,60.0,26.0,109.0
image_2979.jpg,236,177,1.3333333333333333,71.02700373455903,45.98068083883941,178.01649430240352,56.0,12.0,213.0
image_9192.jpg,236,324,0.7283950617283951,88.06633186859176,44.86568842854154,189.93462282904375,47.0,22.0,202.0
image_5970.jpg,1280,720,1.7777777777777777,78.62276041666667,153.8936111111111,125.97775065104166,62.0,180.0,115.0
image_605.jpg,480,311,1.5434083601286173,86.3501674705252,100.99361602357985,173.5078443193998,30.0,88.0,191.0
image_5964.jpg,460,230,2.0,95.95114366729679,105.98821361058602,76.48086956521739,106.0,97.0,48.0
image_9186.jpg,450,450,1.0,121.17786172839506,62.08909135802469,195.47106172839506,160.0,38.0,201.0
image_8298.jpg,216,340,0.6352941176470588,69.31938997821351,107.11691176470588,185.41398420479302,28.0,98.0,223.0
image_7815.jpg,372,480,0.775,58.87317988351254,31.18345654121864,98.99949036738352,51.0,26.0,84.0
image_9810.jpg,1000,667,1.4992503748125936,39.877874062968516,130.678976011994,142.48977811094454,24.0,134.0,146.0
image_1294.jpg,1080,720,1.5,30.342596450617282,97.03917566872428,100.58103523662551,18.0,92.0,54.0
image_2945.jpg,200,227,0.8810572687224669,51.50165198237885,65.31407488986784,148.93132158590308,41.0,66.0,128.0
image_3483.jpg,480,720,0.6666666666666666,80.24253472222222,97.42019675925926,172.68140625,52.0,93.0,181.0
image_5794.jpg,480,720,0.6666666666666666,83.86961226851852,64.41953703703703,166.5363599537037,42.0,49.0,159.0
image_639.jpg,498,332,1.5,95.78319301301592,20.734788551797553,203.20742004161224,127.0,14.0,215.0
image_7183.jpg,470,403,1.1662531017369726,23.500237579853227,42.53695686605776,188.74189324745262,21.0,33.0,185.0
image_6289.jpg,626,417,1.501199040767386,50.43468867078861,93.30822243163935,186.45729422851494,56.0,51.0,237.0
image_7197.jpg,216,216,1.0,5.3756430041152266,6.347843792866941,181.33502657750344,0.0,0.0,229.0
image_5958.jpg,236,157,1.5031847133757963,97.44526611249056,58.685981863327214,200.72190435064235,113.0,18.0,227.0
image_2789.jpg,400,305,1.3114754098360655,78.0865,89.57966393442624,175.83241803278688,45.0,77.0,193.0
image_3497.jpg,1024,683,1.499267935578331,74.42809325814422,38.320514103678626,171.17477752104685,49.0,31.0,176.0
image_9804.jpg,236,297,0.7946127946127947,94.548122467614,51.10996975403755,176.63632083547338,24.0,25.0,205.0
image_7829.jpg,520,693,0.7503607503607503,117.59663114663114,42.10700133200133,147.57713397713397,143.0,15.0,148.0
image_9353.jpg,800,533,1.5009380863039399,82.32367026266417,110.09807926829268,108.33067542213884,21.0,113.0,112.0
image_4677.jpg,358,720,0.49722222222222223,72.91303150217256,58.58821772191185,226.21661623215394,62.0,43.0,232.0
image_2206.jpg,626,352,1.7784090909090908,34.23626742666279,98.06033981992448,158.61199807580599,14.0,79.0,170.0
image_5569.jpg,500,375,1.3333333333333333,86.19104,69.743744,136.250144,21.0,61.0,133.0
image_2560.jpg,700,500,1.4,57.939502857142855,86.78512571428571,127.1971,33.0,85.0,134.0
image_4111.jpg,680,453,1.5011037527593818,105.26674457862616,79.68689455914816,110.40445396701728,134.0,79.0,95.0
image_7418.jpg,640,375,1.7066666666666668,70.437425,91.8931875,140.11765,21.0,90.0,154.0
image_1069.jpg,800,600,1.3333333333333333,52.27992291666666,104.60857916666667,108.63948541666667,18.0,95.0,110.0
image_6706.jpg,400,245,1.6326530612244898,117.4095306122449,73.34095918367348,157.00879591836735,142.0,35.0,164.0
image_6712.jpg,495,720,0.6875,34.06551346801347,168.64890852974187,223.85842031425364,33.0,173.0,254.0
image_9421.jpg,600,720,0.8333333333333334,44.16376388888889,20.13504398148148,244.30442824074075,0.0,0.0,254.0
image_4105.jpg,236,315,0.7492063492063492,78.49705407586764,97.85548829701372,83.906268496099,68.0,100.0,54.0
image_4663.jpg,730,410,1.7804878048780488,1.4761710658202472,1.6917875041764117,23.18923488138991,0.0,0.0,0.0
image_2212.jpg,212,225,0.9422222222222222,91.45142557651991,28.05796645702306,162.97574423480083,89.0,17.0,166.0
image_6074.jpg,700,488,1.4344262295081966,85.28185597189696,92.86151639344263,149.25441451990633,29.0,83.0,147.0
image_9347.jpg,720,720,1.0,105.55569058641976,23.661053240740742,146.3311226851852,136.0,17.0,134.0
image_8059.jpg,362,241,1.5020746887966805,48.847126384081065,52.27881066458816,152.70158868434928,43.0,48.0,159.0
image_3124.jpg,690,690,1.0,67.48689561016593,49.626958622138204,215.85857172862845,0.0,0.0,255.0
image_4893.jpg,720,720,1.0,62.37096643518519,44.49509066358025,173.53261188271605,18.0,31.0,182.0
image_5555.jpg,225,211,1.066350710900474,21.290658241179568,105.37358609794629,222.73891521853608,22.0,143.0,226.0
image_1733.jpg,1024,683,1.499267935578331,150.72631085285505,56.54319466050512,135.21461783949488,159.0,27.0,117.0
image_8071.jpg,300,168,1.7857142857142858,68.2986507936508,49.26486111111111,91.96785714285714,42.0,34.0,69.0
image_26.jpg,556,720,0.7722222222222223,20.106637190247802,152.95392935651478,117.5318220423661,21.0,126.0,105.0
image_7342.jpg,770,359,2.1448467966573816,131.61057048800782,58.61080562891148,153.74155120645372,149.0,42.0,158.0
image_7424.jpg,653,490,1.3326530612244898,54.76982842141451,77.4414851392318,133.82278026064944,27.0,63.0,137.0
image_1055.jpg,800,506,1.5810276679841897,85.06280385375494,67.45252470355732,179.42140316205533,25.0,57.0,191.0
image_9409.jpg,480,720,0.6666666666666666,64.09874131944444,76.67048611111112,143.36638020833334,34.0,56.0,149.0
image_3642.jpg,236,330,0.7151515151515152,104.77582177709296,69.33220338983051,206.29596815613766,42.0,13.0,239.0
image_5227.jpg,850,445,1.9101123595505618,72.46325710508923,78.06793390614673,98.87537607402511,28.0,52.0,91.0
image_4139.jpg,720,405,1.7777777777777777,28.495462962962964,19.05661865569273,41.602740054869685,0.0,0.0,34.0
image_8703.jpg,781,720,1.0847222222222221,48.043341869398205,98.87604211125338,175.13152475458813,24.0,76.0,186.0
image_7430.jpg,574,720,0.7972222222222223,34.15183410762679,26.22974496709253,204.2894744483159,34.0,17.0,208.0
image_1041.jpg,450,298,1.5100671140939597,57.50972408650261,89.83161819537658,88.42926174496644,37.0,80.0,85.0
image_1727.jpg,351,264,1.3295454545454546,89.69637615470948,119.4776936026936,45.54091124924458,99.0,95.0,31.0
image_32.jpg,361,240,1.5041666666666667,131.7674976915974,132.43045937211448,64.62565789473685,140.0,141.0,56.0
image_8065.jpg,440,322,1.3664596273291925,44.32927018633541,82.08654714850367,141.6473814229249,43.0,71.0,144.0
image_7356.jpg,236,236,1.0,0.0,0.0,128.40383510485492,0.0,0.0,158.0
image_3130.jpg,960,720,1.3333333333333333,106.69853009259259,70.32953269675926,103.31468171296297,145.0,58.0,91.0
image_4887.jpg,1080,720,1.5,61.22795138888889,57.020172325102884,195.66558641975308,27.0,48.0,221.0
image_5541.jpg,720,720,1.0,116.3646412037037,30.94257137345679,173.44273726851853,127.0,22.0,173.0
image_407.jpg,203,160,1.26875,93.91129926108374,54.4423645320197,238.69670566502464,69.0,55.0,250.0
image_1914.jpg,923,720,1.2819444444444446,66.43991061755146,45.190494462501505,197.37284067653786,45.0,22.0,214.0
image_9390.jpg,640,360,1.7777777777777777,72.80135850694444,63.04575954861111,130.96414496527777,45.0,56.0,138.0
image_8930.jpg,474,315,1.5047619047619047,91.79902886611747,66.8810193557029,95.27850110508338,58.0,45.0,86.0
image_3865.jpg,450,300,1.5,146.03903703703705,97.2674,213.83105925925926,148.0,86.0,224.0
image_361.jpg,620,372,1.6666666666666667,52.783493756503645,29.073955081512313,217.3209243843219,42.0,12.0,239.0
image_3871.jpg,652,720,0.9055555555555556,25.172816547375596,103.49694103612815,218.84533486707568,24.0,89.0,226.0
image_375.jpg,479,720,0.6652777777777777,41.19996810484806,41.82217582927395,215.31544885177453,29.0,32.0,230.0
image_9384.jpg,340,270,1.2592592592592593,41.30033769063181,89.35443355119826,135.5087037037037,33.0,69.0,140.0
image_4878.jpg,1280,720,1.7777777777777777,169.4341623263889,45.613110894097225,148.2123166232639,172.0,26.0,171.0
image_413.jpg,625,417,1.498800959232614,40.93174100719425,14.657346762589928,186.84738225419665,0.0,0.0,255.0
image_1928.jpg,500,500,1.0,55.870032,29.177168,240.027908,17.0,2.0,254.0
image_7381.jpg,514,720,0.7138888888888889,29.225083765672288,140.8790126459144,83.66342952875054,20.0,142.0,63.0
image_4850.jpg,1080,720,1.5,63.62782278806584,44.191648662551444,129.20401491769547,21.0,29.0,134.0
image_5596.jpg,435,720,0.6041666666666666,41.791283524904216,52.73308748403576,172.36110153256706,25.0,38.0,185.0
image_3681.jpg,1080,720,1.5,138.4202186213992,71.48390946502057,63.03366640946502,176.0,67.0,45.0
image_6921.jpg,236,354,0.6666666666666666,142.43143732643875,47.68985205400747,108.44916451211338,161.0,34.0,83.0
image_8918.jpg,832,468,1.7777777777777777,109.27717167981591,81.86702313445102,176.3084910215319,147.0,86.0,201.0
image_6935.jpg,1079,720,1.4986111111111111,55.9070281124498,8.300980846462775,223.69349577798374,42.0,2.0,230.0
image_3695.jpg,550,370,1.4864864864864864,82.33688943488943,65.85008353808354,141.12986732186732,29.0,65.0,139.0
image_349.jpg,504,720,0.7,20.924355158730158,31.138756613756613,213.59826940035273,0.0,0.0,255.0
image_5582.jpg,237,250,0.948,94.63893670886075,101.77736708860759,213.10644725738396,36.0,96.0,218.0
image_8139.jpg,267,267,1.0,83.9601621568545,69.3203299246728,142.39024253391128,56.0,32.0,133.0
image_6114.jpg,236,236,1.0,100.07584027578282,65.17949224360815,198.90816216604424,33.0,26.0,217.0
image_9227.jpg,289,207,1.396135265700483,71.09551510288685,48.770121859485485,88.71773398191331,47.0,41.0,83.0
image_2372.jpg,299,168,1.7797619047619047,28.91073419334289,105.46555980251632,162.518215480172,23.0,96.0,195.0
image_4703.jpg,850,564,1.5070921985815602,54.88297246558198,102.39206716729245,152.44671464330412,20.0,57.0,164.0
image_4065.jpg,390,280,1.3928571428571428,29.10374542124542,182.49953296703296,103.7750641025641,14.0,208.0,89.0
image_2414.jpg,700,525,1.3333333333333333,52.60106394557823,80.55549115646258,198.97549659863947,32.0,6.0,220.0
image_6672.jpg,600,450,1.3333333333333333,106.29944074074074,65.66355555555556,195.66106296296297,77.0,16.0,206.0
image_9541.jpg,569,600,0.9483333333333334,136.465978324546,82.44071177504394,196.24848857644992,142.0,53.0,216.0
image_8887.jpg,439,720,0.6097222222222223,107.6985478359909,62.24594090103771,197.36009870918755,107.0,49.0,235.0
image_6666.jpg,236,207,1.1400966183574879,50.48145418816016,15.148837304511586,232.3608654712192,24.0,3.0,240.0
image_9555.jpg,509,600,0.8483333333333334,37.58608055009823,77.95154878847413,124.64711525867715,28.0,63.0,127.0
image_8893.jpg,450,450,1.0,63.04528395061728,85.92287407407407,202.78222716049382,28.0,79.0,199.0
image_1109.jpg,480,320,1.5,27.966373697916666,150.14317708333334,123.30366536458334,27.0,139.0,126.0
image_7578.jpg,720,720,1.0,140.5297125771605,72.84813464506173,102.52201774691358,163.0,50.0,90.0
image_4071.jpg,225,163,1.3803680981595092,134.53038854805726,129.07116564417177,168.43585548738923,155.0,147.0,163.0
image_2400.jpg,224,224,1.0,43.33237005739796,36.28832509566327,229.08571827168367,18.0,15.0,253.0
image_5409.jpg,252,400,0.63,44.89456349206349,51.062132936507936,183.821498015873,31.0,41.0,190.0
image_2366.jpg,314,400,0.785,41.36854299363058,42.075987261146494,184.3878423566879,30.0,30.0,190.0
image_3078.jpg,700,394,1.7766497461928934,99.78974981870921,41.34742204496012,132.54715010877447,60.0,24.0,135.0
image_4717.jpg,450,450,1.0,27.523555555555557,31.988997530864197,239.27158024691357,0.0,0.0,255.0
image_6100.jpg,755,720,1.0486111111111112,64.35194996320824,70.76031089036056,175.5005573951435,66.0,60.0,199.0
image_9233.jpg,551,700,0.7871428571428571,129.6097122115634,104.06901996370236,108.84487943997925,145.0,105.0,95.0
image_5421.jpg,450,439,1.0250569476082005,32.86054163502911,81.44525942799291,219.43879524171095,24.0,36.0,230.0
image_3050.jpg,600,400,1.5,53.917425,63.82064583333333,168.20380416666666,27.0,43.0,181.0
image_8105.jpg,500,300,1.6666666666666667,156.50449333333333,65.96814,123.194,156.0,42.0,116.0
image_7236.jpg,340,270,1.2592592592592593,51.44347494553377,83.41165577342048,225.06898692810458,42.0,18.0,237.0
image_6128.jpg,80,80,1.0,0.0,0.0,214.609375,0.0,0.0,255.0
image_1121.jpg,595,720,0.8263888888888888,133.58000700280112,91.62978291316527,121.96937441643324,158.0,64.0,116.0
image_6896.jpg,480,720,0.6666666666666666,116.58092881944444,58.79408564814815,218.5927806712963,151.0,12.0,228.0
image_8663.jpg,340,270,1.2592592592592593,107.35730936819172,30.677004357298475,164.4160348583878,113.0,14.0,175.0
image_7550.jpg,474,314,1.5095541401273886,48.944220484291435,44.90750221720551,240.86643016474508,42.0,5.0,242.0
image_3736.jpg,300,225,1.3333333333333333,102.34565925925926,33.63682962962963,175.48936296296296,62.0,19.0,172.0
image_5347.jpg,227,175,1.2971428571428572,127.86655758338577,28.55013215859031,127.21595972309629,146.0,15.0,133.0
image_3722.jpg,500,667,0.7496251874062968,86.13367916041979,48.213088455772116,125.77367916041979,73.0,40.0,117.0
image_9569.jpg,800,533,1.5009380863039399,39.08570590994371,168.792802532833,159.57129924953097,20.0,177.0,171.0
image_1135.jpg,205,273,0.7509157509157509,16.97703922094166,122.04833378004109,163.3033681765389,15.0,121.0,176.0
image_6882.jpg,644,443,1.4537246049661399,40.22157999523296,113.80262327720371,157.18971439788007,37.0,108.0,176.0
image_8677.jpg,241,160,1.50625,101.95653526970955,77.39696576763485,176.4942427385892,71.0,44.0,202.0
image_7544.jpg,450,252,1.7857142857142858,97.74248677248677,88.3676455026455,65.03533509700176,127.0,79.0,42.0
image_7222.jpg,340,270,1.2592592592592593,120.10224400871459,89.19837690631809,122.40961873638344,42.0,81.0,139.0
image_1653.jpg,280,336,0.8333333333333334,67.24988307823129,57.95071215986395,139.67163052721088,30.0,47.0,153.0
image_598.jpg,450,300,1.5,62.05222962962963,154.89835555555555,155.49342962962962,63.0,155.0,158.0
image_5435.jpg,800,600,1.3333333333333333,126.14028333333333,134.0991,137.326975,167.0,127.0,141.0
image_3044.jpg,800,533,1.5009380863039399,74.72140478424015,67.04417917448406,140.17001641651032,31.0,37.0,142.0
image_573.jpg,450,260,1.7307692307692308,116.75471794871795,55.662564102564104,135.3344358974359,157.0,39.0,131.0
image_1860.jpg,240,160,1.5,145.87375,30.37677083333333,225.36265625,138.0,22.0,234.0
image_6869.jpg,236,236,1.0,60.992872019534616,73.71814852054007,122.40033395575983,25.0,61.0,128.0
image_8844.jpg,540,720,0.75,18.472088477366256,79.8431121399177,109.06645061728395,13.0,90.0,90.0
image_3911.jpg,566,720,0.7861111111111111,34.128918826069885,19.926442873969375,216.5396029642717,36.0,17.0,238.0
image_215.jpg,230,230,1.0,33.5348393194707,9.08867674858223,231.26315689981095,0.0,0.0,255.0
image_3905.jpg,680,390,1.7435897435897436,55.006617647058825,118.08657616892911,99.55285822021116,27.0,109.0,96.0
image_201.jpg,600,600,1.0,21.166683333333335,48.92368888888889,208.2899138888889,0.0,0.0,255.0
image_8688.jpg,1200,720,1.6666666666666667,120.80628587962963,135.28448726851852,145.65415277777777,142.0,133.0,149.0
image_9596.jpg,450,300,1.5,109.42874814814814,125.7764962962963,189.26902222222222,140.0,120.0,223.0
image_8850.jpg,500,375,1.3333333333333333,48.213664,38.80765866666667,171.27411733333332,29.0,34.0,173.0
image_1874.jpg,500,500,1.0,51.9189,35.805324,173.43336,7.0,6.0,213.0
image_567.jpg,474,711,0.6666666666666666,66.40817888871085,23.687107953972237,197.2384233295946,59.0,14.0,207.0
image_3093.jpg,500,333,1.5015015015015014,37.51927327327327,107.26205405405405,166.39006606606605,23.0,100.0,175.0
image_229.jpg,640,360,1.7777777777777777,106.41976128472223,135.9449392361111,56.94598524305555,140.0,134.0,44.0
image_5384.jpg,465,720,0.6458333333333334,42.709611708482676,25.19543906810036,214.70437873357227,35.0,17.0,231.0
image_6855.jpg,299,450,0.6644444444444444,149.6975845410628,39.8547082868822,121.76436269044964,175.0,28.0,93.0
image_7593.jpg,1400,635,2.204724409448819,60.716997750281216,71.52892125984252,170.82470641169854,24.0,40.0,182.0
image_8878.jpg,238,160,1.4875,42.04445903361344,107.41594012605042,117.003125,15.0,103.0,115.0
image_6841.jpg,292,209,1.3971291866028708,99.08799239693255,56.253015009503834,89.92565707544078,145.0,44.0,71.0
image_6699.jpg,473,473,1.0,85.02671982621833,103.96312503072915,184.09672863151403,54.0,107.0,198.0
image_5390.jpg,702,524,1.3396946564885497,62.28461484091255,157.11147267349557,126.61473489049826,45.0,160.0,105.0
image_3939.jpg,1083,720,1.5041666666666667,46.75445265209808,43.88405791525597,146.70458089668617,47.0,21.0,162.0
image_3087.jpg,492,545,0.9027522935779817,17.381285895427762,67.77139553964346,137.50556798687253,13.0,65.0,119.0
image_4930.jpg,634,418,1.5167464114832536,103.027568562933,85.02582147223522,148.57321177908923,47.0,61.0,159.0
image_1690.jpg,416,234,1.7777777777777777,72.31666050295858,70.56293145956607,123.3616452991453,48.0,54.0,132.0
image_1848.jpg,800,567,1.4109347442680775,31.168683862433863,28.320403439153438,207.24521604938272,15.0,5.0,237.0
image_9743.jpg,800,533,1.5009380863039399,36.45523686679174,87.09773921200751,127.23156660412758,21.0,85.0,116.0
image_6470.jpg,1153,720,1.601388888888889,72.84070179242556,41.38518116989496,219.2823696636793,22.0,45.0,226.0
image_5179.jpg,560,315,1.7777777777777777,143.7543253968254,228.47721088435375,23.34675736961451,141.0,235.0,12.0
image_2616.jpg,236,314,0.7515923566878981,103.84712026341359,121.66424214617295,158.48950124149843,150.0,112.0,160.0
image_4267.jpg,437,450,0.9711111111111111,39.532829900839054,53.175286041189935,240.38764302059496,6.0,5.0,255.0
image_9025.jpg,494,720,0.6861111111111111,96.6997160368871,41.25851889338731,196.28605769230768,127.0,10.0,203.0
image_6316.jpg,167,168,0.9940476190476191,28.036641003706873,92.19325634445394,74.05114770459082,7.0,60.0,54.0
image_1479.jpg,800,600,1.3333333333333333,88.11160625,118.00053541666666,142.74024375,116.0,114.0,142.0
image_7008.jpg,600,591,1.015228426395939,36.75123519458545,62.44439086294416,233.3389988719684,19.0,47.0,248.0
image_9031.jpg,450,300,1.5,69.40021481481482,80.43280740740741,190.70620740740742,36.0,58.0,204.0
image_6302.jpg,80,80,1.0,0.0,0.0,214.609375,0.0,0.0,255.0
image_2164.jpg,500,383,1.3054830287206267,132.32917493472584,103.31264751958224,160.85335248041775,146.0,102.0,170.0
image_2602.jpg,324,160,2.025,23.470698302469135,95.33456790123456,186.5999614197531,20.0,77.0,212.0
image_4273.jpg,450,344,1.308139534883721,23.646143410852712,90.10770671834625,197.73299741602068,13.0,84.0,225.0
image_8449.jpg,309,450,0.6866666666666666,24.404660194174756,17.830988852930602,241.45483638978786,0.0,0.0,255.0
image_9757.jpg,476,317,1.501577287066246,79.3885759351059,33.961588420857304,107.75846963391035,93.0,9.0,95.0
image_6464.jpg,500,500,1.0,128.912548,42.045932,179.338536,159.0,32.0,200.0
image_5145.jpg,228,221,1.0316742081447965,102.12876081606731,125.25448519488768,131.62405731523378,55.0,120.0,120.0
image_3534.jpg,232,193,1.2020725388601037,63.41792478113275,61.144273718063246,163.60152760407362,29.0,50.0,171.0
image_8461.jpg,303,455,0.6659340659340659,35.75109708773075,32.594552642077396,220.54482283393173,12.0,6.0,244.0
image_9019.jpg,151,214,0.705607476635514,98.24076251779414,37.741721854304636,193.0501330692579,106.0,16.0,194.0
image_1445.jpg,450,300,1.5,39.38488888888889,137.85125925925925,133.09217037037038,24.0,137.0,121.0
image_7034.jpg,450,600,0.75,66.9204037037037,40.71761851851852,161.71946666666668,36.0,23.0,174.0
image_8307.jpg,1024,681,1.5036710719530102,101.83536819704479,193.2274989101505,83.4892033200257,38.0,213.0,47.0
image_3252.jpg,962,560,1.7178571428571427,51.38734407484407,50.92232514107514,157.33889033264035,24.0,26.0,163.0
image_956.jpg,364,550,0.6618181818181819,48.77247252747253,39.15716783216783,209.15450549450549,24.0,19.0,232.0
image_5623.jpg,500,375,1.3333333333333333,109.594768,139.11124266666667,177.72170133333333,142.0,139.0,243.0
image_3246.jpg,1080,720,1.5,44.02264146090535,76.73409722222222,211.693091563786,18.0,63.0,218.0
image_942.jpg,960,720,1.3333333333333333,71.05447916666667,100.53897280092593,139.76140190972222,57.0,111.0,144.0
image_2158.jpg,525,350,1.5,111.11830204081633,124.99972789115647,119.65077551020408,130.0,129.0,98.0
image_1451.jpg,514,720,0.7138888888888889,49.78316850410722,81.71566147859922,214.51916072200606,26.0,54.0,229.0
image_8313.jpg,236,314,0.7515923566878981,28.703997085177587,70.98248407643312,191.42981485479865,28.0,60.0,201.0
image_7746.jpg,450,245,1.836734693877551,86.62614965986394,42.31432199546485,210.27192743764172,22.0,14.0,218.0
image_8475.jpg,695,350,1.9857142857142858,69.62192805755396,113.07187255909558,108.42244604316546,16.0,114.0,105.0
image_1337.jpg,1080,720,1.5,60.01853009259259,33.64775077160494,111.33913065843622,31.0,23.0,83.0
image_6458.jpg,340,270,1.2592592592592593,69.9416448801743,35.30751633986928,158.9249128540305,44.0,22.0,167.0
image_5151.jpg,440,264,1.6666666666666667,118.31102789256198,61.82459538567493,148.99121039944905,143.0,49.0,153.0
image_3520.jpg,320,320,1.0,32.190224609375,96.330078125,171.596484375,30.0,77.0,184.0
image_7975.jpg,519,346,1.5,33.10852907436489,78.01813736955239,176.90956931404324,21.0,69.0,183.0
image_9780.jpg,190,190,1.0,107.62736842105264,45.10927977839335,202.46426592797783,150.0,27.0,207.0
image_9958.jpg,350,218,1.6055045871559632,95.37044560943643,26.43908256880734,129.03230668414156,42.0,10.0,155.0
image_771.jpg,700,700,1.0,91.72416122448979,90.44345510204082,154.9603163265306,19.0,97.0,167.0
image_5804.jpg,311,450,0.6911111111111111,151.22283672740264,108.14317970703823,107.35807073954985,200.0,98.0,79.0
image_765.jpg,660,373,1.769436997319035,31.505857502640346,143.1335364367536,131.35898935738078,23.0,113.0,151.0
image_7961.jpg,931,720,1.2930555555555556,48.52843716433942,168.1828723594701,159.98641544337033,21.0,196.0,153.0
image_9794.jpg,500,397,1.2594458438287153,136.87051385390427,58.31415113350126,172.34836272040303,153.0,50.0,184.0
image_7949.jpg,358,268,1.335820895522388,76.4918389894105,79.59095930959727,79.44328983573752,23.0,45.0,40.0
image_7791.jpg,1280,720,1.7777777777777777,55.84146809895833,143.73918402777778,154.76132595486112,54.0,147.0,146.0
image_9964.jpg,220,220,1.0,68.12818181818182,7.5936157024793385,219.5268181818182,42.0,1.0,255.0
image_2831.jpg,481,720,0.6680555555555555,102.24985273735274,188.07230884730885,31.081485331485332,152.0,241.0,23.0
image_5186.jpg,280,280,1.0,63.19845663265306,97.00973214285715,116.53973214285715,24.0,88.0,127.0
image_3291.jpg,800,535,1.4953271028037383,113.92599299065421,117.07077803738318,87.48504672897197,151.0,127.0,59.0
image_5838.jpg,700,625,1.12,180.115216,116.503408,180.68944,200.0,51.0,179.0
image_995.jpg,236,157,1.5031847133757963,119.50580265572708,72.39838605203498,131.51365648278096,147.0,52.0,121.0
image_1492.jpg,250,250,1.0,35.810784,130.304384,142.055392,20.0,129.0,134.0
image_759.jpg,180,180,1.0,101.60086419753087,86.97672839506173,207.72935185185185,141.0,77.0,223.0
image_3285.jpg,275,206,1.3349514563106797,131.22183583406886,82.69618711385702,150.52397175639894,143.0,49.0,151.0
image_981.jpg,1024,683,1.499267935578331,66.54724675146413,71.05179927708639,136.58020394857246,18.0,49.0,141.0
image_2825.jpg,889,500,1.778,104.99337682789651,19.207919010123735,120.19125534308212,113.0,11.0,118.0
image_5192.jpg,300,300,1.0,107.07181111111112,126.42237777777778,148.6643777777778,74.0,123.0,140.0
image_9970.jpg,1000,666,1.5015015015015014,69.98113213213213,100.86149099099099,57.588006006006005,42.0,76.0,17.0
image_980.jpg,564,564,1.0,83.24948757607766,166.2045043005885,175.60312924400182,35.0,206.0,194.0
image_3284.jpg,720,540,1.3333333333333333,102.9775591563786,80.47736625514403,135.11414609053497,50.0,82.0,127.0
image_758.jpg,723,720,1.0041666666666667,143.14510142923007,43.47847702474259,186.07257568772093,162.0,23.0,210.0
image_9971.jpg,200,130,1.5384615384615385,139.86280769230768,89.7031923076923,131.41426923076924,164.0,55.0,148.0
image_5193.jpg,1079,720,1.4986111111111111,138.56052157347338,47.625051488003294,78.9813047060035,152.0,40.0,56.0
image_2824.jpg,259,194,1.3350515463917525,100.07731958762886,83.52396210643633,109.1212036779047,88.0,78.0,105.0
image_5187.jpg,383,425,0.9011764705882352,112.51968668407311,171.81643987098755,150.1134265089848,97.0,215.0,139.0
image_4299.jpg,480,720,0.6666666666666666,42.4696412037037,116.2747048611111,200.6359866898148,21.0,89.0,217.0
image_2830.jpg,600,600,1.0,69.12951111111111,33.822361111111114,218.84323333333333,31.0,23.0,236.0
image_7790.jpg,450,299,1.5050167224080269,27.384942400594575,11.423463396506875,183.32178372352286,22.0,6.0,189.0
image_7948.jpg,1280,720,1.7777777777777777,65.92606662326389,152.54125,115.39778971354167,26.0,156.0,113.0
image_1487.jpg,1259,720,1.7486111111111111,74.75901509134233,62.07230495984467,115.65930963727827,49.0,53.0,101.0
image_994.jpg,250,375,0.6666666666666666,33.33880533333333,124.931776,135.936896,20.0,124.0,150.0
image_5839.jpg,480,720,0.6666666666666666,81.24040798611111,53.30028356481481,130.96692997685184,54.0,41.0,119.0
image_3290.jpg,602,720,0.8361111111111111,32.0890019379845,96.9984103912883,116.31517165005538,23.0,101.0,97.0
image_5811.jpg,576,720,0.8,91.40979456018519,20.28611111111111,221.66000192901234,42.0,8.0,234.0
image_764.jpg,1000,288,3.4722222222222223,67.26883680555555,62.30432291666666,80.11540277777777,30.0,53.0,60.0
image_2818.jpg,480,720,0.6666666666666666,65.3672048611111,142.2278125,111.98718460648148,16.0,139.0,109.0
image_9795.jpg,477,720,0.6625,117.7023497554158,84.60084439785697,147.52472338690893,136.0,69.0,182.0
image_7960.jpg,600,600,1.0,136.0895361111111,149.72321944444445,151.13456666666667,138.0,151.0,145.0
image_9959.jpg,448,702,0.6381766381766382,60.15208142551892,86.44920762108262,92.657878001628,20.0,89.0,88.0
image_9781.jpg,540,312,1.7307692307692308,81.12863841405508,38.334947768281104,135.6547780151947,49.0,22.0,152.0
image_7974.jpg,236,314,0.7515923566878981,50.64551171326784,120.95059645903055,150.46135161394795,33.0,120.0,148.0
image_5805.jpg,480,720,0.6666666666666666,86.45530960648148,55.028697916666665,232.2009375,59.0,18.0,249.0
image_770.jpg,80,80,1.0,0.0,0.0,214.609375,0.0,0.0,255.0
image_8312.jpg,454,680,0.6676470588235294,123.29617128789842,102.6900719098212,127.62284594454522,154.0,97.0,117.0
image_7021.jpg,486,720,0.675,117.55070301783265,94.23418781435757,175.4071702103338,144.0,95.0,183.0
image_5636.jpg,311,162,1.9197530864197532,67.21380651820094,52.31672025723473,170.67178754317018,29.0,36.0,195.0
image_2159.jpg,260,195,1.3333333333333333,78.09189349112427,115.94248520710059,138.74325443786984,58.0,100.0,129.0
image_943.jpg,560,720,0.7777777777777778,89.46954365079365,111.02466021825397,132.93330853174604,65.0,135.0,143.0
image_3247.jpg,450,450,1.0,34.788508641975305,55.59838518518519,232.0533975308642,0.0,0.0,255.0
image_4528.jpg,480,720,0.6666666666666666,33.47197048611111,23.84986111111111,217.82916377314814,30.0,9.0,232.0
image_3521.jpg,235,392,0.5994897959183674,128.38889491967,26.8318063395571,229.14465914025183,159.0,17.0,250.0
image_5150.jpg,1152,720,1.6,26.390754002700618,136.48301142939815,102.15729046103395,19.0,143.0,104.0
image_6459.jpg,578,720,0.8027777777777778,16.543062764321416,155.07457708573625,105.06648404459823,9.0,170.0,67.0
image_1336.jpg,240,240,1.0,27.462690972222223,95.62260416666666,158.14524305555557,13.0,85.0,171.0
image_8474.jpg,275,183,1.5027322404371584,47.025116741182316,80.20498758072529,147.48047690014903,24.0,65.0,150.0
image_7747.jpg,1000,667,1.4992503748125936,76.06824137931035,97.59644977511245,177.80542728635683,39.0,81.0,192.0
image_1322.jpg,570,570,1.0,68.35361034164359,24.44236380424746,186.8315050784857,25.0,11.0,201.0
image_8460.jpg,474,266,1.781954887218045,97.19093620126264,92.56653500840709,144.86228228799848,116.0,81.0,140.0
image_7753.jpg,504,333,1.5135135135135136,50.864209447542784,35.173012298012296,172.80737284903952,34.0,28.0,174.0
image_5144.jpg,490,490,1.0,112.21044148271554,49.18363598500625,101.01903790087464,113.0,40.0,67.0
image_5622.jpg,1000,613,1.6313213703099512,76.19076508972267,118.77642088091353,186.6242316476346,19.0,125.0,200.0
image_957.jpg,340,270,1.2592592592592593,175.82186274509803,49.76117647058823,184.55563180827886,200.0,50.0,190.0
image_8306.jpg,474,350,1.3542857142857143,81.83735985533454,73.17887884267631,133.3061181434599,31.0,62.0,138.0
image_7035.jpg,225,300,0.75,152.15712592592593,43.17921481481481,155.80485925925925,162.0,24.0,181.0
image_1444.jpg,640,494,1.2955465587044535,59.9674816548583,113.0174089068826,108.5074361082996,34.0,98.0,105.0
image_9018.jpg,431,450,0.9577777777777777,55.58838360402166,20.31286414024233,228.83946377932457,21.0,16.0,242.0
image_2165.jpg,558,720,0.775,63.222476105137396,145.44139784946236,144.69135553564317,30.0,149.0,129.0
image_4514.jpg,400,300,1.3333333333333333,58.502525,15.156716666666666,169.649275,0.0,0.0,192.0
image_6303.jpg,800,568,1.408450704225352,53.60461267605634,34.66491857394366,208.1287389964789,22.0,13.0,222.0
image_9030.jpg,735,491,1.4969450101832993,107.59066738711778,150.92560788062679,207.00371863613063,137.0,179.0,223.0
image_9756.jpg,340,340,1.0,29.488442906574395,96.98073529411765,203.65299307958477,28.0,59.0,222.0
image_8448.jpg,512,512,1.0,57.85115051269531,139.15532684326172,142.7126808166504,30.0,144.0,149.0
image_4272.jpg,183,275,0.6654545454545454,39.523715846994534,79.04447093889716,174.7044212617983,25.0,68.0,203.0
image_2603.jpg,1280,567,2.257495590828924,53.68786100088183,60.768116181657845,139.29868000440916,36.0,52.0,144.0
image_4266.jpg,400,300,1.3333333333333333,21.724175,154.37735833333332,161.54391666666666,22.0,161.0,161.0
image_3509.jpg,540,360,1.5,67.4888683127572,73.84336419753086,152.65255658436215,31.0,60.0,159.0
image_2617.jpg,236,353,0.6685552407932012,68.71193642867432,103.76278388630143,113.46891054880683,18.0,85.0,110.0
image_5178.jpg,150,200,0.75,66.14826666666667,48.449,161.74416666666667,38.0,34.0,170.0
image_6471.jpg,500,334,1.4970059880239521,185.93204790419162,70.40578443113772,112.91119760479042,212.0,58.0,109.0
image_9742.jpg,370,254,1.4566929133858268,88.78866780165993,58.72447329218983,194.04590338369866,93.0,20.0,222.0
image_6317.jpg,450,450,1.0,26.398928395061727,66.2754913580247,211.66077530864197,0.0,1.0,255.0
image_2171.jpg,480,269,1.7843866171003717,29.892239776951673,97.02875619578687,73.28155978934325,27.0,87.0,67.0
image_4500.jpg,480,720,0.6666666666666666,80.72571759259259,24.973350694444445,180.7609982638889,42.0,10.0,197.0
image_3938.jpg,250,186,1.3440860215053763,125.20296774193548,133.118,135.046,144.0,136.0,139.0
image_5391.jpg,1200,635,1.889763779527559,27.658215223097113,105.97578608923885,105.7908595800525,20.0,107.0,76.0
image_6698.jpg,500,683,0.7320644216691069,61.87049194729136,88.58514787701317,145.69038067349928,58.0,73.0,156.0
image_6840.jpg,640,373,1.7158176943699732,83.45510221179624,62.23912533512064,144.36940348525468,59.0,39.0,157.0
image_1849.jpg,445,720,0.6180555555555556,74.39657303370787,66.16661985018726,169.75091448189764,30.0,54.0,179.0
image_1691.jpg,1148,720,1.5944444444444446,107.58988700154859,164.54658343012002,162.27755032907473,74.0,166.0,170.0
image_2398.jpg,220,220,1.0,35.190413223140496,47.91411157024793,217.29721074380166,8.0,28.0,236.0
image_4931.jpg,1080,720,1.5,81.01926311728396,45.085446244855966,115.73748456790123,50.0,21.0,108.0
image_3086.jpg,700,400,1.75,42.107975,183.45037142857143,172.2801107142857,26.0,217.0,175.0
image_4925.jpg,480,720,0.6666666666666666,59.315167824074074,87.77126157407407,196.10212094907408,30.0,82.0,205.0
image_3092.jpg,600,400,1.5,130.5297375,214.89180416666667,209.40469583333334,235.0,220.0,218.0
image_1685.jpg,340,270,1.2592592592592593,39.86589324618736,66.27606753812636,180.99213507625274,27.0,51.0,206.0
image_8879.jpg,624,351,1.7777777777777777,100.07766272189349,142.07197384761488,145.89733545182264,102.0,148.0,138.0
image_7592.jpg,600,450,1.3333333333333333,7.98507037037037,4.307681481481482,232.14527777777778,0.0,0.0,255.0
image_6854.jpg,500,375,1.3333333333333333,21.874901333333334,130.67242666666667,164.01489066666667,19.0,131.0,187.0
image_5385.jpg,276,155,1.7806451612903227,25.453179055633473,153.45605423094904,167.48377746610566,24.0,156.0,182.0
image_228.jpg,340,270,1.2592592592592593,72.20368191721133,52.7370697167756,178.57979302832243,19.0,23.0,189.0
image_9597.jpg,238,250,0.952,142.6789075630252,68.40594957983193,231.79260504201682,139.0,49.0,247.0
image_8689.jpg,763,720,1.0597222222222222,74.83336427843308,45.47748106888015,160.19439893694482,81.0,34.0,165.0
image_200.jpg,736,552,1.3333333333333333,87.476547731569,114.73349873976055,126.97519395872716,70.0,114.0,121.0
image_3904.jpg,450,300,1.5,27.4292,89.34375555555556,196.45505185185186,21.0,33.0,204.0
image_566.jpg,500,334,1.4970059880239521,91.70910179640718,107.68340718562874,136.28032335329343,77.0,79.0,159.0
image_1875.jpg,498,308,1.6168831168831168,65.33884890210192,104.2942745005998,128.06586736556616,28.0,64.0,126.0
image_1861.jpg,238,250,0.952,24.497899159663866,102.6544537815126,227.95193277310923,24.0,96.0,242.0
image_4919.jpg,300,255,1.1764705882352942,32.806745098039215,34.799620915032676,238.04398692810457,0.0,0.0,255.0
image_572.jpg,926,617,1.5008103727714748,47.43051797347298,116.29488642529343,168.81747009671966,20.0,126.0,177.0
image_214.jpg,366,240,1.525,148.44854280510017,123.4466985428051,147.88254781420764,148.0,127.0,159.0
image_3910.jpg,400,267,1.4981273408239701,85.87694756554308,102.77775280898877,143.62,62.0,109.0,154.0
image_8845.jpg,240,160,1.5,28.234166666666667,82.09934895833334,106.46606770833333,23.0,81.0,88.0
image_9583.jpg,182,168,1.0833333333333333,18.666699372056517,8.872579801151229,74.51962323390894,8.0,8.0,52.0
image_6868.jpg,236,362,0.6519337016574586,161.82780456971628,104.44145051034741,113.1316485625995,170.0,94.0,105.0
image_7545.jpg,115,400,0.2875,23.841608695652173,69.63558695652173,178.4465652173913,22.0,71.0,177.0
image_8676.jpg,294,294,1.0,76.2874612430006,16.003760007404324,223.72929103614234,102.0,3.0,253.0
image_1134.jpg,577,720,0.8013888888888889,24.3928148469093,86.42434767956865,149.92896206431735,25.0,89.0,155.0
image_9568.jpg,80,80,1.0,0.0,0.0,214.609375,0.0,0.0,255.0
image_5352.jpg,480,720,0.6666666666666666,33.088359375,145.5727777777778,139.86478298611112,26.0,151.0,155.0
image_3723.jpg,300,300,1.0,74.17873333333333,97.81555555555556,112.1976,24.0,103.0,107.0
image_5434.jpg,251,251,1.0,17.116394977857496,30.602006317360043,204.46629418580656,18.0,2.0,255.0
image_599.jpg,600,400,1.5,90.27502916666667,81.3727625,157.0029625,134.0,67.0,161.0
image_1652.jpg,484,700,0.6914285714285714,100.64668831168831,77.85525383707201,163.84504427390792,85.0,43.0,162.0
image_8110.jpg,236,188,1.2553191489361701,57.491007032095204,34.444577172737105,163.01719707897584,42.0,22.0,183.0
image_1646.jpg,320,240,1.3333333333333333,64.49154947916666,83.53766927083333,124.43075520833334,60.0,88.0,119.0
image_7237.jpg,600,338,1.7751479289940828,109.75290927021696,160.98501479289942,75.24992603550295,134.0,176.0,29.0
image_8104.jpg,350,236,1.4830508474576272,76.22267554479419,201.91694915254237,85.97347457627119,22.0,231.0,66.0
image_3051.jpg,550,367,1.4986376021798364,76.87624969036413,68.36282387911815,173.60592023780035,49.0,53.0,187.0
image_5420.jpg,1080,720,1.5,108.79570859053499,59.74460005144033,165.40784465020576,121.0,46.0,179.0
image_5346.jpg,245,720,0.3402777777777778,136.2159410430839,73.91527777777777,154.21589002267575,148.0,66.0,151.0
image_2429.jpg,1125,720,1.5625,39.70086049382716,118.8378098765432,117.25917901234568,16.0,126.0,107.0
image_3737.jpg,720,720,1.0,53.615891203703704,50.164398148148145,237.22466820987654,0.0,0.0,255.0
image_4058.jpg,236,172,1.372093023255814,120.0853616476153,26.84339278675601,199.20316811194323,142.0,17.0,200.0
image_8662.jpg,550,410,1.3414634146341464,80.33356541019955,111.61154767184036,92.92286031042129,70.0,110.0,53.0
image_1120.jpg,300,300,1.0,70.83801111111111,8.767677777777777,188.38258888888888,49.0,5.0,195.0
image_4070.jpg,1280,720,1.7777777777777777,71.45921006944444,58.27494140625,139.23613932291667,38.0,32.0,184.0
image_7579.jpg,1129,720,1.5680555555555555,42.06893883476036,119.13659703769314,127.30822507627202,20.0,109.0,121.0
image_8892.jpg,300,300,1.0,74.27708888888888,33.337944444444446,141.1140888888889,60.0,29.0,151.0
image_1108.jpg,660,373,1.769436997319035,21.651275489479243,132.56430254285482,140.38433666422944,19.0,120.0,134.0
image_9554.jpg,300,225,1.3333333333333333,114.57047407407407,32.04808888888889,139.44534814814816,138.0,14.0,114.0
image_9232.jpg,1080,720,1.5,44.58260931069959,127.8738387345679,106.29902134773663,15.0,127.0,96.0
image_4716.jpg,236,236,1.0,134.17028152829647,138.1480357655846,121.94241956334386,132.0,154.0,101.0
image_3079.jpg,525,700,0.75,70.75688707482993,91.64614149659864,111.78425306122449,60.0,83.0,104.0
image_2367.jpg,610,720,0.8472222222222222,63.93596994535519,71.52936703096539,168.32284380692167,59.0,29.0,170.0
image_5408.jpg,650,346,1.8786127167630058,108.1555669186305,137.3632458870609,185.35393063583814,91.0,114.0,206.0
image_4702.jpg,577,470,1.2276595744680852,76.9531878019101,67.7270290202441,173.31958774291087,26.0,27.0,176.0
image_2373.jpg,500,375,1.3333333333333333,83.23621866666667,38.026245333333335,123.642656,56.0,34.0,123.0
image_9226.jpg,236,305,0.7737704918032787,65.33592664629063,20.42661850514032,215.40309808280077,51.0,3.0,242.0
image_6115.jpg,236,347,0.6801152737752162,0.0,0.0,142.86542030967615,0.0,0.0,141.0
image_8138.jpg,1000,667,1.4992503748125936,117.05668065967016,82.45255472263868,157.37216791604197,148.0,74.0,168.0
image_9540.jpg,450,320,1.40625,79.382,104.01685416666666,144.6585625,33.0,91.0,157.0
image_2415.jpg,340,270,1.2592592592592593,67.25911764705883,75.25188453159042,151.0164705882353,32.0,66.0,167.0
image_4064.jpg,350,233,1.502145922746781,17.710165542611893,141.90711220110362,171.68348252605765,18.0,141.0,183.0
image_348.jpg,476,317,1.501577287066246,52.12787954298439,20.6374691832569,133.60661267661638,42.0,12.0,128.0
image_3694.jpg,400,400,1.0,158.13975,79.0969,175.06806875,226.0,65.0,199.0
image_6934.jpg,502,480,1.0458333333333334,131.4237508300133,73.83674053784861,207.37097858565738,145.0,48.0,216.0
image_8919.jpg,340,270,1.2592592592592593,95.5185294117647,50.25381263616558,171.13883442265796,102.0,29.0,187.0
image_7394.jpg,112,118,0.9491525423728814,57.58815072639225,127.99841101694915,173.07082324455206,63.0,155.0,152.0
image_5583.jpg,980,552,1.7753623188405796,58.51087326234842,94.61117088139603,106.97971569062408,48.0,100.0,85.0
image_4845.jpg,450,300,1.5,52.55434814814815,83.18291851851852,121.58406666666667,14.0,79.0,131.0
image_4689.jpg,300,450,0.6666666666666666,97.13950370370371,22.726392592592592,171.80415555555555,116.0,15.0,181.0
image_5597.jpg,300,300,1.0,134.48556666666667,71.2431111111111,202.73666666666668,143.0,52.0,229.0
image_4851.jpg,750,500,1.5,105.712856,60.68412266666667,155.76049866666668,152.0,56.0,161.0
image_7380.jpg,236,157,1.5031847133757963,28.412987153190112,102.7874338767138,207.09046745114975,28.0,95.0,219.0
image_1929.jpg,680,350,1.9428571428571428,92.90616806722689,93.79098319327731,139.16979411764706,49.0,81.0,147.0
image_6920.jpg,518,720,0.7194444444444444,103.64444980694981,100.51644412269412,161.6557780995281,146.0,88.0,159.0
image_1097.jpg,500,375,1.3333333333333333,117.01230933333333,40.133632,120.55869333333334,125.0,29.0,108.0
image_3858.jpg,340,270,1.2592592592592593,83.74858387799564,28.438790849673204,220.1800653594771,18.0,13.0,225.0
image_3680.jpg,200,200,1.0,81.9325,97.243125,115.6208,52.0,92.0,111.0
image_6908.jpg,600,470,1.2765957446808511,175.3076489361702,107.65087588652483,236.7499574468085,248.0,85.0,250.0
image_374.jpg,629,720,0.8736111111111111,107.74922716834482,52.61617867867868,128.04939277512807,127.0,17.0,135.0
image_3870.jpg,487,325,1.4984615384615385,72.40981203601326,62.72605275627863,134.47684094139947,31.0,56.0,141.0
image_4879.jpg,300,533,0.5628517823639775,100.10215759849906,78.77790494058787,90.88571607254534,116.0,67.0,87.0
image_9391.jpg,240,240,1.0,127.50873263888889,38.95949652777778,178.4336111111111,156.0,32.0,184.0
image_360.jpg,480,720,0.6666666666666666,65.81038773148148,110.93018518518518,191.58680555555554,19.0,92.0,213.0
image_8931.jpg,450,338,1.331360946745562,29.515062458908613,160.94122287968443,121.42144641683103,28.0,155.0,107.0
image_1040.jpg,360,240,1.5,98.07248842592593,94.07224537037037,194.91229166666668,144.0,84.0,233.0
image_7431.jpg,320,213,1.5023474178403755,104.81076877934272,87.27835974178404,160.27166960093896,11.0,87.0,186.0
image_4138.jpg,400,244,1.639344262295082,41.996731557377046,77.19689549180328,144.23840163934426,21.0,60.0,144.0
image_3657.jpg,1024,576,1.7777777777777777,39.37663269042969,116.28231981065538,122.8908454047309,34.0,133.0,105.0
image_2549.jpg,80,80,1.0,0.0,0.0,214.609375,0.0,0.0,255.0
image_5226.jpg,640,427,1.4988290398126465,79.9418362119438,119.50087822014052,108.57212748829039,59.0,125.0,69.0
image_5540.jpg,236,354,0.6666666666666666,109.60917600306425,108.14702432251269,146.88821459350763,143.0,96.0,147.0
image_4886.jpg,225,300,0.75,48.358577777777775,102.51614814814815,169.36632592592593,22.0,116.0,172.0
image_3131.jpg,213,319,0.6677115987460815,52.303045020383536,118.65077192517698,118.88558729598068,31.0,112.0,127.0
image_7357.jpg,481,720,0.6680555555555555,61.19733772233772,38.785328597828595,202.36581774081773,38.0,42.0,203.0
image_33.jpg,450,299,1.5050167224080269,35.05769602378298,156.5451282051282,157.61529542920846,25.0,153.0,175.0
image_1726.jpg,536,720,0.7444444444444445,71.05204187396352,41.018488287728026,217.08656457296848,52.0,14.0,233.0
image_6049.jpg,750,445,1.6853932584269662,97.32128239700374,84.02420074906367,185.84193258426967,55.0,68.0,198.0
image_7343.jpg,1024,683,1.499267935578331,73.76429241398243,96.41512485129941,165.91780003202783,38.0,69.0,188.0
image_27.jpg,1079,720,1.4986111111111111,86.37122721655854,40.58960328493461,197.56495726495726,23.0,21.0,203.0
image_5554.jpg,300,168,1.7857142857142858,85.62253968253968,27.37236111111111,122.35380952380953,99.0,6.0,130.0
image_4892.jpg,800,533,1.5009380863039399,99.2097842401501,46.695044559099436,137.63902204502816,55.0,29.0,143.0
image_3125.jpg,338,338,1.0,105.60706032701937,142.18772101817163,221.83532614404257,135.0,132.0,242.0
image_3643.jpg,570,574,0.9930313588850174,63.609749984717894,60.50744238645394,180.20146402591845,33.0,59.0,190.0
image_5232.jpg,260,195,1.3333333333333333,29.829881656804734,5.476706114398422,203.0108875739645,0.0,0.0,255.0
image_9408.jpg,319,480,0.6645833333333333,38.20097962382445,113.0996473354232,103.95398380355277,15.0,161.5,92.0
image_1054.jpg,608,500,1.216,93.51138157894736,32.90605592105263,155.91182565789472,72.0,24.0,157.0
image_7425.jpg,300,450,0.6666666666666666,24.553703703703704,90.02897037037037,217.2756222222222,23.0,60.0,228.0
image_8716.jpg,1200,675,1.7777777777777777,49.304285185185186,85.27386419753087,143.15094691358024,18.0,75.0,142.0
image_4104.jpg,450,300,1.5,89.88618518518518,43.004266666666666,167.46134814814815,130.0,26.0,186.0
image_2575.jpg,480,393,1.2213740458015268,46.87882739609839,36.26826759966073,127.14434902459712,36.0,27.0,126.0
image_9420.jpg,640,427,1.4988290398126465,54.66651785714286,15.835498389929743,189.10369218384076,35.0,2.0,245.0
image_6713.jpg,300,225,1.3333333333333333,89.62957037037037,66.46946666666666,144.18097777777777,112.0,55.0,145.0
image_8058.jpg,450,720,0.625,48.19413888888889,130.5486388888889,142.60439814814814,37.0,116.0,133.0
image_2213.jpg,736,552,1.3333333333333333,115.5773865784499,90.96689656190927,202.95699925173284,143.0,56.0,210.0
image_4662.jpg,450,300,1.5,89.50288888888889,55.39394074074074,185.3808962962963,72.0,29.0,214.0
image_5568.jpg,236,289,0.8166089965397924,72.11113717670518,104.32741481438039,146.02886927452934,45.0,92.0,145.0
image_2207.jpg,800,532,1.5037593984962405,114.8627185150376,130.38016917293234,129.85371005639098,146.0,130.0,126.0
image_3119.jpg,236,177,1.3333333333333333,70.06121325289668,43.33508091544575,75.34918126975008,36.0,30.0,79.0
image_4676.jpg,481,720,0.6680555555555555,74.62281993531994,75.04414991914992,136.80320224070223,59.0,45.0,159.0
image_9352.jpg,413,550,0.7509090909090909,69.11749064494828,81.58833810257539,153.03522782302443,10.0,8.0,167.0
image_6061.jpg,334,500,0.668,93.20493413173652,172.31394011976047,106.28204790419161,102.0,179.0,107.0
image_9434.jpg,480,268,1.791044776119403,44.379920708955225,47.29168998756219,176.46571828358208,44.0,22.0,193.0
image_6707.jpg,150,150,1.0,47.568888888888885,79.43995555555556,192.9216888888889,24.0,74.0,229.0
image_1068.jpg,300,300,1.0,22.886422222222222,74.51644444444445,155.3417,23.0,50.0,177.0
image_7419.jpg,450,300,1.5,50.90963703703704,81.27344444444445,151.8367925925926,30.0,49.0,160.0
image_4110.jpg,790,527,1.4990512333965844,86.70862056541685,55.57613912040929,136.9619868854034,59.0,34.0,141.0
image_2561.jpg,300,400,0.75,61.3253,100.55825833333333,153.37225833333332,26.0,76.0,174.0
image_5781.jpg,331,500,0.662,60.51229003021148,80.8725498489426,152.45267673716012,29.0,67.0,139.0
image_5959.jpg,564,564,1.0,53.74875509280217,65.64397540365172,198.76052512449073,26.0,26.0,227.0
image_7196.jpg,385,243,1.5843621399176955,106.79843942066164,50.60766394099728,142.45674736785847,112.0,35.0,133.0
image_6288.jpg,344,258,1.3333333333333333,102.8439809807103,17.619039570939247,137.40175996033892,134.0,12.0,165.0
image_1281.jpg,340,270,1.2592592592592593,146.08332244008716,64.20066448801742,145.5725925925926,158.0,75.0,163.0
image_7828.jpg,236,314,0.7515923566878981,47.96298445428047,47.280551657130516,159.25178128036274,28.0,28.0,158.0
image_9805.jpg,236,345,0.6840579710144927,108.64060427413412,61.80858511422255,131.0900761483665,104.0,58.0,111.0
image_3496.jpg,400,265,1.509433962264151,99.354,80.25634905660377,141.3719433962264,68.0,71.0,146.0
image_2950.jpg,236,355,0.6647887323943662,27.648519933158273,100.73406540940559,163.26978992599666,27.0,105.0,162.0
image_2788.jpg,466,350,1.3314285714285714,55.41561618638872,68.16288166768854,158.83262415695893,40.0,54.0,164.0
image_3482.jpg,512,512,1.0,19.140953063964844,43.43558883666992,217.4005012512207,0.0,0.0,255.0
image_2944.jpg,236,294,0.8027210884353742,169.10668165571315,170.70829009569928,109.04619220569583,179.0,200.0,66.0
image_1295.jpg,80,80,1.0,0.0,0.0,214.609375,0.0,0.0,255.0
image_9811.jpg,1280,720,1.7777777777777777,84.46523763020834,23.815852864583334,111.18136284722222,77.0,8.0,110.0
image_7182.jpg,157,250,0.628,31.060178343949044,54.651057324840764,180.30985987261147,27.0,42.0,192.0
image_5795.jpg,275,183,1.5027322404371584,37.239105812220565,90.61140586189767,144.76409339294585,21.0,71.0,147.0
image_8299.jpg,1024,680,1.5058823529411764,52.577427045036764,80.65893698299632,126.13499540441177,15.0,69.0,135.0
image_9187.jpg,247,320,0.771875,129.70902074898785,31.0478491902834,209.60445344129553,155.0,8.0,212.0
image_610.jpg,180,180,1.0,18.18311728395062,44.93694444444444,58.41861111111111,0.0,0.0,0.0
image_5965.jpg,564,572,0.986013986013986,69.74843463274314,60.34478066259981,94.36352477309924,42.0,29.0,98.0
image_176.jpg,600,600,1.0,40.50027222222222,59.59993333333333,235.16715555555555,19.0,32.0,243.0
image_7814.jpg,300,300,1.0,39.60651111111111,46.78711111111111,205.07944444444445,0.0,0.0,255.0
image_7800.jpg,550,513,1.0721247563352827,66.58001417685628,64.5769448874712,166.59521531100478,42.0,38.0,183.0
image_162.jpg,420,209,2.0095693779904304,112.05437457279562,127.89064707222602,142.37627022100708,139.0,119.0,147.0
image_604.jpg,960,720,1.3333333333333333,51.45731047453704,93.1575954861111,130.7891652199074,18.0,55.0,143.0
image_5971.jpg,540,720,0.75,153.81081790123457,48.788883744855966,138.3470267489712,158.0,35.0,148.0
image_9193.jpg,800,450,1.7777777777777777,53.519244444444446,100.180825,200.956025,31.0,106.0,212.0
image_9178.jpg,474,350,1.3542857142857143,34.385877034358046,35.202959614225435,185.4758348402652,31.0,33.0,186.0
image_1524.jpg,480,720,0.6666666666666666,85.14586226851851,49.10608796296296,221.5651388888889,42.0,3.0,227.0
image_837.jpg,940,470,2.0,71.19805115436849,88.85251697600724,131.28917157084655,29.0,82.0,121.0
image_3333.jpg,238,250,0.952,59.7701512605042,33.83282352941176,239.97470588235294,20.0,2.0,255.0
image_5742.jpg,236,197,1.1979695431472082,105.64989675643122,197.79035102813387,94.54514755226705,23.0,202.0,87.0
image_189.jpg,800,534,1.4981273408239701,25.37253979400749,70.77691947565543,205.10926966292135,18.0,33.0,220.0
image_5024.jpg,219,225,0.9733333333333334,63.448259766615934,50.99198376458651,186.31776763064434,60.0,35.0,208.0
image_8500.jpg,620,325,1.9076923076923078,25.949409429280397,148.4073399503722,202.78050124069478,22.0,178.0,220.0
image_7633.jpg,375,300,1.25,129.5410488888889,63.74937777777778,72.81346666666667,161.0,59.0,64.0
image_1242.jpg,240,160,1.5,47.11244791666667,22.600026041666666,248.31169270833334,25.0,2.0,254.0
image_8514.jpg,500,333,1.5015015015015014,21.409165165165167,99.80171171171172,97.60001201201202,20.0,82.0,97.0
image_7627.jpg,275,183,1.5027322404371584,56.30801788375559,70.60331843020367,175.6432389468455,34.0,55.0,193.0
image_1256.jpg,570,369,1.5447154471544715,73.83509247373175,56.43852042029192,162.72671516188845,36.0,42.0,175.0
image_6539.jpg,254,660,0.38484848484848483,74.53572536387497,135.4336972083035,130.35147339537104,24.0,134.0,138.0
image_5030.jpg,333,500,0.666,117.06441441441441,48.629507507507505,198.38893693693694,127.0,17.0,206.0
image_3441.jpg,300,300,1.0,66.68671111111111,39.52036666666667,236.09483333333333,16.0,2.0,255.0
image_2987.jpg,159,119,1.3361344537815125,90.06130754188467,50.077585751281646,143.1958141747265,61.0,39.0,123.0
image_4448.jpg,650,340,1.911764705882353,150.53131221719457,74.41623076923076,185.72814932126695,148.0,41.0,204.0
image_823.jpg,300,194,1.5463917525773196,106.89546391752577,91.44872852233676,109.77187285223367,72.0,78.0,91.0
image_2039.jpg,550,413,1.3317191283292977,88.59429451904028,107.46984371560643,144.643786044464,68.0,109.0,150.0
image_5756.jpg,880,587,1.4991482112436116,103.80942000929224,80.89729363481493,74.78416060089825,137.0,66.0,80.0
image_1530.jpg,477,720,0.6625,93.06135278360121,77.99549848590729,123.86244467738179,112.0,61.0,114.0
image_8272.jpg,514,514,1.0,79.35131114778422,88.82401323260004,211.75911066026737,106.0,51.0,238.0
image_7141.jpg,500,500,1.0,20.767552,53.105064,206.373732,20.0,14.0,248.0
image_2011.jpg,600,338,1.7751479289940828,22.087726824457594,37.38778599605523,199.33388560157792,0.0,0.0,255.0
image_6277.jpg,1024,682,1.501466275659824,61.827303083760995,74.51377640441716,65.19690907945382,42.0,28.0,26.0
image_1518.jpg,736,552,1.3333333333333333,82.69846802142408,56.20485044502205,153.73690532451167,70.0,56.0,154.0
image_7169.jpg,340,270,1.2592592592592593,92.47123093681917,42.880599128540304,132.1809477124183,42.0,23.0,142.0
image_6511.jpg,1024,605,1.6925619834710743,42.05022759555785,68.89205191115703,127.02452866735537,27.0,59.0,127.0
image_9622.jpg,550,390,1.4102564102564104,63.14762703962704,127.10084382284383,111.93339393939394,53.0,131.0,112.0
image_5018.jpg,300,244,1.2295081967213115,55.823975409836066,62.3245218579235,157.04553278688525,41.0,51.0,168.0
image_3469.jpg,480,720,0.6666666666666666,80.86913483796296,69.90808449074073,155.18313657407407,42.0,41.0,169.0
image_4306.jpg,570,456,1.25,28.37984379809172,38.04594490612496,179.86823638042475,26.0,35.0,190.0
image_4312.jpg,450,299,1.5050167224080269,47.18408026755853,124.64865105908584,114.54020066889632,36.0,129.0,106.0
image_8528.jpg,390,280,1.3928571428571428,116.25808608058608,61.81128205128205,231.9544871794872,142.0,68.0,241.0
image_6505.jpg,200,150,1.3333333333333333,78.64306666666667,89.72246666666666,136.8807,49.0,63.0,168.0
image_9636.jpg,400,250,1.6,43.59214,82.08639,178.14836,18.0,33.0,171.0
image_6263.jpg,300,192,1.5625,31.94953125,104.18178819444445,143.84510416666666,27.0,98.0,153.0
image_9150.jpg,474,379,1.2506596306068603,48.35377353239148,142.7039678033466,113.26767643031295,25.0,140.0,111.0
image_4474.jpg,236,236,1.0,29.774166906061478,123.48028583740304,182.48310471128985,22.0,119.0,195.0
image_4304.jpg,220,189,1.164021164021164,117.01702741702742,86.57691197691197,179.64381914381914,153.0,61.0,193.0
image_2775.jpg,241,160,1.50625,12.254642116182573,128.82085062240665,236.80715767634854,7.0,134.0,242.0
image_6513.jpg,300,300,1.0,15.9994,26.597844444444444,236.23332222222223,0.0,0.0,255.0
image_8258.jpg,300,424,0.7075471698113207,27.80509433962264,162.47011006289307,125.32305817610063,27.0,162.0,118.0
image_6275.jpg,640,360,1.7777777777777777,28.1805859375,43.26665798611111,158.97959635416666,26.0,30.0,192.0
image_9146.jpg,492,492,1.0,30.820749884328112,55.245848205433276,199.5595834159561,12.0,7.0,220.0
image_2013.jpg,750,600,1.25,51.1979,90.78668666666667,135.75908222222222,40.0,85.0,136.0
image_809.jpg,544,720,0.7555555555555555,70.83825571895424,125.4153569240196,149.33916207107842,28.0,121.0,176.0
image_4462.jpg,880,585,1.5042735042735043,63.95294483294483,97.14581390831391,126.93388500388501,27.0,65.0,137.0
image_5768.jpg,266,179,1.4860335195530727,116.47479732851683,8.772713907674213,129.8048683160415,155.0,6.0,134.0
image_2007.jpg,800,600,1.3333333333333333,110.50519166666666,127.50059583333334,141.71658958333333,107.0,139.0,143.0
image_3319.jpg,380,285,1.3333333333333333,65.96753462603878,51.8171837488458,114.22076638965835,37.0,48.0,113.0
image_4476.jpg,720,480,1.5,57.794826388888886,50.42797743055556,188.35305555555556,20.0,22.0,204.0
image_9152.jpg,425,425,1.0,11.86006366782007,22.5248276816609,178.67018408304497,0.0,0.0,189.0
image_1268.jpg,714,348,2.0517241379310347,41.764609291992656,151.86274107344087,80.79835152451786,28.0,163.0,68.0
image_7619.jpg,640,426,1.5023474178403755,22.873144072769954,88.56168207159624,129.44308245305163,20.0,87.0,132.0
image_4310.jpg,520,345,1.5072463768115942,53.719397993311034,64.55829431438127,146.9666833890747,22.0,36.0,167.0
image_2761.jpg,236,177,1.3333333333333333,27.239538446806474,78.5834530307383,171.8116920425165,18.0,62.0,182.0
image_1240.jpg,356,450,0.7911111111111111,100.84347690387017,124.16215355805244,211.6008052434457,120.0,131.0,218.0
image_4338.jpg,281,375,0.7493333333333333,84.15255041518387,98.11371767497035,122.74900118623962,51.0,98.0,121.0
image_2991.jpg,474,295,1.6067796610169491,134.17938925838519,130.24519774011299,106.54987484802975,157.0,130.0,85.0
image_3457.jpg,490,720,0.6805555555555556,60.89515873015873,58.50719954648526,173.74482426303854,30.0,32.0,179.0
image_2749.jpg,660,372,1.7741935483870968,113.46744460736396,138.44748289345063,121.65906647116324,146.0,146.0,125.0
image_5740.jpg,266,400,0.665,126.29154135338347,106.62977443609023,137.46052631578948,154.0,101.0,133.5
image_5998.jpg,960,720,1.3333333333333333,103.03632233796296,76.15706886574074,104.37914641203703,29.0,63.0,104.0
image_835.jpg,480,360,1.3333333333333333,154.44579282407406,94.03771412037037,123.76631365740741,151.0,67.0,121.0
image_3331.jpg,1288,644,2.0,37.386383144940396,138.99976249951777,85.63705465645616,15.0,143.0,70.0
image_8264.jpg,1080,720,1.5,89.2726774691358,101.77716306584362,70.15257716049383,70.0,79.0,54.0
image_7157.jpg,550,413,1.3317191283292977,82.65635923398635,124.95101034558661,165.5772617213295,33.0,122.0,170.0
image_6249.jpg,236,236,1.0,94.62306090203964,38.669599253088194,154.14212869864983,112.0,25.0,170.0
image_7143.jpg,450,300,1.5,112.50508148148148,37.705777777777776,158.76020740740742,141.0,16.0,177.0
image_1532.jpg,1081,720,1.5013888888888889,103.20167668825162,58.205006938020354,98.61001773049645,136.0,44.0,46.0
image_5754.jpg,396,223,1.7757847533632287,76.9247293563437,109.35555102595461,129.58109118086696,16.0,100.0,135.0
image_821.jpg,310,450,0.6888888888888889,233.65513261648746,109.63967741935484,220.9492688172043,234.0,97.0,228.0
image_3325.jpg,800,504,1.5873015873015872,110.06076140873016,52.813172123015875,192.17906994047618,141.0,26.0,214.0
image_2985.jpg,540,720,0.75,55.55456532921811,58.11738940329218,107.1857561728395,30.0,33.0,113.0
image_3443.jpg,380,253,1.5019762845849802,82.87902017890576,164.12847930101935,155.83888079883502,69.0,174.0,157.0
image_9608.jpg,220,220,1.0,140.76944214876033,27.582623966942148,99.63506198347108,177.0,18.0,89.0
image_1254.jpg,750,521,1.4395393474088292,135.40605502239282,181.44230838131799,164.71641714651312,146.0,214.0,169.0
image_8516.jpg,450,258,1.744186046511628,105.01929371231697,171.65828596037898,152.30275624461672,105.0,167.0,151.0
image_7625.jpg,540,720,0.75,25.83721965020576,121.83774691358025,149.01358796296296,24.0,115.0,162.0
image_7816.jpg,236,236,1.0,20.811189313415685,114.1269929617926,176.38769390979604,19.0,94.0,188.0
image_174.jpg,80,80,1.0,0.0,0.0,214.609375,0.0,0.0,255.0
image_5967.jpg,640,640,1.0,111.433232421875,59.89738525390625,160.44851806640625,116.0,50.0,166.0
image_612.jpg,1092,720,1.5166666666666666,90.37842007529508,88.5246426027676,188.4036044973545,25.0,56.0,208.0
image_9185.jpg,236,236,1.0,60.69897299626544,81.70863257684573,205.79397084171214,26.0,75.0,248.0
image_9191.jpg,338,338,1.0,33.58529113126291,162.37442666573298,163.64044501242952,21.0,171.0,188.0
image_5973.jpg,570,545,1.0458715596330275,61.729354579108325,65.08065668759053,185.79127313697086,50.0,21.0,231.0
image_606.jpg,330,431,0.765661252900232,135.98878576952822,94.42835548055966,73.57598256345356,150.0,85.0,63.0
image_160.jpg,400,300,1.3333333333333333,124.286775,33.70849166666667,188.390275,145.0,7.0,218.0
image_7802.jpg,236,313,0.7539936102236422,72.55968755076623,138.63744788000216,137.02861861699247,24.0,155.0,139.0
image_148.jpg,474,474,1.0,56.92222578290516,82.33080969930033,137.9097099823746,17.0,70.0,139.0
image_2952.jpg,1280,720,1.7777777777777777,94.17221245659722,79.87725260416667,156.1295920138889,122.0,61.0,161.0
image_3494.jpg,410,275,1.490909090909091,34.19082926829268,137.36782261640798,78.4839201773836,19.0,136.0,71.0
image_9807.jpg,541,720,0.7513888888888889,107.71649979461901,79.41114448552064,125.57717447114398,39.0,72.0,120.0
image_1283.jpg,612,407,1.5036855036855037,132.32796968091085,92.97037144095968,162.32195163077515,154.0,92.0,180.0
image_7194.jpg,1024,683,1.499267935578331,71.30698521001098,110.44323498124085,181.0790172035139,57.0,90.0,192.0
image_5783.jpg,745,720,1.0347222222222223,86.59070283370619,78.05493288590604,220.83935123042505,15.0,29.0,232.0
image_4489.jpg,500,500,1.0,12.40102,29.616236,235.996128,0.0,0.0,255.0
image_7180.jpg,1024,686,1.4927113702623906,77.76726778881195,109.99461324708454,131.74411500091108,68.0,110.0,130.0
image_9813.jpg,236,266,0.8872180451127819,72.22628074423346,97.4147126290302,157.17975022301516,37.0,45.0,180.0
image_2946.jpg,450,600,0.75,85.59118518518518,82.40793333333333,145.41365555555555,35.0,73.0,153.0
image_3480.jpg,367,267,1.3745318352059925,41.58943350784272,5.9304105562869305,130.1365051179214,28.0,5.0,133.0
image_4660.jpg,480,270,1.7777777777777777,61.69246141975309,58.56976080246913,141.89922067901236,59.0,52.0,120.0
image_2211.jpg,350,350,1.0,42.10534693877551,95.98691428571429,129.22566530612244,48.0,87.0,124.0
image_9344.jpg,1000,667,1.4992503748125936,98.8579220389805,60.108914542728634,207.4868260869565,123.0,32.0,224.0
image_6077.jpg,600,450,1.3333333333333333,84.61898518518518,84.51913703703704,222.20368518518518,0.0,0.0,255.0
image_7369.jpg,391,570,0.6859649122807018,44.01850854758379,84.98709561627855,154.2771211917261,42.0,63.0,202.0
image_9422.jpg,600,262,2.2900763358778624,28.109974554707378,42.80325699745547,70.91748091603053,22.0,21.0,43.0
image_6711.jpg,340,270,1.2592592592592593,88.17618736383442,97.35821350762527,122.62142701525055,65.0,94.0,112.0
image_5218.jpg,250,165,1.5151515151515151,103.47483636363637,48.37631515151515,138.02121212121213,144.0,35.0,120.0
image_2577.jpg,450,300,1.5,13.641266666666667,20.023962962962962,243.83522962962962,0.0,0.0,253.0
image_3669.jpg,480,300,1.6,49.20141666666667,94.94540972222222,117.45408333333333,21.0,79.0,116.0
image_4106.jpg,1152,720,1.6,100.28219762731482,85.40190489969136,170.8140010127315,134.0,67.0,194.0
image_4112.jpg,735,360,2.0416666666666665,88.08894935752079,80.32272108843537,148.96113378684808,80.0,77.0,147.0
image_8728.jpg,680,540,1.2592592592592593,39.80632352941176,130.23696895424837,126.69079520697167,7.0,147.0,110.0
image_9436.jpg,626,418,1.4976076555023923,112.17863858018558,140.03202149288413,144.23118226149165,145.0,140.0,161.0
image_9350.jpg,720,720,1.0,14.06349151234568,19.965952932098766,188.0251427469136,14.0,24.0,195.0
image_4674.jpg,275,350,0.7857142857142857,107.30603636363637,133.4372051948052,70.4086961038961,96.0,132.0,40.0
image_2205.jpg,540,720,0.75,36.6192695473251,83.54379115226338,189.86985082304525,26.0,50.0,216.0
image_9378.jpg,240,160,1.5,51.08059895833333,83.79177083333333,174.35247395833332,20.0,83.0,181.0
image_7355.jpg,480,640,0.75,84.66361979166666,89.31318684895834,61.36039713541667,42.0,36.0,19.0
image_8066.jpg,1080,720,1.5,216.74142103909466,119.12550411522633,148.64824459876544,244.0,126.0,150.0
image_31.jpg,525,350,1.5,114.41658775510204,133.68729795918367,128.8082612244898,149.0,150.0,146.0
image_4884.jpg,1084,720,1.5055555555555555,141.28971786592865,26.435795920459206,220.0320213202132,155.0,6.0,233.0
image_5542.jpg,180,180,1.0,99.26336419753086,56.968024691358025,216.79327160493827,77.0,4.0,255.0
image_389.jpg,250,375,0.6666666666666666,49.036896,80.07162666666666,193.09172266666667,37.0,81.0,211.0
image_5224.jpg,480,320,1.5,151.5698828125,162.2176953125,152.4057421875,155.0,197.0,156.0
image_3655.jpg,500,459,1.0893246187363834,62.43299346405229,82.2512156862745,114.50086710239651,48.0,63.0,101.0
image_7433.jpg,259,194,1.3350515463917525,142.32908092186443,84.5838474704454,154.39967360585916,136.0,40.0,164.0
image_7427.jpg,486,596,0.8154362416107382,17.347902339326648,179.91581047863673,103.90667895710774,13.0,191.0,99.0
image_8714.jpg,471,675,0.6977777777777778,75.99275615318078,44.60546984351655,131.68103168986397,15.0,24.0,129.0
image_1056.jpg,640,640,1.0,85.21599853515625,49.01750244140625,158.48238525390624,36.0,35.0,158.0
image_6739.jpg,800,534,1.4981273408239701,112.52290028089888,104.04963717228465,99.61173220973782,147.0,87.0,92.0
image_3899.jpg,728,405,1.797530864197531,73.2474121557455,65.63672161172161,184.80450413783748,42.0,52.0,193.0
image_5230.jpg,388,499,0.7775551102204409,123.50864099332686,60.171130921637086,145.3947017746834,148.0,54.0,153.0
image_3641.jpg,640,457,1.400437636761488,98.35527557439825,75.95826381291029,190.15298481947482,148.0,75.0,213.0
image_4648.jpg,300,300,1.0,72.69594444444445,58.402633333333334,231.9826111111111,21.0,5.0,248.0
image_3127.jpg,201,300,0.67,39.581127694859035,26.07849087893864,210.22454394693202,28.0,7.0,228.0
image_2239.jpg,290,181,1.6022099447513811,50.3854257953896,63.038159649457036,222.03415888740713,28.0,9.0,237.0
image_5556.jpg,282,176,1.6022727272727273,48.06175451321728,116.82235251450678,190.4693141521599,40.0,111.0,239.0
image_1730.jpg,1024,683,1.499267935578331,77.35926347456076,129.16598845854685,151.82031678943997,31.0,134.0,165.0
image_7341.jpg,400,300,1.3333333333333333,120.14544166666667,63.471558333333334,219.296875,90.0,55.0,226.0
image_8072.jpg,236,320,0.7375,58.73889036016949,94.50994438559322,197.86353283898305,34.0,69.0,209.0
image_1903.jpg,450,450,1.0,41.18194074074074,80.45015802469136,225.800212345679,0.0,0.0,255.0
image_376.jpg,316,200,1.58,136.9370094936709,62.01787974683544,178.47232594936708,181.0,22.0,202.0
image_8927.jpg,400,300,1.3333333333333333,48.55179166666667,62.05935,200.64095833333334,40.0,53.0,213.0
image_8933.jpg,421,720,0.5847222222222223,49.155595143837424,61.23166732647137,167.6985814198997,40.0,27.0,171.0
image_362.jpg,630,354,1.7796610169491525,61.70983319881625,78.07079634113532,97.28062057214599,51.0,57.0,73.0
image_404.jpg,257,260,0.9884615384615385,141.81822807542653,106.50619574977551,139.30794672253816,156.0,87.0,148.0
image_1917.jpg,375,600,0.625,34.554226666666665,28.92062222222222,200.99185777777777,31.0,23.0,222.0
image_9393.jpg,320,320,1.0,35.00548828125,72.081572265625,171.205341796875,17.0,75.0,178.0
image_5581.jpg,450,720,0.625,35.53708950617284,99.56633024691358,174.060512345679,24.0,85.0,190.0
image_7396.jpg,800,500,1.6,78.4885725,105.606835,80.615705,28.0,102.0,57.0
image_6936.jpg,630,350,1.8,92.2004671201814,76.06456689342404,85.04474829931972,64.0,71.0,57.0
image_3696.jpg,256,256,1.0,33.018829345703125,106.693115234375,218.50765991210938,30.0,95.0,234.0
image_3682.jpg,720,720,1.0,45.70347800925926,18.334708719135804,219.42008101851852,0.0,0.0,255.0
image_1095.jpg,600,400,1.5,65.64644583333333,99.1957375,107.06477083333333,20.0,82.0,98.0
image_6922.jpg,835,720,1.1597222222222223,86.10503992015968,86.58496506986027,111.79288090485696,80.0,63.0,102.0
image_7382.jpg,474,316,1.5,135.58166426320568,147.165611814346,146.813925385889,99.0,146.0,151.0
image_4853.jpg,474,408,1.161764705882353,71.73009741871432,141.89263775130306,171.14207930007447,27.0,152.0,163.0
image_438.jpg,1080,720,1.5,87.4450552983539,37.72813528806584,148.77698816872427,27.0,25.0,153.0
image_5595.jpg,540,720,0.75,196.48105709876543,67.79102109053498,181.75348251028805,236.0,62.0,196.0
image_2365.jpg,263,263,1.0,55.60162789689023,109.25310471453975,153.6724833379115,16.0,84.0,154.0
image_4714.jpg,238,250,0.952,50.627428571428574,22.611697478991598,245.27532773109243,0.0,0.0,255.0
image_9230.jpg,800,563,1.4209591474245116,131.08816607460037,128.56104795737122,133.84135657193605,140.0,134.0,126.0
image_6103.jpg,180,128,1.40625,104.31979166666666,63.675130208333336,167.67517361111112,60.0,62.0,176.0
image_9556.jpg,640,426,1.5023474178403755,57.56467502934272,75.03390184859155,89.8117040786385,42.0,65.0,69.0
image_6665.jpg,630,420,1.5,53.00154572940287,92.93884731670445,127.71086923658352,28.0,70.0,134.5
image_8648.jpg,170,112,1.5178571428571428,106.25210084033614,97.79290966386554,160.55519957983194,46.0,71.0,170.0
image_4072.jpg,375,500,0.75,37.26985066666666,101.09030933333334,130.96030933333333,27.0,100.0,124.0
image_2403.jpg,500,499,1.002004008016032,70.47606012024048,91.2507615230461,192.90777955911824,24.0,66.0,206.0
image_4066.jpg,1000,563,1.7761989342806395,50.075317939609235,102.01871403197158,207.79825044404973,26.0,104.0,229.0
image_5378.jpg,800,601,1.3311148086522462,38.726424708818634,109.66772046589018,133.34649334442597,23.0,109.0,133.0
image_9542.jpg,340,270,1.2592592592592593,62.94549019607843,75.10557734204794,128.29321350762527,28.0,43.0,130.0
image_6671.jpg,450,450,1.0,106.17781234567902,10.143328395061728,213.99016296296296,127.0,3.0,255.0
image_8884.jpg,706,437,1.6155606407322654,38.95775341790861,238.05073544188096,166.86495290449304,14.0,246.0,188.0
image_7209.jpg,427,640,0.6671875,90.94182523419204,55.5319818501171,136.1170338114754,106.0,38.0,137.0
image_1678.jpg,448,720,0.6222222222222222,41.37085813492064,29.736201016865078,214.59379340277778,0.0,0.0,255.0
image_9224.jpg,480,480,1.0,171.9479470486111,77.9639626736111,134.94276041666666,179.0,75.0,173.0
image_2371.jpg,1280,720,1.7777777777777777,107.49137044270833,104.51390516493055,135.897734375,129.0,99.0,138.0
image_4700.jpg,600,429,1.3986013986013985,54.64951825951826,67.0827466977467,103.10282828282828,23.0,59.0,93.0
image_7221.jpg,374,720,0.5194444444444445,26.44597073677956,138.5100453060012,212.09318553178846,26.0,144.0,226.0
image_1888.jpg,236,157,1.5031847133757963,60.41231242577999,83.61616107092735,108.47587174781388,13.0,79.0,110.0
image_1650.jpg,1084,720,1.5055555555555555,87.36569162566626,34.94379356293563,145.17601860393603,49.0,24.0,150.0
image_5436.jpg,800,421,1.9002375296912113,86.6837648456057,113.48361045130642,107.09216152019002,60.0,113.0,87.0
image_2359.jpg,625,469,1.3326226012793176,108.4173407249467,109.01367675906184,192.54306524520257,120.0,87.0,204.0
image_3047.jpg,480,720,0.6666666666666666,75.34859664351852,74.42863715277778,177.39171006944446,43.0,48.0,188.0
image_4728.jpg,360,240,1.5,111.07392361111111,75.33168981481481,109.6084837962963,153.0,71.0,76.0
image_3721.jpg,333,500,0.666,36.820684684684686,24.635105105105104,197.0615915915916,0.0,0.0,255.0
image_5350.jpg,157,220,0.7136363636363636,44.60735379270411,138.47058482918357,161.37125072379848,53.0,146.0,175.0
image_1136.jpg,800,600,1.3333333333333333,93.05243541666667,43.52557291666667,189.90285833333334,106.0,28.0,207.0
image_7547.jpg,917,720,1.273611111111111,70.35474524415365,46.86803738034654,184.83728492669331,19.0,26.0,200.0
image_1122.jpg,195,165,1.1818181818181819,101.6663247863248,39.755524475524474,163.3058275058275,72.0,14.0,187.0
image_6895.jpg,663,450,1.4733333333333334,4.4496396849338025,23.844089157030332,36.65930283224401,0.0,0.0,0.0
image_8660.jpg,480,720,0.6666666666666666,54.63106192129629,131.39320023148147,90.91561921296297,24.0,140.0,83.0
image_3735.jpg,200,299,0.6688963210702341,55.81277591973244,119.38964882943144,118.0105016722408,49.0,114.0,117.0
image_5344.jpg,236,419,0.5632458233890215,163.26837506573358,166.97334250232595,83.24722907649367,170.0,170.0,34.0
image_5422.jpg,474,300,1.58,66.82817158931083,143.38367088607595,71.27578762306611,13.0,144.0,54.0
image_3053.jpg,600,450,1.3333333333333333,25.49998888888889,137.80057037037037,150.03004074074073,19.0,133.0,155.0
image_8106.jpg,580,435,1.3333333333333333,37.75434799841459,65.58071739992073,168.55077685295282,31.0,50.0,172.0
image_9218.jpg,480,480,1.0,34.373697916666664,42.309956597222225,229.24111979166668,7.0,1.0,255.0
image_1877.jpg,640,426,1.5023474178403755,104.17909697769953,57.85232174295775,98.7748642899061,139.0,46.0,84.0
image_564.jpg,680,510,1.3333333333333333,169.70707035755478,109.13014417531718,121.39532006920415,157.0,105.0,104.0
image_3906.jpg,363,720,0.5041666666666667,47.52042011019284,90.41011631466176,154.32718472604836,22.0,36.0,175.0
image_9595.jpg,191,127,1.5039370078740157,109.42144535597971,104.40347116296327,90.24372346126891,136.0,99.0,83.0
image_8853.jpg,585,340,1.7205882352941178,106.70744595274007,76.34008547008547,180.00235294117647,135.0,61.0,194.0
image_9581.jpg,1268,675,1.8785185185185185,60.339517466993804,133.16421077228648,111.25712349573548,59.0,130.0,110.0
image_216.jpg,550,413,1.3317191283292977,74.08040942108738,2.556324014968083,232.78277790006604,0.0,0.0,255.0
image_3912.jpg,230,230,1.0,42.43298676748582,49.62909262759924,199.9477315689981,5.0,2.0,255.0
image_1863.jpg,556,720,0.7722222222222223,69.0966726618705,38.206764588329335,168.05574290567546,42.0,20.0,187.0
image_3084.jpg,866,720,1.2027777777777777,109.89082146522966,72.0513407749551,176.42346997690532,142.0,59.0,180.0
image_558.jpg,300,450,0.6666666666666666,35.6006962962963,113.65377777777778,73.45557037037037,21.0,91.0,63.0
image_1693.jpg,236,295,0.8,21.56861534041942,97.83542085607584,162.29376615914967,18.0,84.0,187.0
image_7584.jpg,236,361,0.6537396121883656,157.3940208460491,95.59068500868585,200.76174937790506,221.0,84.0,230.0
image_5393.jpg,236,154,1.5324675324675325,59.93374422187981,90.92851639885538,128.465771516619,36.0,85.0,130.0
image_5387.jpg,590,720,0.8194444444444444,122.99392419962335,120.69795197740113,148.2419868173258,149.0,122.0,147.0
image_4099.jpg,1080,720,1.5,84.31813914609053,125.33793209876544,112.91096965020576,52.0,117.0,94.0
image_6856.jpg,450,300,1.5,113.20502222222223,154.85127407407407,190.91815555555556,141.0,167.0,201.0
image_7590.jpg,1024,593,1.72681281618887,123.69522357188028,64.02877154036678,162.82190497206997,176.0,25.0,209.0
image_1687.jpg,369,277,1.332129963898917,30.309569232876445,179.15499006975628,92.05332002778512,24.0,185.0,27.0
image_3090.jpg,630,420,1.5,44.43199168556311,42.640978835978835,66.90967120181406,28.0,11.0,12.0
image_4927.jpg,1080,720,1.5,69.03347993827161,30.919277263374486,136.61314943415638,36.0,29.0,131.0
image_4270.jpg,428,559,0.7656529516994633,106.03143547389364,75.14244813000518,117.00538762476384,116.0,63.0,106.0
image_7779.jpg,320,213,1.5023474178403755,126.19112382629108,88.01047535211268,138.225088028169,135.0,80.0,153.0
image_1308.jpg,540,360,1.5,69.1380195473251,165.46039094650206,123.49248971193416,28.0,173.0,142.0
image_6467.jpg,480,332,1.4457831325301205,13.09468498995984,51.96194779116466,229.27702685742972,0.0,0.0,255.0
image_9754.jpg,672,372,1.8064516129032258,34.716241839477725,37.74260352662571,168.32220862135176,26.0,41.0,176.0
image_6301.jpg,1080,720,1.5,71.1890882201646,47.98267361111111,120.5236741255144,42.0,24.0,144.0
image_9032.jpg,725,720,1.0069444444444444,113.52699425287356,58.50962643678161,165.55862643678162,123.0,54.0,178.0
image_4516.jpg,400,265,1.509433962264151,55.07615094339623,97.92649056603774,123.11905660377359,23.0,91.0,118.0
image_3279.jpg,470,403,1.1662531017369726,153.75784805448498,57.62050578110976,235.46226703975503,152.0,57.0,251.0
image_5608.jpg,229,200,1.145,52.62960698689956,139.71779475982532,128.61917030567685,16.0,154.0,124.0
image_4502.jpg,550,412,1.3349514563106797,74.35855251544572,29.717868490732567,122.86204324801412,42.0,24.0,115.0
image_969.jpg,960,640,1.5,28.3219921875,91.976865234375,150.43009765625,21.0,92.0,145.0
image_2173.jpg,213,120,1.775,76.9870109546166,71.43924100156495,102.62656494522692,40.0,58.0,112.0
image_6315.jpg,350,720,0.4861111111111111,142.87370634920634,67.47797619047618,94.62456746031746,171.0,40.0,65.0
image_8338.jpg,236,292,0.8082191780821918,69.68377060599025,40.87827954492686,153.1917808219178,42.0,29.0,167.0
image_9998.jpg,259,194,1.3350515463917525,118.9156748795924,67.5762647772957,132.9514389205111,138.0,50.0,109.0
image_6473.jpg,598,720,0.8305555555555556,22.31898457822371,152.99993496841324,74.08699600520252,15.0,154.0,61.0
image_2615.jpg,208,242,0.859504132231405,25.881933407501588,31.51875397329943,213.60521296884934,15.0,2.0,255.0
image_4264.jpg,580,400,1.45,84.25416810344828,71.89644396551724,136.71308620689655,44.0,43.0,145.0
image_7745.jpg,500,500,1.0,84.994056,73.15526,186.153956,92.0,73.0,199.0
image_1334.jpg,128,160,0.8,137.998095703125,166.44990234375,229.11806640625,247.0,168.0,245.0
image_5152.jpg,445,720,0.6180555555555556,86.43798377028715,61.46787765293383,111.67544631710362,50.0,55.0,91.0
image_3523.jpg,1081,720,1.5013888888888889,141.5306943159626,34.19935245143386,131.29286154794943,155.0,23.0,107.0
image_941.jpg,600,673,0.8915304606240714,99.51582714214958,87.44854135710747,120.30802129767211,127.0,72.0,120.0
image_3245.jpg,952,680,1.4,124.53143536826495,142.91555857637172,172.9313365051903,147.0,140.0,210.0
image_5634.jpg,800,600,1.3333333333333333,77.5689,81.47426875,130.08241666666666,64.0,68.0,124.0
image_799.jpg,220,200,1.1,122.79093181818182,107.14218181818181,142.41613636363635,143.0,107.0,126.0
image_1452.jpg,539,720,0.7486111111111111,116.86682385075243,92.29103535353535,173.72495361781077,36.0,37.0,185.0
image_8310.jpg,435,281,1.5480427046263345,42.40889270667157,47.208401848897616,135.008614553933,34.0,48.0,147.0
image_7023.jpg,394,354,1.112994350282486,86.01618199546876,41.701281940979094,166.37212136855086,32.0,33.0,184.0
image_6329.jpg,466,700,0.6657142857142857,94.11331085223789,41.37250153280196,176.64906192519928,130.0,36.0,186.0
image_1446.jpg,615,409,1.5036674816625917,119.73219631462818,182.81404973462938,173.13536883535093,128.0,227.0,168.0
image_8304.jpg,480,320,1.5,137.3281640625,30.568515625,139.43470703125,161.0,10.0,148.0
image_7037.jpg,400,267,1.4981273408239701,108.27498127340824,119.92931647940075,120.0099531835206,60.0,105.0,115.0
image_955.jpg,200,200,1.0,38.084025,42.12805,182.126525,42.0,8.0,181.0
image_3251.jpg,640,480,1.3333333333333333,156.27657552083335,72.42750651041666,149.03412760416666,157.0,55.0,136.0
image_5620.jpg,800,532,1.5037593984962405,74.55192904135339,55.48402960526316,147.46313439849624,51.0,38.0,147.0
image_5146.jpg,450,640,0.703125,61.55081944444444,63.89719791666667,125.24961805555556,26.0,56.0,136.0
image_2629.jpg,434,265,1.6377358490566039,80.04030084340492,47.759360055647335,119.4375271715503,68.0,29.0,92.0
image_3537.jpg,400,600,0.6666666666666666,67.38715833333333,90.49733333333333,233.65915416666667,18.0,30.0,238.0
image_4258.jpg,239,180,1.3277777777777777,145.96208740120875,44.825685727568576,193.69228265922825,154.0,35.0,208.0
image_7751.jpg,600,600,1.0,27.772925,107.06573888888889,184.88400555555555,21.0,106.0,192.0
image_7989.jpg,960,720,1.3333333333333333,105.96336082175925,53.99963831018518,88.44553240740741,42.0,39.0,84.0
image_7962.jpg,546,720,0.7583333333333333,27.65684778184778,148.32392653642654,161.29435286935288,22.0,169.0,173.0
image_9797.jpg,420,420,1.0,62.18143424036281,90.12780045351474,191.31715419501134,32.0,58.0,216.0
image_8489.jpg,1000,667,1.4992503748125936,43.24059070464767,106.14555622188905,153.0212128935532,24.0,83.0,176.0
image_5813.jpg,244,300,0.8133333333333334,40.61199453551912,53.33025956284153,198.70659836065573,12.0,30.0,243.0
image_772.jpg,236,353,0.6685552407932012,83.09097565659961,48.78140154607001,164.55479665818407,68.0,41.0,166.0
image_5807.jpg,259,194,1.3350515463917525,65.31536838753334,95.55970624527326,141.73916331648292,25.0,91.0,138.0
image_7976.jpg,960,720,1.3333333333333333,164.43442274305556,122.51148871527778,131.3515162037037,170.0,110.0,134.0
image_2826.jpg,368,640,0.575,105.4048488451087,85.56462296195652,210.40061565896738,116.0,93.0,227.0
image_5191.jpg,640,640,1.0,27.2009130859375,75.08160400390625,165.03047607421874,18.0,40.0,173.0
image_7786.jpg,360,270,1.3333333333333333,47.76867283950617,170.63753086419754,134.11993827160495,31.0,168.0,129.0
image_9973.jpg,768,576,1.3333333333333333,77.4634376808449,101.88218858506944,116.36698178891783,73.0,91.0,94.0
image_1491.jpg,736,550,1.3381818181818181,47.211556324110674,121.87176136363637,141.49846837944665,40.0,111.0,159.0
image_2198.jpg,300,180,1.6666666666666667,63.71268518518519,170.70155555555556,128.80018518518517,34.0,187.0,126.0
image_982.jpg,599,720,0.8319444444444445,130.90428955666852,43.54812882582081,83.94276572064553,145.0,33.0,53.0
image_3286.jpg,1079,720,1.4986111111111111,83.64401709401709,102.44333616517352,146.5582689733292,45.0,81.0,147.0
image_996.jpg,350,537,0.6517690875232774,54.88321362064379,20.249401436552276,239.13412077680235,0.0,0.0,245.0
image_3292.jpg,474,316,1.5,31.95984217272873,50.76494151578273,158.26499492602682,26.0,50.0,159.0
image_1485.jpg,375,210,1.7857142857142858,147.88466031746032,88.21862857142857,155.67691428571428,148.0,43.0,133.0
image_7792.jpg,640,640,1.0,20.70563232421875,44.7137451171875,213.05131103515626,20.0,42.0,223.0
image_2832.jpg,236,264,0.8939393939393939,28.204272598870055,67.67835130970724,197.62069851052902,26.0,63.0,206.0
image_5185.jpg,500,250,2.0,111.646592,87.027184,170.455944,145.0,81.0,193.0
image_1484.jpg,474,611,0.7757774140752864,120.52744342469632,57.592664719247,200.0625936591463,130.0,50.0,208.0
image_3293.jpg,479,720,0.6652777777777777,95.00367954070981,68.14667420552077,90.45356935745767,89.0,59.0,88.0
image_997.jpg,605,720,0.8402777777777778,107.14753902662994,134.7999977043159,157.34980945821854,145.0,126.0,152.0
image_5184.jpg,236,311,0.7588424437299035,62.4209629952586,19.068450596762766,176.8316393263938,28.0,7.0,181.0
image_2833.jpg,800,450,1.7777777777777777,151.33698611111112,75.95521944444444,150.92194444444445,153.0,77.0,157.0
image_9966.jpg,550,550,1.0,49.320628099173554,128.71105785123967,121.22490578512397,32.0,133.0,121.0
image_7793.jpg,225,300,0.75,89.3597037037037,99.64638518518518,114.46376296296296,26.0,112.0,108.0
image_9972.jpg,600,315,1.9047619047619047,92.82797883597884,79.76126455026456,207.18895767195767,123.0,18.0,230.0
image_7787.jpg,668,376,1.7765957446808511,105.39892024461714,74.10035912218117,115.86239090967003,115.0,56.0,109.0
image_6499.jpg,570,572,0.9965034965034965,35.61369463869464,56.8771684455895,155.68187952398478,22.0,45.0,159.0
image_5190.jpg,540,360,1.5,45.67073559670782,80.81247942386831,192.79933641975308,21.0,75.0,200.0
image_2827.jpg,674,446,1.5112107623318385,140.79283043472475,91.08966613884047,35.01912482867826,170.0,85.0,21.0
image_3287.jpg,1024,683,1.499267935578331,66.45396430042094,102.58984660962665,113.38376761530014,61.0,109.0,112.0
image_983.jpg,1500,482,3.112033195020747,38.12587413554633,110.75183955739972,162.6144951590595,17.0,123.0,152.0
image_1490.jpg,309,409,0.7555012224938875,99.4910073507885,83.2202862772094,118.3888005317255,120.0,76.0,125.0
image_5806.jpg,626,418,1.4976076555023923,70.9364308971674,158.00669550728404,186.24976688016875,17.0,170.0,203.0
image_773.jpg,250,250,1.0,107.030256,153.552016,141.699552,74.0,123.0,132.0
image_8488.jpg,400,340,1.1764705882352942,149.68713970588234,120.81797794117647,195.74725,136.0,110.0,210.0
image_9796.jpg,688,387,1.7777777777777777,107.81948200228352,66.03131197043447,45.61567438855838,85.0,53.0,34.0
image_7963.jpg,550,550,1.0,74.34325950413223,11.520009917355372,177.41444628099174,34.0,2.0,212.0
image_5812.jpg,394,330,1.1939393939393939,137.85779110906014,49.22265036148285,172.87072758037226,161.0,31.0,204.0
image_5621.jpg,500,262,1.9083969465648856,46.25604580152672,126.63578625954199,197.1261755725191,19.0,131.0,192.0
image_3250.jpg,236,286,0.8251748251748252,32.542328434277586,114.13545987910395,118.9750059262771,26.0,120.0,112.0
image_954.jpg,480,720,0.6666666666666666,27.104921875,77.28326678240741,190.79250578703704,22.0,57.0,228.0
image_7036.jpg,570,388,1.4690721649484537,45.54019714234039,63.01969614758546,80.09381443298969,0.0,0.0,2.0
image_1447.jpg,236,176,1.3409090909090908,57.281442604006166,144.5037317026194,83.39604198767334,18.0,132.0,51.0
image_6328.jpg,1000,667,1.4992503748125936,67.13176611694153,152.21898050974514,129.47581109445278,40.0,168.0,116.0
image_7988.jpg,474,720,0.6583333333333333,38.943351500234414,102.89631973745898,153.53355016408813,28.0,72.0,172.0
image_7750.jpg,583,720,0.8097222222222222,136.220202020202,96.11618067467124,153.7209691252144,151.0,81.0,182.0
image_8463.jpg,500,362,1.3812154696132597,100.24634806629834,54.34727624309392,125.74270718232044,104.0,47.0,127.0
image_3536.jpg,480,720,0.6666666666666666,112.94716145833333,30.670911458333332,179.20708912037037,146.0,23.0,183.0
image_2628.jpg,724,720,1.0055555555555555,90.69600598526704,66.61020948434623,229.96231391958256,54.0,43.0,253.0
image_5147.jpg,340,270,1.2592592592592593,173.69015250544663,103.34742919389979,154.05903050108932,238.0,87.0,151.0
image_3522.jpg,300,300,1.0,82.47785555555555,38.1569,189.81914444444445,42.0,2.0,223.0
image_5153.jpg,554,720,0.7694444444444445,14.500438728439631,116.55158192940233,82.1719389290012,0.0,0.0,0.0
image_9769.jpg,640,635,1.0078740157480315,135.1197687007874,50.884269192913386,195.9502288385827,174.0,49.0,205.0
image_1335.jpg,669,446,1.5,29.095785825842736,107.58085490022589,99.17109064462721,24.0,104.0,82.0
image_7744.jpg,960,720,1.3333333333333333,32.56762008101852,139.7634302662037,115.64557725694445,20.0,149.0,106.0
image_8477.jpg,540,720,0.75,27.31032150205761,63.28854423868313,169.78336419753086,20.0,57.0,178.0
image_7022.jpg,848,514,1.649805447470817,67.53459043021805,72.48530302474121,101.32246164011453,23.0,63.0,76.0
image_8311.jpg,112,118,0.9491525423728814,114.1009382566586,80.59609564164649,229.87946428571428,141.0,44.0,249.0
image_1453.jpg,745,720,1.0347222222222223,68.59259321401939,96.87697054436987,153.0579418344519,36.0,76.0,152.0
image_798.jpg,900,533,1.6885553470919326,66.9369647696477,34.0449593495935,110.66934333958724,36.0,19.0,123.0
image_5635.jpg,800,520,1.5384615384615385,152.16666826923077,114.5085,132.93373317307692,152.0,105.0,113.0
image_3244.jpg,600,310,1.935483870967742,79.04498924731183,26.347456989247313,174.61527419354837,28.0,9.0,179.0
image_940.jpg,500,672,0.7440476190476191,42.66734523809524,12.832973214285714,218.63670238095239,28.0,2.0,227.0
image_8339.jpg,320,200,1.6,122.665109375,33.6865625,204.179421875,139.0,21.0,218.0
image_9027.jpg,340,270,1.2592592592592593,86.88964052287582,57.16320261437909,139.5189651416122,68.0,55.0,134.0
image_6314.jpg,474,664,0.713855421686747,104.17534695745006,38.80507472929693,195.54129810380763,141.0,36.0,220.0
image_2172.jpg,236,177,1.3333333333333333,145.24652877525617,106.6858421909413,181.4099396725079,150.0,101.0,190.0
image_968.jpg,300,300,1.0,100.9638,52.491344444444444,85.58495555555555,145.0,12.0,24.0
image_4503.jpg,320,320,1.0,32.48349609375,173.723896484375,188.7132421875,23.0,164.0,218.0
image_4265.jpg,700,420,1.6666666666666667,78.53402380952382,114.45728911564626,181.65209863945577,47.0,82.0,192.0
image_2614.jpg,550,550,1.0,81.64826776859505,43.859348760330576,157.54405950413224,59.0,10.0,171.0
image_6472.jpg,340,270,1.2592592592592593,19.471666666666668,37.775435729847494,231.35464052287583,11.0,2.0,255.0
image_9999.jpg,750,500,1.5,65.44861066666667,92.51532,106.68817866666667,31.0,91.0,88.0
image_9755.jpg,238,250,0.952,20.39855462184874,14.485310924369747,241.5238151260504,0.0,0.0,255.0
image_6466.jpg,620,332,1.8674698795180722,67.04238243295764,78.52840555771473,131.4239020598523,28.0,74.0,135.0
image_1309.jpg,1100,619,1.7770597738287561,111.61392568659127,147.5609090909091,102.72092671464239,138.0,179.0,106.0
image_7778.jpg,500,592,0.8445945945945946,71.56849324324324,50.34072635135135,95.59627702702703,0.0,2.0,9.0
image_4271.jpg,1024,604,1.695364238410596,90.6407656638038,89.4514629035596,179.9390634700952,109.0,68.0,204.0
image_2600.jpg,960,720,1.3333333333333333,23.747394386574076,99.17732204861112,87.05826388888889,21.0,97.0,80.0
image_5609.jpg,960,720,1.3333333333333333,85.50809751157408,44.896989293981484,132.6583203125,70.0,9.0,154.0
image_2166.jpg,480,720,0.6666666666666666,32.696299189814816,119.49384259259259,173.72905381944443,23.0,105.0,179.0
image_3278.jpg,474,355,1.3352112676056338,92.0365127473703,87.7592440720271,88.12765198787663,30.0,76.0,88.0
image_4517.jpg,504,720,0.7,16.25726135361552,42.667300485008816,221.45610394620812,0.0,0.0,255.0
image_9033.jpg,1000,667,1.4992503748125936,35.41313493253373,107.60410044977512,111.59644377811094,17.0,97.0,117.0
image_6300.jpg,540,720,0.75,68.60712191358024,48.01106738683128,131.7023816872428,27.0,34.0,148.0
image_7591.jpg,700,700,1.0,38.6830612244898,68.37751632653061,194.66334489795918,19.0,47.0,197.0
image_6857.jpg,240,160,1.5,28.559140625,80.07096354166667,199.48799479166667,21.0,32.5,229.0
image_4098.jpg,240,160,1.5,92.10927083333333,40.865260416666665,214.75190104166666,122.0,41.0,215.0
image_5386.jpg,720,405,1.7777777777777777,36.846152263374485,112.95645061728395,122.93436556927297,16.0,130.0,130.0
image_4926.jpg,450,450,1.0,125.86173827160493,97.0503950617284,200.14253333333335,134.0,64.0,208.0
image_3091.jpg,80,80,1.0,0.0,0.0,214.609375,0.0,0.0,255.0
image_1686.jpg,481,500,0.962,40.389014553014555,118.65339293139293,169.89324324324323,21.0,133.0,161.0
image_1692.jpg,1080,720,1.5,34.42577417695473,82.7297299382716,161.56592721193417,22.0,35.0,166.0
image_4932.jpg,300,300,1.0,39.1667,139.94547777777777,166.5319,31.0,132.0,175.0
image_559.jpg,580,579,1.001727115716753,48.50042880114347,53.799383598356265,213.3543654338634,27.0,8.0,220.0
image_3085.jpg,1080,720,1.5,90.5316846707819,98.61011059670781,136.33620241769546,93.0,96.0,144.0
image_5392.jpg,400,450,0.8888888888888888,105.13265555555556,120.6053111111111,236.7899111111111,132.0,124.0,240.0
image_7585.jpg,480,720,0.6666666666666666,34.9497974537037,46.813096064814815,176.31207465277777,24.0,36.0,177.0
image_6843.jpg,500,500,1.0,18.70362,43.21378,219.194412,0.0,0.0,255.0
image_3913.jpg,180,180,1.0,79.11345679012345,62.12916666666667,123.30777777777777,35.0,23.0,90.0
image_217.jpg,476,317,1.501577287066246,77.62349229912785,58.356268059274186,138.18647111841582,50.0,14.0,162.0
image_9580.jpg,236,177,1.3333333333333333,82.0563056592933,113.46614957387723,126.24403906923298,85.0,105.0,133.0
image_1862.jpg,260,260,1.0,94.14491124260356,49.15002958579882,162.35789940828403,135.0,42.0,178.0
image_571.jpg,338,451,0.7494456762749445,133.34019732612603,80.48924808774714,125.06974638869573,166.0,70.0,124.0
image_565.jpg,540,720,0.75,34.95996913580247,14.60957047325103,226.4141975308642,18.0,2.0,239.0
image_1876.jpg,720,720,1.0,16.311882716049382,107.23058834876544,152.75298225308643,12.0,128.0,128.0
image_8852.jpg,1000,664,1.5060240963855422,106.73418222891566,136.29446987951806,187.84198644578314,134.0,127.0,192.0
image_3907.jpg,300,400,0.75,102.20249166666666,82.19544166666667,130.293575,69.0,59.0,125.0
image_203.jpg,1002,565,1.7734513274336283,58.60406973663293,132.234961934538,106.69395368554926,18.0,134.0,90.0
image_5345.jpg,460,276,1.6666666666666667,33.9349086326402,107.46902961562697,73.64310806553245,29.0,102.0,59.0
image_8661.jpg,298,198,1.505050505050505,24.87182224933903,154.93030980950445,139.08521456172463,23.0,154.0,146.0
image_7552.jpg,281,338,0.8313609467455622,34.467539851333996,93.0464844490303,230.8097348859736,17.0,107.0,243.0
image_1123.jpg,236,314,0.7515923566878981,96.15794019216237,71.07408506963186,186.5230351937817,141.0,53.0,195.0
image_1645.jpg,200,150,1.3333333333333333,95.13926666666667,54.01593333333334,214.6163,145.0,7.0,249.0
image_8107.jpg,477,720,0.6625,117.30768693221523,130.81965991148382,174.85570405310972,153.0,135.0,210.0
image_3052.jpg,1024,684,1.4970760233918128,128.42079706917033,52.14100620202851,148.85353989629021,150.0,39.0,147.0
image_5423.jpg,242,181,1.3370165745856353,116.49134742705813,35.97463586137619,150.49968037989132,150.0,20.0,130.0
image_5437.jpg,401,600,0.6683333333333333,112.4467664172901,58.537103075644225,123.23103906899418,125.0,43.0,121.5
image_1651.jpg,380,253,1.5019762845849802,102.27852090701062,88.1827543166216,147.9429061784897,109.0,87.0,133.0
image_8113.jpg,178,160,1.1125,78.56566011235955,51.43581460674157,235.4875702247191,53.0,13.0,255.0
image_7220.jpg,480,360,1.3333333333333333,123.50653356481482,28.13829861111111,103.56666087962962,146.0,21.0,86.0
image_8675.jpg,236,236,1.0,85.09208919850617,124.8356973570813,111.41006535478311,59.0,118.0,93.0
image_6880.jpg,428,640,0.66875,33.57346670560748,94.34848495911216,78.70507447429907,26.0,89.0,57.0
image_1137.jpg,495,524,0.9446564885496184,48.531721798134015,77.43523401958517,203.96030148816408,22.0,74.0,214.0
image_6658.jpg,500,332,1.5060240963855422,32.95422289156627,56.809692771084336,195.0497530120482,31.0,28.0,219.0
image_5351.jpg,715,331,2.1601208459214503,37.922886780892824,11.190302748610906,212.25883844252425,35.0,10.0,246.0
image_8885.jpg,470,246,1.910569105691057,60.05348555613216,112.31897595571701,73.35275903822868,18.0,117.0,46.0
image_6670.jpg,350,350,1.0,173.17964081632653,57.024832653061225,194.71069387755102,232.0,58.0,202.0
image_9543.jpg,421,450,0.9355555555555556,16.09375032990235,78.62829770387965,73.55188704143573,14.0,75.0,52.0
image_5379.jpg,236,251,0.9402390438247012,148.68823013032616,35.205651968397596,234.85231953541765,155.0,14.0,236.0
image_2416.jpg,1000,667,1.4992503748125936,47.20650374812594,102.05490104947526,140.06944827586207,22.0,92.0,137.0
image_3708.jpg,375,500,0.75,40.67929066666667,30.875493333333335,149.856416,42.0,25.0,116.0
image_4067.jpg,340,270,1.2592592592592593,78.12653594771241,65.4825925925926,190.77358387799563,49.0,54.0,221.0
image_2370.jpg,521,720,0.7236111111111111,55.69821390488377,80.8490296438473,150.64140275111964,36.0,62.0,164.0
image_6116.jpg,700,420,1.6666666666666667,109.78144897959184,50.22092517006803,171.90586394557823,155.0,6.0,207.0
image_9225.jpg,320,320,1.0,80.21978515625,43.879462890625,124.101513671875,26.0,15.0,143.0
image_1679.jpg,289,332,0.8704819277108434,98.56162713136283,51.7023596114562,102.27744194772168,38.0,34.0,77.0
image_7208.jpg,1024,422,2.4265402843601898,21.501987836937204,157.0770049614929,216.96218250148104,21.0,155.0,232.0
image_6102.jpg,730,579,1.2607944732297063,63.49752525610997,61.84906664773937,86.5753353680176,18.0,39.0,90.0
image_9231.jpg,320,213,1.5023474178403755,59.6743838028169,97.81386443661972,162.61354166666666,40.0,47.0,172.0
image_4715.jpg,600,333,1.8018018018018018,0.0,0.0,202.84611611611612,0.0,0.0,255.0
image_2364.jpg,500,333,1.5015015015015014,113.19286486486486,114.508006006006,118.09023423423423,123.0,122.0,113.0
image_2402.jpg,400,600,0.6666666666666666,99.07825416666667,137.41228333333333,124.99965416666667,62.0,146.0,115.0
image_4073.jpg,769,600,1.2816666666666667,124.97043563068921,107.0092696142176,146.54682488079757,142.0,102.0,166.0
image_8649.jpg,236,314,0.7515923566878981,79.79925510093922,45.239163877793374,151.99990553816258,32.0,42.0,159.0
image_8891.jpg,284,213,1.3333333333333333,65.73775044634002,33.62290881438868,127.67518018911592,36.0,20.0,147.0
image_6664.jpg,236,177,1.3333333333333333,155.74329694532221,116.05024897060231,169.69625586517284,136.0,117.0,173.0
image_9557.jpg,236,177,1.3333333333333333,95.47242171789716,126.66041846212774,138.69343100641578,125.0,113.0,151.0
image_6923.jpg,300,300,1.0,85.25331111111112,85.6927,121.46783333333333,18.0,71.0,98.0
image_1094.jpg,183,275,0.6654545454545454,65.15203179334327,72.2199304520616,195.89162444113265,25.0,45.0,209.0
image_3683.jpg,1001,563,1.77797513321492,55.01231450609781,111.36503106130104,159.0566414047764,18.0,121.0,166.0
image_5594.jpg,600,600,1.0,96.85191111111111,27.977894444444445,93.31409166666667,106.0,10.0,60.0
image_439.jpg,600,490,1.2244897959183674,61.21241156462585,69.94435034013605,133.36609863945577,26.0,55.0,125.0
image_4852.jpg,250,250,1.0,46.657648,60.13144,145.784032,31.0,59.0,152.0
image_7383.jpg,480,720,0.6666666666666666,154.59370659722222,55.88105324074074,197.35161747685186,159.0,18.0,212.0
image_6089.jpg,645,430,1.5,69.19357490535424,99.8415431764918,108.99052460789616,50.0,100.0,102.0
image_7397.jpg,300,260,1.1538461538461537,131.53702564102565,146.35366666666667,150.32355128205128,135.0,146.0,139.0
image_5580.jpg,226,170,1.3294117647058823,65.19138469547111,11.586673607496095,173.18656949505467,70.0,4.0,196.0
image_4846.jpg,675,720,0.9375,22.614458847736625,11.030360082304528,244.25019341563785,0.0,0.0,255.0
image_2589.jpg,550,312,1.7628205128205128,139.05706293706294,72.44903263403263,116.73621794871795,158.0,34.0,105.0
image_3697.jpg,669,446,1.5,137.43924738750695,42.187345412133766,146.1676520072124,154.0,34.0,159.0
image_6937.jpg,220,147,1.4965986394557824,65.20312306740878,58.47012987012987,187.86586270871985,24.0,56.0,214.0
image_1080.jpg,616,308,2.0,125.41051399898802,97.06520914150784,196.89396926125823,143.0,70.0,225.0
image_3867.jpg,500,281,1.7793594306049823,134.02000711743773,96.01690391459074,132.6413024911032,157.0,100.0,125.0
image_8932.jpg,480,720,0.6666666666666666,101.80918113425926,111.86087673611111,201.30123263888888,54.0,96.0,223.0
image_1916.jpg,300,200,1.5,118.18798333333334,107.04138333333333,177.65548333333334,148.0,114.0,190.0
image_405.jpg,338,338,1.0,7.229622562235216,8.784286264486537,238.22976261335387,0.0,0.0,255.0
image_411.jpg,557,360,1.5472222222222223,82.39850887692,191.9896169958109,240.2772242170357,30.0,183.0,252.0
image_9386.jpg,235,176,1.3352272727272727,99.7818423597679,59.33000483558994,174.62263056092843,106.0,27.0,179.0
image_1902.jpg,1280,720,1.7777777777777777,83.09845269097222,111.75542426215277,144.78592556423612,56.0,103.0,121.0
image_8098.jpg,450,450,1.0,57.13977283950617,87.40089382716049,219.84306172839507,18.0,14.0,252.0
image_8926.jpg,479,720,0.6652777777777777,124.67922175829274,66.35004059382973,151.63355659939688,150.0,51.0,160.0
image_3873.jpg,580,580,1.0,118.01727705112961,58.3518757431629,137.99422711058264,100.0,37.0,159.0
image_377.jpg,500,677,0.7385524372230429,38.590109305760706,75.79416248153619,165.10966617429838,36.0,29.0,202.0
image_3640.jpg,450,357,1.2605042016806722,98.72429505135388,131.42409586056644,215.57748521630876,106.0,122.0,222.0
image_5231.jpg,1280,720,1.7777777777777777,47.030963541666665,87.29321831597223,121.96393446180555,29.0,51.0,152.0
image_3898.jpg,680,540,1.2592592592592593,50.19218137254902,53.30065904139433,151.68217864923747,30.0,46.0,151.0
image_6738.jpg,260,195,1.3333333333333333,87.98258382642997,91.86325443786983,128.3232741617357,31.0,69.0,123.0
image_1057.jpg,690,518,1.332046332046332,99.13242963460355,30.163561076604555,159.31332885680712,51.0,8.0,180.0
image_8715.jpg,320,240,1.3333333333333333,40.3148046875,33.63134114583333,168.34774739583332,28.0,10.0,192.0
image_7426.jpg,480,360,1.3333333333333333,45.50163773148148,48.07755787037037,93.99269675925926,28.0,34.0,113.0
image_24.jpg,236,290,0.8137931034482758,54.56791350087668,32.481618936294566,210.8457334891876,37.0,34.0,216.0
image_8073.jpg,80,80,1.0,0.0,0.0,214.609375,0.0,0.0,255.0
image_7340.jpg,1000,667,1.4992503748125936,92.73158470764618,70.83380209895053,194.56334182908546,27.0,19.0,204.0
image_1731.jpg,438,450,0.9733333333333334,108.38030948756976,149.2585134449518,231.87249112125824,135.0,154.0,234.0
image_5557.jpg,1080,720,1.5,100.0854732510288,95.86957818930041,125.63785108024692,94.0,85.0,127.0
image_4891.jpg,550,364,1.510989010989011,86.45791708291708,87.85984515484516,151.6191858141858,93.0,69.0,160.0
image_2238.jpg,556,720,0.7722222222222223,44.89228617106315,146.72395583533174,204.2687549960032,24.0,167.0,215.0
image_3126.jpg,200,133,1.5037593984962405,110.46804511278195,44.9943984962406,169.05296992481203,104.0,25.0,178.0
image_4649.jpg,724,720,1.0055555555555555,137.9130889349294,90.7121853898097,139.21415745856353,175.0,85.0,130.0
image_4885.jpg,396,240,1.65,58.113752104377106,44.53871001683502,157.9561026936027,24.0,31.0,150.0
image_8067.jpg,220,220,1.0,57.42355371900826,12.436301652892562,224.35714876033057,42.0,2.0,239.0
image_7354.jpg,236,303,0.7788778877887789,126.29908541701627,50.295896962577615,201.41575767746266,150.0,12.0,229.0
image_1725.jpg,236,140,1.6857142857142857,161.04473365617434,129.8754842615012,117.98976997578693,240.0,127.0,119.0
image_9379.jpg,531,720,0.7375,41.86445124503034,25.172598870056497,191.11297080979284,18.0,23.0,196.0
image_1043.jpg,500,333,1.5015015015015014,33.1473033033033,110.79532132132132,102.54715315315315,12.0,146.0,70.0
image_8701.jpg,551,720,0.7652777777777777,90.63301068763863,75.32022081064731,168.24863127646702,119.0,59.0,172.0
image_7432.jpg,320,213,1.5023474178403755,40.55905223004695,92.57422241784037,72.31791373239436,15.0,61.0,37.0
image_3654.jpg,170,268,0.6343283582089553,34.84185689201053,71.25726514486392,111.1224539069359,21.0,53.0,106.0
image_388.jpg,236,237,0.9957805907172996,160.471143531431,172.83673031538297,91.45237073589358,170.0,188.0,94.0
image_6704.jpg,1000,665,1.5037593984962405,96.02260451127819,67.90542556390977,179.7096977443609,106.0,49.0,213.0
image_9437.jpg,1280,720,1.7777777777777777,21.308301866319443,48.213857421875,231.44014322916667,19.0,9.0,249.0
image_8729.jpg,375,195,1.9230769230769231,137.79224615384615,71.69284102564103,162.2445264957265,142.0,42.0,165.0
image_2562.jpg,640,480,1.3333333333333333,106.42946614583333,34.348225911458336,165.32487955729167,104.0,24.0,169.0
image_2204.jpg,768,549,1.3989071038251366,112.68777274969642,99.56387086369156,54.3218754743473,16.0,99.0,43.0
image_4675.jpg,236,177,1.3333333333333333,20.39806568993584,128.67727185674616,180.15139327779374,19.0,123.0,183.0
image_18.jpg,340,270,1.2592592592592593,144.52315904139434,27.536753812636167,140.09744008714597,170.0,3.0,154.0
image_6062.jpg,450,450,1.0,146.84734814814814,120.46907654320988,239.36917037037037,147.0,126.0,241.0
image_9351.jpg,300,200,1.5,61.37768333333333,111.4991,175.95858333333334,19.0,107.0,187.0
image_7368.jpg,206,399,0.5162907268170426,28.241538311798916,101.01659488527143,89.36023310703945,0.0,60.0,1.0
image_1719.jpg,474,474,1.0,42.71233687621286,88.95261176093575,207.19588207018106,42.0,19.0,222.0
image_6076.jpg,500,333,1.5015015015015014,77.09909909909909,80.22548948948949,125.37950750750751,68.0,62.0,119.0
image_2210.jpg,750,500,1.5,87.76309333333333,66.82727733333333,167.888432,93.0,29.0,195.0
image_3668.jpg,236,354,0.6666666666666666,64.86309010820645,64.03756104567653,189.24290194388587,58.0,43.0,204.0
image_2576.jpg,750,516,1.4534883720930232,40.61164599483204,135.11366925064598,153.48952454780363,21.0,127.0,169.0
image_5219.jpg,224,225,0.9955555555555555,107.02746031746032,66.54646825396826,234.28730158730158,42.0,5.0,247.0
image_6710.jpg,960,720,1.3333333333333333,58.46894097222222,39.32854600694444,177.61586371527778,16.0,22.0,240.0
image_9423.jpg,360,240,1.5,75.20127314814815,68.0502662037037,189.28072916666667,61.0,47.0,199.0
image_7181.jpg,236,207,1.1400966183574879,91.20167035126505,96.49633587161222,154.95083108163433,99.0,69.0,162.0
image_5796.jpg,960,720,1.3333333333333333,41.79850694444445,139.68334490740742,141.8269068287037,13.0,182.0,142.0
image_4488.jpg,640,480,1.3333333333333333,21.792008463541666,96.442646484375,130.20766927083332,18.0,85.0,129.0
image_3481.jpg,220,220,1.0,46.049855371900826,77.73373966942148,159.08440082644628,24.0,68.0,177.0
image_1296.jpg,521,720,0.7236111111111111,70.92388035828534,74.73926210279377,157.6135183407976,38.0,62.0,171.0
image_9812.jpg,190,190,1.0,33.71277008310249,79.15412742382271,180.2446814404432,18.0,102.0,192.0
image_1282.jpg,474,632,0.75,34.22349516637291,103.73818298349623,112.72212652886823,18.0,96.0,115.0
image_9806.jpg,474,298,1.5906040268456376,64.64934301815195,71.36833460765158,144.57609095800413,12.0,24.0,144.0
image_3495.jpg,590,590,1.0,33.69791726515369,5.502022407354208,215.10139327779373,0.0,0.0,255.0
image_2953.jpg,800,650,1.2307692307692308,64.7237923076923,145.8143596153846,139.76748846153845,15.0,136.0,149.0
image_149.jpg,236,157,1.5031847133757963,95.97727518082695,49.194213537730754,136.7777447911044,99.0,39.0,146.0
image_5782.jpg,499,333,1.4984984984984986,33.28631437048271,186.6215674592428,77.26456516636877,19.0,219.0,41.0
image_7195.jpg,236,391,0.6035805626598465,35.99237071394512,116.9545710694005,178.36805886687762,27.0,106.0,183.0
image_607.jpg,1080,697,1.5494978479196557,55.69141293373718,125.830356288857,127.52225543333864,31.0,131.0,125.0
image_5972.jpg,375,450,0.8333333333333334,96.4176,58.402394074074074,183.78912592592593,16.0,28.0,198.0
image_9190.jpg,720,720,1.0,60.998150077160496,75.75398148148147,158.89339313271606,40.0,50.0,162.0
image_7803.jpg,450,450,1.0,73.47358024691358,45.61806419753086,222.6386913580247,0.0,0.0,255.0
image_161.jpg,800,534,1.4981273408239701,83.32816479400749,102.62199906367042,140.6552434456929,69.0,79.0,144.0
image_7817.jpg,236,314,0.7515923566878981,40.955791860088524,101.32946939436468,113.29918762819821,24.0,99.0,101.0
image_9184.jpg,800,600,1.3333333333333333,42.08927083333333,70.10859166666667,116.41632291666667,26.0,71.0,123.0
image_613.jpg,10,10,1.0,0.0,0.0,255.0,0.0,0.0,255.0
image_3324.jpg,1024,600,1.7066666666666668,3.7547639973958336,27.265133463541666,16.429222005208334,0.0,0.0,0.0
image_820.jpg,300,209,1.4354066985645932,53.82258373205742,35.618309409888354,227.70087719298246,11.0,2.0,254.0
image_5755.jpg,558,720,0.775,117.43055804460374,93.76059836718439,142.5735538630028,33.0,77.0,152.0
image_1533.jpg,450,300,1.5,92.79657777777778,42.29177037037037,155.50868888888888,18.0,16.0,166.0
image_7142.jpg,612,720,0.85,68.22761664851126,47.35959286492375,130.2490037218591,53.0,44.0,133.0
image_7624.jpg,494,720,0.6861111111111111,113.43765744489428,86.85824617633828,163.7385374493927,157.0,43.0,171.0
image_8517.jpg,627,376,1.6675531914893618,67.37900844955716,175.17929858495367,125.83139485561098,51.0,187.0,127.0
image_9609.jpg,718,574,1.2508710801393728,29.69406889054963,130.43120165383905,113.36836256345055,9.0,113.0,102.0
image_3442.jpg,450,450,1.0,40.78676049382716,93.2987950617284,191.68304197530864,35.0,74.0,225.0
image_2984.jpg,616,599,1.0283806343906512,42.591860351668366,100.05012141447868,175.3998276348026,31.0,83.0,192.0
image_5027.jpg,800,533,1.5009380863039399,145.38472091932456,108.14488273921201,142.02821998123827,196.0,116.0,150.0
image_3456.jpg,576,720,0.8,68.15753520447531,69.5748119212963,160.22573784722223,42.0,51.0,177.0
image_2990.jpg,194,259,0.749034749034749,40.909365919675196,63.82717032201568,168.73452613143334,21.0,49.0,191.0
image_8503.jpg,384,237,1.620253164556962,55.99363792194093,82.80839047116737,133.142174314346,47.0,76.0,140.0
image_1241.jpg,300,450,0.6666666666666666,80.87918518518518,88.43568148148148,143.94688888888888,62.0,56.0,154.0
image_6248.jpg,1200,676,1.7751479289940828,89.63109467455621,132.92869575936885,168.5763141025641,57.0,144.0,186.0
image_7156.jpg,960,720,1.3333333333333333,46.93121527777778,57.11365162037037,139.39553240740742,18.0,41.0,164.0
image_8265.jpg,365,400,0.9125,104.65925342465754,18.691513698630136,155.5352191780822,106.0,7.0,167.0
image_3330.jpg,540,720,0.75,48.65673096707819,136.29747170781894,133.93149176954734,16.0,118.0,141.0
image_834.jpg,80,80,1.0,0.0,0.0,214.609375,0.0,0.0,255.0
image_5741.jpg,1080,720,1.5,59.33770190329218,53.46461676954733,179.21976466049384,22.0,40.0,187.0
image_6260.jpg,200,200,1.0,34.13735,142.89045,129.952575,17.0,148.0,142.0
image_4477.jpg,450,300,1.5,25.784755555555556,172.07995555555556,214.81476296296296,25.0,181.0,224.0
image_3318.jpg,450,300,1.5,53.90315555555556,75.89141481481481,198.38206666666667,25.0,75.0,209.0
image_2006.jpg,280,240,1.1666666666666667,124.7725,60.74903273809524,172.0365476190476,159.0,33.0,174.0
image_5769.jpg,736,406,1.812807881773399,44.661989317841076,136.0066629631613,132.1623239719426,21.0,110.0,166.0
image_2760.jpg,236,236,1.0,40.41458991669061,95.26201163458776,92.62426386095949,20.0,92.0,87.0
image_4311.jpg,259,194,1.3350515463917525,54.430402420093145,50.61260597858536,105.52736536241692,30.0,41.0,106.0
image_7618.jpg,736,414,1.7777777777777777,56.699915327662254,89.49378741335853,174.61543333858432,18.0,86.0,183.0
image_1269.jpg,306,553,0.5533453887884268,33.81287451689536,63.418814783297286,129.34344455081612,20.0,15.0,131.0
image_9635.jpg,226,275,0.8218181818181818,168.14862429605793,70.84344328238133,182.75502815768303,201.0,62.0,207.0
image_6506.jpg,199,300,0.6633333333333333,38.55,73.3882244556114,183.88515912897822,24.0,67.0,211.0
image_2774.jpg,540,481,1.1226611226611227,118.65760375760375,94.73060368060368,101.58691383691384,130.0,75.0,76.0
image_4305.jpg,333,475,0.7010526315789474,77.82894262683736,27.392027817290977,139.3927106053422,45.0,15.0,153.0
image_4463.jpg,768,576,1.3333333333333333,48.682454427083336,82.20061351634838,161.34064172815394,21.0,75.0,171.0
image_808.jpg,236,177,1.3333333333333333,96.28066647515082,52.774944939193716,190.81375083788183,149.0,43.0,181.0
image_2012.jpg,324,235,1.3787234042553191,69.76494615182558,143.88536905700028,105.78128447596532,40.0,149.0,108.0
image_9147.jpg,960,720,1.3333333333333333,121.32021267361111,91.09883825231482,165.33200376157407,146.0,87.0,168.0
image_6274.jpg,450,252,1.7857142857142858,116.2226984126984,64.75862433862434,186.0655643738977,131.0,35.0,217.0
